current_progress,target_progress,delta_progress,past_study_pace,difficulty,daily_hours,minutes_needed
99.85779481180576,100.0,0.14220518819423944,68.10069717723476,3,1.4214813831995576,9.68427245824758
98.58511596346412,100.0,1.4148840365358808,165.81076804995078,1,1.121286631796814,234.603008799629
93.73079641347849,100.0,6.269203586521513,165.81076804995078,3,1.141559236733556,1039.5014617426382
94.04717148617311,100.0,5.952828513826887,1875.1948518657055,2,1.4125354942276223,11162.713383167556
99.64006917130328,100.0,0.35993082869671866,165.81076804995078,3,1.1702151995866874,59.68040715105818
96.66549804751448,100.0,3.3345019524855246,165.81076804995078,2,1.2331677536953198,552.8963298056854
98.85206098460318,100.0,1.1479390153968154,165.81076804995078,2,1.2239129599217125,190.34064981745024
93.94831148528212,100.0,6.051688514717881,165.81076804995078,3,1.410512773662197,1003.4351206244378
97.5860728638734,100.0,2.4139271361266026,224.7453105559472,2,1.4285714285714286,542.5188038682015
98.09334895006172,100.0,1.9066510499382758,224.7453105559472,3,1.1077516030411445,428.5108823402006
97.09390033303686,100.0,2.9060996669631436,224.7453105559472,2,1.1487131290818888,653.1322721581665
97.13316359945873,100.0,2.866836400541274,14748.73406752018,1,1.3787701787579711,42282.207686670015
97.60522960833254,100.0,2.394770391667464,224.7453105559472,3,1.4285714285714286,538.2134153854915
90.38707761875256,100.0,9.612922381247444,224.7453105559472,2,1.2379647012642334,2160.4592259236724
91.8270274748918,100.0,8.172972525108193,416.681176390893,1,1.4285714285714286,3405.5238063725287
99.86840956999409,100.0,0.13159043000591453,52.26742128850367,3,1.0007197754917645,6.877892442654489
90.74818703188996,100.0,9.251812968110045,224.7453105559472,2,1.1999690175487436,2079.3015787234317
99.66486446985247,100.0,0.3351355301475252,224.7453105559472,2,1.3729100379190662,75.32013880133755
86.98338858116124,100.0,13.016611418838764,324.78865760480335,3,1.0846480322319205,4227.647749287997
99.65993457585256,100.0,0.3400654241474399,324.78865760480335,2,1.3289068986188062,110.44939260665508
95.34566113176804,100.0,4.65433886823196,324.78865760480335,2,1.4245101358506225,1511.676473050918
95.46010564505907,100.0,4.539894354940927,5182.981661220824,2,1.412294794320879,23530.189185538766
93.055981424714,100.0,6.944018575285995,324.78865760480335,2,1.3994864899566184,2255.338471449957
98.27988140536485,100.0,1.720118594635153,324.78865760480335,1,1.1805125468203364,558.6750092726122
93.32119929805128,100.0,6.678800701948717,165.25529063478118,2,1.4285714285714286,1103.7071510923158
92.60239881061815,100.0,7.397601189381845,165.25529063478118,2,1.1927653472683104,1222.4927345514998
98.10257539745136,100.0,1.8974246025486394,97.25241755523862,3,1.2735844525005953,184.52912972664296
93.65185755955392,100.0,6.3481424404460824,165.25529063478118,2,1.3681531610257913,1049.0641239869065
97.6696882919502,100.0,2.3303117080498055,165.25529063478118,2,1.0184582969963063,385.09633858340396
97.64843675119126,100.0,2.351563248808745,165.25529063478118,3,1.4285714285714286,388.6082681279594
99.45197176930245,100.0,0.5480282306975539,165.25529063478118,1,1.222194634536337,90.56456453998918
93.8853703833384,100.0,6.1146296166616025,165.25529063478118,1,1.2631417287744302,1010.4748944254537
99.94291129750457,100.0,0.05708870249543452,99.05009450234826,2,1.4285714285714286,5.654641377189233
84.31194569586579,100.0,15.688054304134212,106.77693830644836,3,1.1275565064857112,1675.1224065807503
89.6431694651833,100.0,10.356830534816694,106.77693830644836,2,1.1816692642931592,1105.8706550664626
93.93145993149604,100.0,6.068540068503964,120.87381536366624,1,1.2341476905972741,733.5275917673586
90.03673662245713,100.0,9.963263377542873,106.77693830644836,3,1.4285714285714286,1063.8467589947916
90.1731575107626,100.0,9.826842489237393,106.77693830644836,2,1.0414045153347677,1049.2801542204866
92.26881972328913,100.0,7.731180276710873,106.77693830644836,1,0.947182655787936,825.5117594423872
97.0234099029573,100.0,2.9765900970427026,120.81756699211276,3,1.3677095656002396,359.6243734575161
94.53666744977237,100.0,5.4633325502276335,106.77693830644836,2,1.196147563173176,583.3579226632672
95.13589847233952,100.0,4.86410152766048,106.77693830644836,2,1.4026406763769343,519.3738687353043
87.69583353660934,100.0,12.304166463390658,555.7618234400255,2,1.2338802056514773,6838.185989603602
96.99094468696369,100.0,3.0090553130363134,45.613150297550085,2,1.0094745284132056,137.25249224716697
95.6275414786506,100.0,4.372458521349401,555.7618234400255,3,1.3560644662868786,2430.045520741021
96.63627776050248,100.0,3.3637222394975197,555.7618234400255,2,1.3348026556478882,1869.4284053689078
93.70529555368344,100.0,6.294704446316558,555.7618234400255,2,1.3691143394508987,3498.3564211009266
95.06080712559776,100.0,4.939192874402238,555.7618234400255,2,1.4285714285714286,2745.0148381997687
95.1585489389456,100.0,4.8414510610544,5201.987351633978,2,1.2105992303838633,25185.167183159887
99.33022866882034,100.0,0.6697713311796605,114.75618023690703,2,1.139823883267041,76.86039959836627
99.5632381746786,100.0,0.4367618253213976,2480.568541653418,2,1.3761810717576537,1083.4176440873841
98.52683662869974,100.0,1.4731633713002594,555.7618234400255,3,1.3559149381456421,818.7279614588875
93.26009314208058,100.0,6.739906857919422,182.20775812002356,2,1.2788983776940028,1228.06331851927
96.7156622915242,100.0,3.284337708475803,151.59552867968551,2,1.247259124045516,497.8909112790162
98.18270944091084,100.0,1.8172905590891588,151.59552867968551,3,1.4285714285714286,275.4931230697223
94.42008584340898,100.0,5.579914156591016,151.59552867968551,2,1.2037571422944886,845.8900365556766
99.66829454375564,100.0,0.3317054562443644,151.59552867968551,3,1.4285714285714286,50.28506400530072
94.12946514492256,100.0,5.870534855077437,151.59552867968551,2,1.3430893579273533,889.9468349879851
92.73653181323266,100.0,7.263468186767341,151.59552867968551,3,1.3313176203136494,1101.1092998210718
98.2471256239268,100.0,1.7528743760731942,151.59552867968551,3,1.4285714285714286,265.72791774988974
92.5009549902188,100.0,7.499045009781199,479.87902729564996,1,1.2879398639402098,3598.6344249400995
98.61882019701102,100.0,1.3811798029889815,479.87902729564996,2,1.258729044602218,662.7992203787499
99.18007384373246,100.0,0.8199261562675417,479.87902729564996,2,1.3056022012349864,393.465366323929
99.90539589885351,100.0,0.0946041011464871,479.87902729564996,3,1.3448284424930712,45.39852403635551
92.2939530747506,100.0,7.706046925249396,84.78577914658474,2,1.4285714285714286,653.3631926974138
93.14946498398103,100.0,6.850535016018966,633.1774737413327,3,1.2897401653384468,4337.60445521943
93.21598364923588,100.0,6.784016350764119,8175.71136057977,2,1.2948509695587045,55464.15954930113
92.30733306039366,100.0,7.69266693960634,84.78577914658474,1,1.0904459002263684,652.2287601896971
96.84273352898504,100.0,3.157266471014964,84.78577914658474,1,0.9155653868364414,267.69129771839175
92.62170116204383,100.0,7.378298837956166,84.78577914658474,2,1.4285714285714286,625.5748157524544
97.85906720960251,100.0,2.1409327903974855,77.02680809803755,3,0.9605180702011425,164.90921919674315
92.80399176959077,100.0,7.196008230409234,84.78577914658474,3,1.1364558294255667,610.1191645604835
90.21376552100342,100.0,9.786234478996576,67.83411705083421,2,1.034176748692026,663.8405751351632
96.25785312536152,100.0,3.742146874638479,67.83411705083421,2,1.198602442240088,253.84522911564
96.14492954805505,100.0,3.855070451944954,67.83411705083421,3,1.4285714285714286,261.50530027644635
92.58938880315428,100.0,7.410611196845721,67.83411705083421,2,1.4285714285714286,502.69226734505526
99.8754627983564,100.0,0.12453720164360504,67.83411705083421,3,1.0906482825439743,8.447871113475648
93.99054417149284,100.0,6.009455828507157,67.83411705083421,2,1.4285714285714286,407.64613008277234
93.15963092115769,100.0,6.840369078842315,67.83411705083421,1,1.2578649702244344,464.0103967650966
94.44664134100046,100.0,5.553358658999542,67.83411705083421,2,1.2566180356890049,376.7071812998386
92.21720251579151,100.0,7.782797484208487,67.83411705083421,2,0.9393942485324368,527.9391955267365
89.98589867786367,100.0,10.014101322136327,67.83411705083421,3,1.2101353318076722,679.2977212447092
98.45225812318894,100.0,1.5477418768110596,467.10916690714043,2,1.2496637854105301,722.964418664508
97.00843769268772,100.0,2.991562307312279,467.10916690714043,2,1.3201768768079067,1397.3861771194413
99.57559794484364,100.0,0.42440205515636364,467.10916690714043,1,1.2688473532869886,198.2420904177673
99.27713617965946,100.0,0.7228638203405353,467.10916690714043,2,1.4285714285714286,337.6563169065803
98.96411007927507,100.0,1.0358899207249266,467.10916690714043,3,0.9604298274952784,483.8736778773242
99.83526154624836,100.0,0.16473845375163876,197.1816089960237,1,1.097139641254185,32.48339337426517
99.82799973344594,100.0,0.17200026655406475,143.2491000666765,2,1.241541560421448,24.638883395098254
98.54808453148765,100.0,1.4519154685123539,143.2491000666765,2,1.3240944895262532,207.98558423728167
94.18616033757417,100.0,5.813839662425835,143.2491000666765,1,1.3066847159979356,832.8272995744512
94.92511821427316,100.0,5.074881785726845,143.2491000666765,2,1.319030875894786,726.9722487501388
91.93509134776704,100.0,8.064908652232958,143.2491000666765,2,1.2073250131798627,1155.2909065523243
95.77409450590685,100.0,4.225905494093155,143.2491000666765,2,1.2626651126211723,605.3571589956683
99.52449712117568,100.0,0.4755028788243152,143.2491000666765,2,1.2791471417261222,68.11535947069707
94.51337377569612,100.0,5.486626224303876,143.2491000666765,3,1.3612797051989314,785.9542690337574
97.87173042149546,100.0,2.1282695785045433,236.82586990960635,1,1.322181912487652,504.0292943314897
94.4888965398574,100.0,5.511103460142607,236.82586990960635,3,1.2663922392294726,1305.1718711101146
98.79086223451156,100.0,1.2091377654884354,106.2823236086776,2,1.0886259764587243,128.50997127911523
98.12334242943228,100.0,1.8766575705677155,236.82586990960635,2,1.2822817345599138,444.4410616721477
95.26934429975248,100.0,4.7306557002475245,236.82586990960635,2,1.4285714285714286,1120.3416514539579
98.04700819849928,100.0,1.9529918015007155,213.63095089424982,2,1.4128451903664525,417.21949564327184
95.52450204206929,100.0,4.475497957930713,236.82586990960635,2,1.2388721833552976,1059.913697165608
85.87992781908166,100.0,14.120072180918342,236.82586990960635,2,1.4285714285714286,3343.998377432419
91.09144978844448,100.0,8.908550211555522,126.7246589344586,1,1.0365931261953003,1128.9329871598725
97.42679942285284,100.0,2.573200577147162,126.7246589344586,1,1.300265185037427,326.0879655089261
96.03876681850213,100.0,3.9612331814978745,126.7246589344586,3,1.1974804843722506,501.9859238851785
95.94860279716944,100.0,4.051397202830557,126.7246589344586,3,1.0574108068737504,513.411928736722
95.52853500562333,100.0,4.471464994376674,126.7246589344586,2,1.3740697686366394,566.6448763497549
92.353153653939,100.0,7.646846346060997,72.95440274093558,3,1.1391114801792817,557.8711080285856
92.254145189539,100.0,7.745854810460997,137.87817221840243,3,1.3843195429114676,1067.9843035354822
92.8503867217184,100.0,7.149613278281606,790.0696822789411,3,1.121600852120192,5648.692691189247
96.33983250022386,100.0,3.6601674997761364,137.87817221840243,2,1.4285714285714286,504.6572048823336
86.87451480571477,100.0,13.125485194285233,137.87817221840243,1,1.2914194853163843,1809.7179080677506
94.54657052005948,100.0,5.4534294799405245,78.2058971336925,2,1.4285714285714286,426.49034493407487
98.24691265899052,100.0,1.7530873410094756,148.25745497118143,2,1.3061983524774645,259.9082675202605
98.95815782029251,100.0,1.041842179707487,137.87817221840243,2,1.2150312934618737,143.64729547810467
99.835008499035,100.0,0.1649915009650016,137.87817221840243,1,1.0786221114716386,22.7487265846252
93.93480919439732,100.0,6.065190805602683,153.14675099080966,3,1.2153648465242117,928.8642660173823
97.76499013448792,100.0,2.235009865512083,153.14675099080966,2,1.0403151291702486,342.284499335582
94.21979460324437,100.0,5.780205396755633,153.14675099080966,2,1.4285714285714286,885.2196765726692
97.36020313922556,100.0,2.639796860774439,153.14675099080966,1,1.30179295928689,404.27631250334406
92.98670580766968,100.0,7.013294192330321,282.8577644089814,3,1.1714230622289077,1983.7647163850472
96.29558704337671,100.0,3.704412956623287,180.25481307488354,2,1.4200994491175263,667.7382650483072
98.33224001907747,100.0,1.6677599809225256,259.6385793050178,3,1.259032583686387,433.01483206848815
99.02516820228506,100.0,0.9748317977149412,282.8577644089814,2,1.222422282695931,275.73874297643664
95.87747843286502,100.0,4.1225215671349815,282.8577644089814,2,1.1118399425210135,1166.0872342076113
97.68956812092162,100.0,2.3104318790783793,305.35793652704155,3,1.317466590349749,705.508711081669
98.13870428507532,100.0,1.8612957149246796,1276.2166998490304,2,1.3647501742835406,2375.4166747443164
96.02457351920536,100.0,3.9754264807946385,282.8577644089814,2,1.1500822390391767,1124.4802469298359
98.46872759674432,100.0,1.5312724032556844,282.8577644089814,2,1.213464756534009,433.1322886860711
99.0878587976496,100.0,0.9121412023503979,133.1992303439396,2,1.1954888958335241,121.49650611806867
90.65711467693184,100.0,9.34288532306816,133.1992303439396,1,1.3347238584179908,1244.4651342243683
94.48362331700544,100.0,5.5163766829945615,133.86381869237783,2,1.2195977590943556,738.4432481312446
95.9113022777576,100.0,4.088697722242401,362.29134439884734,2,1.2315136430020226,1481.2997946317043
91.56113559951976,100.0,8.438864400480242,133.1992303439396,3,1.4285714285714286,1124.0502431208395
98.3046361550363,100.0,1.695363844963694,133.1992303439396,2,1.3272646857395294,225.8211593021062
97.402800185259,100.0,2.5971998147410034,133.1992303439396,3,1.3023104405823642,345.94501637292416
99.002870496063,100.0,0.9971295039370034,357.69375085838476,3,1.3627027407348196,356.6669923547873
85.87168875253728,100.0,14.128311247462719,133.1992303439396,2,1.1519276607443434,1881.8801842216594
99.5912134537761,100.0,0.40878654622389377,37.174479476307916,2,1.2143242605497673,15.196427072790936
98.50008116521369,100.0,1.499918834786314,150.7444697329519,2,1.2579003862690457,226.10446939232997
94.55042176112408,100.0,5.449578238875915,150.7444697329519,3,1.361914407319652,821.4937818875837
93.34333101942217,100.0,6.656668980577834,150.7444697329519,3,1.2325325022449145,1003.456035664995
95.7516385877691,100.0,4.248361412230906,211.04502771837892,3,1.2101460417051406,896.595552001963
99.16899056305108,100.0,0.8310094369489178,150.7444697329519,3,1.124256610760868,125.27007691594355
91.22859115307526,100.0,8.771408846924743,150.7444697329519,2,1.2933296315141085,1322.2413754405934
99.71959368278064,100.0,0.2804063172193594,150.7444697329519,2,1.314912718800425,42.26970159900223
93.6967977051754,100.0,6.303202294824601,258.23719409787157,2,1.4285714285714286,1627.72127444677
95.63679421291454,100.0,4.363205787085462,309.27890725908406,3,1.4285714285714286,1349.4475179763035
91.7395056898928,100.0,8.260494310107205,258.23719409787157,1,1.4285714285714286,2133.166872503518
97.97253334880952,100.0,2.0274666511904798,78.54477320640187,1,1.1656470091877242,159.24690830129933
96.30320608955722,100.0,3.6967939104427785,258.23719409787157,2,1.2114321302274969,954.6496865908414
97.79746050990612,100.0,2.2025394900938835,351.67707353590754,1,1.2511786230152218,774.5826422234869
96.23758343322864,100.0,3.762416566771364,258.23719409787157,1,1.1576225389549701,971.5958972303843
95.69136016859808,100.0,4.308639831401919,258.23719409787157,2,1.372634581353456,1112.651060439558
97.0530527814341,100.0,2.946947218565896,378.23660014610095,1,1.226290438864663,1114.643296760373
97.12502076991512,100.0,2.8749792300848753,258.23719409787157,1,1.4285714285714286,742.4265694667773
97.27751034728485,100.0,2.7224896527151543,54.96460424870047,2,1.1717408930946662,149.64056633267043
94.88279060597176,100.0,5.117209394028237,54.96460424870047,1,1.3382314057442446,281.2653892004944
87.29365168641773,100.0,12.706348313582268,54.96460424870047,3,1.4285714285714286,698.3994065021919
95.64117244190535,100.0,4.358827558094646,71.8776290080576,2,1.4285714285714286,313.30219013082456
95.2509337210287,100.0,4.7490662789712985,54.96460424870047,2,1.2006995087646108,261.03054857450593
87.93888913201197,100.0,12.061110867988035,54.96460424870047,2,1.1209499270577201,662.9341856586625
92.13372940571752,100.0,7.866270594282483,54.96460424870047,2,1.2370131603791314,432.3664501279265
97.999345762987,100.0,2.000654237012995,66.66392389666792,1,1.4063261754424878,133.37146179978052
98.7563010307284,100.0,1.2436989692716054,739.2120445881397,3,1.3322629788782747,919.3572579274254
96.57332802956566,100.0,3.4266719704343416,462.0150403206962,2,1.3850574963643285,1583.1739885860218
96.40924042482558,100.0,3.590759575174417,462.0150403206962,3,1.2056274804503844,1658.984929906134
97.2185465255216,100.0,2.781453474478397,678.8551615047691,2,1.3080991040352177,1888.2040476350332
98.62159576294052,100.0,1.3784042370594847,462.0150403206962,2,1.4285714285714286,636.8434891632563
98.85865568472538,100.0,1.1413443152746225,2446.198519648439,2,1.38070388032882,2791.954774433943
97.03470192655529,100.0,2.965298073444714,462.0150403206962,1,1.2921746727142835,1370.0123089654423
98.68210865749369,100.0,1.3178913425063143,207.04274742908305,2,1.3542399627871375,272.85984436551
98.26895713680396,100.0,1.7310428631960377,207.04274742908305,1,1.4285714285714286,358.39987031361403
94.28059109872152,100.0,5.719408901278484,207.04274742908305,1,1.4135210267962675,1184.1621325910505
92.02800313837967,100.0,7.971996861620326,207.04274742908305,3,1.3013439427171511,1650.5441327259
93.51028810571177,100.0,6.489711894288234,227.0793116474024,2,1.2054596435957123,1473.6793097449322
96.76718066355738,100.0,3.232819336442617,182.31959105428618,3,1.413798379176574,589.4062993726068
93.57926544232942,100.0,6.420734557670585,227.0793116474024,2,1.0931361268656905,1458.015983626525
99.03783218041028,100.0,0.9621678195897232,109.91896385807489,2,1.4285714285714286,105.7604897868855
98.44451765171048,100.0,1.555482348289516,227.0793116474024,2,1.4285714285714286,353.2178609292683
84.67291930014788,100.0,15.327080699852118,227.0793116474024,2,1.0963151755208218,3480.4629348866056
98.03505856506028,100.0,1.9649414349397176,42.49785012374044,2,1.3520528376495107,83.5057866039956
92.24070499985136,100.0,7.75929500014864,227.0793116474024,2,1.317193118467649,1761.9753675028842
94.33490863341736,100.0,5.665091366582644,271.83903224051863,2,1.355443545388472,1539.992954645943
95.49300862508406,100.0,4.506991374915941,471.3411851590765,2,1.2996671966783337,2124.330656154615
95.74324416342604,100.0,4.256755836573959,2254.7082593656387,3,1.343352702586845,9597.742542826194
99.517852528993,100.0,0.4821474710069964,227.0793116474024,1,1.264989057756624,109.48571582880464
90.87417147448744,100.0,9.12582852551256,156.11298500258633,2,1.0747250103525856,1424.6603317395168
96.58156753613687,100.0,3.4184324638631267,97.78574931644276,1,1.3288142869859623,334.2739799665095
98.44742654038636,100.0,1.5525734596136402,308.1445478029541,2,1.3689387598298293,478.4170466435132
91.86541972838576,100.0,8.13458027161424,150.9519161798057,3,1.4285714285714286,1227.9304793186138
95.1068725437416,100.0,4.893127456258398,150.9519161798057,1,1.1650083659152148,738.6269656342236
96.9090610269946,100.0,3.090938973005393,324.69463896524854,3,1.3932403307551506,1003.6113139036022
94.47125254214151,100.0,5.528747457858486,150.9519161798057,3,1.0176116099024661,834.575022837968
97.69953323521284,100.0,2.30046676478716,150.9519161798057,1,1.4285714285714286,347.25986625258014
94.80030880535598,100.0,5.199691194644018,150.9519161798057,1,1.0444024231475342,784.9033493747775
99.8996000449124,100.0,0.10039995508759603,102.12833652017557,2,1.2399574564947655,10.25368039979652
93.26779148128038,100.0,6.732208518719617,150.9519161798057,2,1.2714328885975854,1016.2397760227374
97.95700736016856,100.0,2.0429926398314393,117.7000195400912,2,1.3140971442210583,240.46027362842293
97.84744167645032,100.0,2.152558323549684,115.16060228192293,2,1.2695599520162522,247.88991298694793
93.5281328511829,100.0,6.471867148817097,115.16060228192293,3,1.1513628157448916,745.3041187463682
94.63084820416596,100.0,5.369151795834043,514.1110480934635,2,1.349805109216361,2760.3402571291417
99.34638404544586,100.0,0.6536159545541409,124.23229992710174,1,1.3948139594068638,81.20021330330893
94.1223633569488,100.0,5.877636643051204,115.16060228192293,2,0.9989347341792844,676.8721758080763
93.56318838774192,100.0,6.436811612258083,115.16060228192293,3,1.4285714285714286,741.2671020429162
95.27562196587954,100.0,4.724378034120463,115.16060228192293,3,1.4285714285714286,544.0622198167995
95.20107176854776,100.0,4.798928231452237,115.16060228192293,2,1.4285714285714286,552.6474654417628
97.63835831745428,100.0,2.3616416825457236,115.16060228192293,2,1.4285714285714286,271.96807853605935
97.97329688410808,100.0,2.0267031158919195,1335.8623086480695,2,1.0653138259653,2707.3963033396158
96.24738160673095,100.0,3.752618393269046,115.16060228192293,1,1.4250969064911645,432.15379430308525
93.68998093630968,100.0,6.310019063690319,190.72139946981338,1,1.2326750410551066,1203.455666508219
91.0491090098711,100.0,8.950890990128897,190.72139946981338,3,1.3562948455679316,1707.1264561391267
95.88331213833038,100.0,4.116687861669618,190.72139946981338,1,1.357783322340431,785.140470158023
92.38501811326792,100.0,7.614981886732082,190.72139946981338,2,1.4285714285714286,1452.3400023748225
95.98087366257876,100.0,4.019126337421241,118.67776109674381,3,1.0160668709988392,476.980915290109
97.42138754176771,100.0,2.5786124582322856,353.05187210001435,1,1.2108955281755112,910.3839557993285
94.58193180541424,100.0,5.418068194585757,190.72139946981338,3,1.372229461804473,1033.3415484942807
96.82223225734856,100.0,3.17776774265144,212.7815657483849,1,1.134987233117615,676.170395866084
98.10795127522942,100.0,1.892048724770575,190.72139946981338,2,1.4285714285714286,360.8541806533198
95.32792108840874,100.0,4.672078911591257,172.24661726942713,2,1.2056055847171627,804.7497881374209
97.33502795115626,100.0,2.6649720488437367,172.24661726942713,2,1.3278971343744097,459.0324205309082
89.0922613480746,100.0,10.9077386519254,172.24661726942713,2,1.4066974434121307,1878.8210848531312
97.49473745948292,100.0,2.50526254051708,172.24661726942713,2,1.4208385205263065,431.5229979758782
96.23320269422916,100.0,3.7667973057708366,172.24661726942713,3,1.219099431793584,648.8180938586186
99.80346921252352,100.0,0.19653078747647612,168.05468077118252,2,1.4285714285714286,33.02791875106831
96.84225366106028,100.0,3.1577463389397167,172.24661726942713,2,1.3867408835785848,543.911125077284
99.18310543539948,100.0,0.816894564600517,47.83398947233642,2,1.0924987586513253,39.07532600310997
96.77684246994846,100.0,3.2231575300515374,81.65200833844074,1,1.235117320637757,263.1772855198762
87.42017988368382,100.0,12.579820116316185,81.65200833844074,3,1.3572616558577444,1027.1675770335337
93.8644554165658,100.0,6.135544583434196,78.23066168296636,2,1.200333188106449,479.9877125473974
87.58302993959381,100.0,12.416970060406186,81.65200833844074,3,1.1487176794950789,1013.8705429104549
91.4145959889235,100.0,8.585404011076506,144.36868192022925,2,1.3170431910286335,1239.4634608317645
97.62285072856562,100.0,2.3771492714343765,81.65200833844074,1,1.2611222466130751,194.09901213287804
96.54338636788292,100.0,3.456613632117083,81.65200833844074,3,1.363683816218908,282.239445112392
89.15991092008016,100.0,10.840089079919835,81.65200833844074,3,1.293694848549214,885.1150439430547
97.16367594626924,100.0,2.8363240537307632,74.96471948348604,1,1.4285714285714286,212.62423705219064
93.81431401022904,100.0,6.18568598977096,81.65200833844074,3,0.9975230288396555,505.07368401575445
93.8346854803074,100.0,6.1653145196926005,125.2956917727495,3,1.0526664127975611,772.4873477414612
99.10018123474646,100.0,0.8998187652535421,113.94938444194396,2,1.4285714285714286,102.5337944099512
99.7759880019697,100.0,0.22401199803030636,820.6273310022192,2,1.3204416753800998,183.8303680560847
95.78788496790888,100.0,4.21211503209112,125.2956917727495,2,1.3808956674347892,527.7598667722539
99.767559237612,100.0,0.23244076238799494,125.2956917727495,1,0.9952856091899933,29.123826119589122
98.32587281675252,100.0,1.674127183247478,125.2956917727495,3,1.3533439165303527,209.76092354055734
94.45000705259322,100.0,5.549992947406778,125.2956917727495,3,1.3801575051049952,695.3902056792133
96.08367538043072,100.0,3.9163246195692807,125.2956917727495,2,1.4285714285714286,490.6986024155831
89.48478939823308,100.0,10.515210601766924,125.2956917727495,2,1.2613916790291564,1317.5105864845364
95.268691470287,100.0,4.731308529713004,125.2956917727495,3,1.2257950353344926,592.8125752207012
95.05991780128738,100.0,4.9400821987126164,190.78976958453725,3,1.2520042978505572,942.5171444210542
95.15247035140032,100.0,4.847529648599675,4949.529308804405,1,1.090694189020457,23992.99007104241
99.26484120098648,100.0,0.7351587990135187,124.1124824792418,3,1.2152298928985872,91.24238356202578
94.77554145667602,100.0,5.224458543323976,190.78976958453725,2,1.3102156497421207,996.7732416847485
92.18699994285012,100.0,7.813000057149878,190.78976958453725,2,1.4285714285714286,1490.6404806676017
94.57020620188972,100.0,5.429793798110282,251.76167514841657,2,1.4285714285714286,1367.0139823227278
99.00875088696594,100.0,0.9912491130340584,129.81786402065794,1,1.3719104532781885,128.68184256645318
93.34315003789914,100.0,6.656849962100864,190.78976958453725,2,1.3477860922987577,1270.0588704280594
96.2165568476854,100.0,3.7834431523146037,190.78976958453725,2,1.2741362907540366,721.8422472662985
95.19327337330265,100.0,4.806726626697355,110.72393252997952,3,0.9422072105928014,532.219674704494
93.79028504004144,100.0,6.209714959958561,110.72393252997952,3,1.288837963168889,687.5640602568561
98.63043118297882,100.0,1.3695688170211753,110.72393252997952,3,0.9893590927119555,151.64404529101648
94.28816661536202,100.0,5.711833384637984,110.72393252997952,2,1.391506480839205,632.4366543031407
98.1057215452102,100.0,1.8942784547897986,110.72393252997952,2,1.2980614555839345,209.74195982113952
88.46991792746468,100.0,11.530082072535322,141.01471857323065,3,1.255516538597433,1625.9112785848204
85.111740497752,100.0,14.888259502248005,141.01471857323065,3,1.2594077406166855,2099.4637237547295
99.29784651031662,100.0,0.7021534896833828,33.294284301358545,3,1.1245624921703294,23.37769790870957
90.34364542924668,100.0,9.656354570753322,141.01471857323065,1,1.3514363344923492,1361.6881222381091
93.62159272700384,100.0,6.3784072729961565,183.04138093084396,3,1.4285714285714286,1167.512475388555
98.01371324184748,100.0,1.9862867581525165,136.60827337779918,3,1.4285714285714286,271.3432044644015
95.38425532447444,100.0,4.615744675525562,141.01471857323065,3,1.2277141908702156,650.887936425125
98.738884200185,100.0,1.261115799815002,145.4211637686621,3,1.1615096074233051,183.3929272561447
93.9756667828028,100.0,6.024333217197196,141.01471857323065,1,1.4245795665342456,849.5196532144278
93.38006073840576,100.0,6.61993926159424,141.01471857323065,1,1.402252166427142,933.5088719455921
97.81915631704064,100.0,2.180843682959363,1055.453461759536,2,1.4285714285714286,2301.7790147358755
95.30264962392776,100.0,4.697350376072237,325.481027875897,2,1.33379119741014,1528.898428697223
96.32621961001946,100.0,3.6737803899805357,398.5319979443,1,0.9712509323641545,1464.1190388275324
92.36671884963592,100.0,7.633281150364084,325.481027875897,2,1.2791055403905225,2484.4881948862117
99.32447606980168,100.0,0.6755239301983238,67.9047512305734,3,1.1249161265668615,45.8712844304164
96.32897545129984,100.0,3.67102454870016,325.481027875897,3,1.4285714285714286,1194.848843468579
96.51214625318444,100.0,3.48785374681556,325.481027875897,2,1.149420792270773,1135.230222594327
88.6355871285777,100.0,11.364412871422303,171.19074214677386,1,1.344711509360721,1945.4822735211333
87.5731041775268,100.0,12.426895822473199,171.19074214677386,1,1.3469060072372463,2127.369518429831
90.9525152610862,100.0,9.047484738913795,172.27515035548836,2,1.3861632203171435,1558.6567937353605
97.58840039575205,100.0,2.4115996042479537,74.28251478940797,2,1.1736434182300663,179.13968326867902
94.77460133292983,100.0,5.225398667070166,171.19074214677386,2,1.1086339591313943,894.5398758285047
98.90596968311324,100.0,1.0940303168867587,130.89672878929076,2,1.2875776249109931,143.20498967678787
99.64970374207276,100.0,0.3502962579272406,171.19074214677386,1,1.3527111540212096,59.967476365802035
91.35476402913608,100.0,8.645235970863922,171.19074214677386,1,1.39582411520502,1479.9843618861798
94.77319708242275,100.0,5.2268029175772455,170.10633393805935,2,1.3845169393030556,889.1122825258178
98.01482612790726,100.0,1.9851738720927443,171.19074214677386,3,1.2523278554702202,339.8433884539416
97.28776664853063,100.0,2.712233351469365,171.19074214677386,3,1.4285714285714286,464.30924031327237
97.89716708752024,100.0,2.102832912479755,96.04394739823466,2,1.2206485165933987,201.9643736334822
95.18537725758648,100.0,4.814622742413519,177.63348307942945,2,1.4219139333197115,855.238207448348
95.49037724856218,100.0,4.509622751437817,1660.4171733335452,3,1.2057791021015043,7487.855061743025
90.77592412837036,100.0,9.224075871629637,177.63348307942945,3,1.4285714285714286,1638.5047252664965
97.65987383005051,100.0,2.3401261699494853,177.63348307942945,1,1.3501554589293667,415.68476241345195
92.84208529398374,100.0,7.157914706016257,177.63348307942945,2,1.228585715698669,1271.485320815138
92.98618571485076,100.0,7.0138142851492375,3975.908949702699,2,1.3641194118597804,27886.28698787749
92.11908852725024,100.0,7.880911472749759,177.63348307942945,2,1.4081053459243513,1399.9137547451758
92.70825774627808,100.0,7.291742253721921,878.8737685362775,1,1.2328699329346933,6408.520993723793
85.56483503007912,100.0,14.435164969920876,177.63348307942945,3,1.3146114868030314,2564.1686324332127
96.6222584301198,100.0,3.3777415698802002,46.02157106698613,2,1.211619040054113,155.44897370415492
93.43973114249704,100.0,6.560268857502962,207.82097292195218,3,1.3398333760984968,1363.3614565958492
93.24026575820108,100.0,6.759734241798924,207.82097292195218,3,1.4285714285714286,1404.814546824487
95.86748307338428,100.0,4.132516926615722,228.37851917787034,1,1.4285714285714286,943.7780961779824
97.34222159885648,100.0,2.657778401143517,406.8517839851527,2,1.4285714285714286,1081.3218839424467
99.47291835132737,100.0,0.5270816486726346,207.82097292195218,2,1.0542939811908159,109.5386210364535
88.69012290625818,100.0,11.309877093741818,207.82097292195218,1,1.37537303037035,2350.4296612491257
91.360492546702,100.0,8.639507453297995,194.69657416675807,2,1.2378852875079285,1682.0825036452923
97.92345256230875,100.0,2.0765474376912465,84.18447609061911,3,1.3154746440893703,174.81305811935513
91.42488900948234,100.0,8.575110990517658,207.82097292195218,1,1.4259332678998746,1782.0879089631046
97.41292454378808,100.0,2.5870754562119203,207.82097292195218,1,1.4285714285714286,537.6485383324646
99.32924027940444,100.0,0.6707597205955551,207.82097292195218,2,1.3090094776979397,139.39793773102505
95.54545573801929,100.0,4.454544261980715,206.54247610915218,1,0.9780384894583626,920.0526018073127
97.19274557856,100.0,2.807254421440007,206.54247610915218,2,1.1109801693700825,579.8172792725844
96.10543435257767,100.0,3.8945656474223256,206.54247610915218,1,1.0806634405727027,804.3932321882504
98.2799568628589,100.0,1.7200431371411042,275.92264378187775,3,1.4285714285714286,474.5988498188484
97.44793338181223,100.0,2.552066618187766,206.54247610915218,1,1.0049205869319278,527.1101585160114
97.51389280293095,100.0,2.486107197069046,206.54247610915218,2,1.4095982018325341,513.4867363554247
99.8194038982919,100.0,0.18059610170810458,206.54247610915218,2,1.3234649662296198,37.30076602245221
95.8167839571246,100.0,4.183216042875401,206.54247610915218,1,1.1831336023402481,864.0117995950146
87.7118736183863,100.0,12.288126381613694,156.03442165743957,2,1.4118903679012829,1917.3706932086181
94.26101539746716,100.0,5.738984602532838,156.03442165743957,3,1.2041165751308305,895.4791433571621
94.57421142053391,100.0,5.4257885794660865,1915.733137748437,2,1.4285714285714286,10394.3629801002
89.86309940849861,100.0,10.136900591501387,156.03442165743957,3,1.154568705480148,1581.705421193876
91.5400310562525,100.0,8.459968943747498,347.46290821437753,2,1.3873132076316537,2939.5254125978213
90.6414886184508,100.0,9.358511381549206,156.03442165743957,1,0.8981982051699374,1460.2499109945961
97.2066718253109,100.0,2.793328174689094,156.03442165743957,1,1.2137372494446172,435.8553462370441
97.87586128131755,100.0,2.1241387186824454,877.7797068769935,2,1.3985736298540257,1864.5258618511496
97.2318095640176,100.0,2.7681904359824046,156.03442165743957,3,1.1336793268666823,431.93299371616996
89.55408180066144,100.0,10.445918199338564,156.03442165743957,3,1.2305253606504036,1629.9228049147155
91.61702897781272,100.0,8.382971022187277,104.97897354868364,2,1.1398481431133063,880.0356931975797
95.58489252539565,100.0,4.415107474604355,122.92931266710532,3,1.1613493777648354,542.7461272045125
93.10571740062412,100.0,6.8942825993758845,104.97897354868364,3,0.9889828780323037,723.7547106370308
91.99753901878144,100.0,8.002460981218562,104.97897354868364,3,1.3024043105960263,840.0901396717163
96.59435228625593,100.0,3.4056477137440737,104.97897354868364,1,1.2529884241540414,357.521401257274
83.57376558315309,100.0,16.42623441684691,68.35995880062178,2,1.1740218751395228,1122.8967079850104
92.84684466123733,100.0,7.153155338762673,50.58525612539219,1,1.1168597148473973,361.84419491602637
94.77483363009937,100.0,5.225166369900634,68.35995880062178,2,1.4285714285714286,357.19215777280186
98.98048159178296,100.0,1.0195184082170385,134.65576829415704,3,1.348368470131572,137.28403454850135
92.46546658504325,100.0,7.534533414956755,68.35995880062178,1,1.2954786348075902,515.060393828352
91.33798651035754,100.0,8.662013489642462,68.35995880062178,1,1.1498638024150754,592.1348852823888
98.88521810635068,100.0,1.1147818936493223,68.35995880062178,2,1.1212821843631808,76.20644432154681
97.59770441075152,100.0,2.4022955892484816,68.35995880062178,3,1.0652212938306076,164.22082750794164
95.56716007977384,100.0,4.432839920226158,121.25673450726097,2,1.0616936695114212,537.5116933200511
98.4554331812264,100.0,1.5445668187736032,121.25673450726097,2,1.4285714285714286,187.28912867275548
93.62935867097534,100.0,6.370641329024664,121.25673450726097,1,1.107098059577241,772.4831642745279
90.99416618982713,100.0,9.005833810172874,106.378220986043,2,1.3883789468936782,958.0245792221476
94.43924860832144,100.0,5.560751391678565,106.378220986043,3,1.2730651122024266,591.5428403924285
93.17485678243148,100.0,6.825143217568524,106.378220986043,2,1.1561567321825628,726.046593459897
97.04543146369812,100.0,2.9545685363018777,106.378220986043,3,1.2698152989135276,314.30174467313077
92.9571962509598,100.0,7.042803749040203,106.378220986043,2,1.4285714285714286,749.2009335767309
88.66130348467189,100.0,11.33869651532811,106.378220986043,3,1.1573143128223091,1206.1903636012494
91.80995104445824,100.0,8.190048955541755,140.99887720474223,3,1.0570375491507797,1154.7877069832593
95.00772742747829,100.0,4.992272572521713,256.8291175472605,1,1.347478959171477,1282.1609593561438
98.42368700730135,100.0,1.5763129926986466,155.60618682543168,2,1.2655820108715983,245.28405403722093
97.50629807046484,100.0,2.4937019295351632,256.8291175472605,2,1.0954831262555091,640.4552659884168
99.63146456244527,100.0,0.3685354375547263,256.8291175472605,2,1.2995348447055783,94.65063121207389
98.64262668944453,100.0,1.3573733105554737,256.8291175472605,1,1.1897541729631318,348.6129895321659
96.38305520612266,100.0,3.6169447938773374,256.8291175472605,2,1.395575950777468,928.9367396286747
98.67603417699524,100.0,1.3239658230047553,256.8291175472605,1,1.0612257145230999,340.03297398504384
99.60630886552256,100.0,0.39369113447743587,544.6707865678095,3,1.206412967438807,214.43205988059825
98.56126307724898,100.0,1.4387369227510192,110.22574693216892,1,1.3347037681887632,158.5858519491213
97.59714516773768,100.0,2.402854832262321,110.22574693216892,3,1.3142153323484125,264.8564686556858
97.65065028677884,100.0,2.3493497132211587,110.22574693216892,2,1.2234586100537663,258.95882694467906
92.46422418007242,100.0,7.535775819927579,110.22574693216892,2,1.032398941744422,830.6365184648951
88.61086493555187,100.0,11.389135064448126,110.22574693216892,2,1.329960968448,1255.3759193901506
95.0173284165091,100.0,4.982671583490898,64.89030499828834,3,0.989803260094549,323.3270787590287
94.5566256822988,100.0,5.443374317701199,110.22574693216892,3,1.1822424951131905,600.0
93.88292682522612,100.0,6.1170731747738785,110.22574693216892,3,1.126495383570277,674.2589597281847
99.39667170488627,100.0,0.6033282951137267,97.771247849832,2,1.283537421928559,58.988160276380746
93.33663748728098,100.0,6.663362512719019,80.9867837938506,3,1.4285714285714286,539.6442991576242
99.95507918823456,100.0,0.0449208117654365,80.9867837938506,2,1.2762054930650777,3.637992070291666
99.73179013463562,100.0,0.2682098653643834,80.9867837938506,2,1.4285714285714286,21.7214543776431
98.0353195231103,100.0,1.964680476889697,80.9867837938506,1,1.1503672792770463,159.1131530058652
92.46873971726728,100.0,7.531260282732717,80.9867837938506,3,1.0963572902863306,609.9325482128887
88.10813539444575,100.0,11.891864605554247,80.9867837938506,3,1.132362750756758,963.0838677157662
98.20722678879648,100.0,1.7927732112035244,59.4112852900441,1,1.4285714285714286,106.51096071116108
98.74439136413024,100.0,1.2556086358697627,80.9867837938506,2,1.3202574387936783,101.68770512287617
99.14957961620613,100.0,0.8504203837938746,89.21445295811802,1,1.295609983025125,75.8697893246033
99.95987128015555,100.0,0.04012871984444644,602.3749757467733,1,1.1621414795698795,24.172536643047483
93.42512686191311,100.0,6.574873138086886,89.21445295811802,2,1.397481824327452,586.5737102834463
98.18266894605988,100.0,1.8173310539401228,89.21445295811802,1,1.1506112017830754,162.13219582106814
96.09478320093496,100.0,3.9052167990650446,89.21445295811802,2,1.3342906584579626,348.40178041144065
95.79895207159912,100.0,4.201047928400882,89.21445295811802,2,1.4285714285714286,374.7941927831197
88.77881977779039,100.0,11.221180222209611,89.21445295811802,3,1.4038490657807423,1001.0914550688836
92.94806285122851,100.0,7.051937148771486,89.21445295811802,2,1.1244870467004235,629.1347150226786
99.8701713053359,100.0,0.12982869466409852,579.5381175521188,2,1.277951931464471,75.24067730988047
82.90703938148451,100.0,17.09296061851549,579.5381175521188,2,1.232084650502291,9906.022220246969
94.47411300815654,100.0,5.525886991843464,579.5381175521188,1,1.033510186067756,3202.462145058702
99.51637913492408,100.0,0.4836208650759204,579.5381175521188,2,1.0955986768768573,280.2767257550261
92.91849182975976,100.0,7.081508170240241,179.38214953970694,2,1.2390503481159125,1270.2961575606914
97.3971190828032,100.0,2.6028809171967993,179.38214953970694,2,1.273012487013791,466.9103739226458
98.49016713444202,100.0,1.509832865557982,160.8575090347869,1,1.240263071197439,242.86795381251127
98.27290738136448,100.0,1.727092618635524,160.8575090347869,3,1.2729051540657665,277.81581650607757
99.1277658257818,100.0,0.8722341742182067,660.5701175880172,3,1.34450938845204,576.1718310276078
94.61023042978138,100.0,5.389769570218618,160.8575090347869,1,1.1742651598017468,866.9849073368608
97.19787466198112,100.0,2.8021253380188824,160.8575090347869,2,1.275306044451278,450.7429018769776
95.81809112028267,100.0,4.1819088797173265,160.8575090347869,2,1.2165504098732556,672.6914454017854
98.8913923280586,100.0,1.1086076719413995,160.8575090347869,1,1.0268586660625636,178.32786860534773
91.84567788080378,100.0,8.154322119196223,160.8575090347869,3,1.4285714285714286,1311.683943961169
94.47390662915228,100.0,5.526093370847718,77.73963870709844,2,1.4179538225305528,429.59650211139336
96.51285897199008,100.0,3.4871410280099155,275.4077639829821,1,1.3370078704971953,960.3857132175284
92.13035003565716,100.0,7.869649964342841,77.73963870709844,1,1.2804444352758708,611.7837449793426
86.39009076055511,100.0,13.609909239444889,77.73963870709844,3,1.4026808529784023,1058.0294271108464
94.06667468811249,100.0,5.933325311887515,62.417105242910246,2,1.1408336831247188,370.34099043250626
90.73515873314668,100.0,9.264841266853324,77.73963870709844,3,1.389738964221031,720.2454127637935
90.92156012259365,100.0,9.078439877406353,77.73963870709844,2,1.127311954101922,705.7546360936849
94.16741732688294,100.0,5.832582673117059,77.73963870709844,2,1.0629377458391107,453.4228697374026
94.88330873065414,100.0,5.116691269345864,52.22468992353963,3,1.3211799709272114,267.21761497607014
92.88069742316372,100.0,7.119302576836276,52.22468992353963,3,1.4162967377462905,371.8033695471312
87.14358320068465,100.0,12.856416799315355,52.22468992353963,1,1.4285714285714286,671.4223808720302
98.5159961941862,100.0,1.4840038058137992,52.22468992353963,2,1.1048298543410249,77.50163860397838
89.87178936506001,100.0,10.12821063493999,52.22468992353963,2,1.268808339446597,528.9426598900374
99.8095197668954,100.0,0.19048023310459428,1574.7936540864468,3,1.2565558390723655,299.9670623220222
92.77685395172313,100.0,7.223146048276874,1574.7936540864468,3,1.1809995829839477,11374.964559366017
97.17770544118,100.0,2.822294558820005,1574.7936540864468,2,1.2735592620498541,4444.531561192452
95.90876634942236,100.0,4.091233650577635,97.07474242000922,3,1.4285714285714286,397.15545280989795
93.44360150055,100.0,6.5563984994499975,97.07474242000922,2,1.4285714285714286,636.4606955370434
93.16767878872515,100.0,6.832321211274845,97.07474242000922,3,1.123833072018277,663.245821715271
90.33040846424194,100.0,9.669591535758059,97.07474242000922,3,1.1756536001231601,938.6731076404149
94.69262855280516,100.0,5.307371447194839,97.07474242000922,3,1.380513981222966,515.2117161637506
98.49188158071732,100.0,1.508118419282681,97.07474242000922,2,0.9857754796313845,146.40020709073772
99.99340361984456,100.0,0.006596380155443171,96.23717924105938,3,1.0229192788825567,0.6348170193615515
94.16790813001028,100.0,5.832091869989725,96.23717924105938,2,1.3756229476326989,561.2640706425263
99.36703928130645,100.0,0.6329607186935533,96.23717924105938,2,1.1835339258121174,60.91435413746125
96.20547697195208,100.0,3.7945230280479194,96.23717924105938,2,1.3239250555568656,365.174192784575
93.31812882769307,100.0,6.681871172306927,96.23717924105938,2,1.3904096546365283,643.0444336749694
99.60449973078116,100.0,0.39550026921884296,83.15981315252253,3,1.2446986421625224,32.889728490011336
97.16325763317457,100.0,2.8367423668254332,96.23717924105938,3,1.2620663729074748,273.00008361688623
95.4170231849588,100.0,4.5829768150412065,96.23717924105938,2,1.353144490208983,441.05276120674
89.41344871896538,100.0,10.586551281034616,240.5775453183109,3,1.3991083061570186,2546.886520577728
95.15920461558768,100.0,4.840795384412317,91.90370358142626,2,1.2572767780343044,444.88702410736596
96.61629920847768,100.0,3.3837007915223154,411.77834502148545,1,1.4285714285714286,1393.3347119809494
95.82695843634184,100.0,4.17304156365816,208.95613387953787,1,1.1552202029096823,871.9826316606304
93.89673052732856,100.0,6.1032694726714425,208.95613387953787,2,1.4285714285714286,1275.3155930344305
92.1395360041674,100.0,7.860463995832603,208.95613387953787,2,1.3293072622678532,1642.4921670684846
99.11957168809867,100.0,0.8804283119013263,76.13871177322834,2,1.2653593454897434,67.03467747684506
97.13755851325097,100.0,2.8624414867490344,208.95613387953787,1,1.1741922285920037,598.1247065274747
99.26251338945886,100.0,0.73748661054114,208.95613387953787,1,1.2755849482103758,154.10235092660105
97.65668584197977,100.0,2.3433141580202346,208.95613387953787,1,1.1731319637280468,489.6498669250927
97.79044284541992,100.0,2.2095571545800823,3886.546724963197,2,1.2377448658600356,8587.54712275222
99.1720274785864,100.0,0.8279725214135993,169.1632720963781,2,1.4285714285714286,140.06254092821297
96.60809009353116,100.0,3.3919099064688396,169.1632720963781,1,1.2581311322847697,573.7865784343887
95.4352390062292,100.0,4.564760993770804,169.1632720963781,2,1.4194579625053219,772.1899060441839
94.2336275193583,100.0,5.7663724806417065,169.1632720963781,2,1.334603654203478,975.4584369518598
93.91065905896788,100.0,6.08934094103212,169.1632720963781,3,1.1255861466045485,1030.0928384954316
98.956570460528,100.0,1.043429539472001,113.35385378284226,1,1.3618416743181485,118.27675945000765
99.38363881446944,100.0,0.6163611855305646,1165.8961360432054,3,1.1855174849682206,718.6131246170945
95.9711156325582,100.0,4.028884367441805,169.1632720963781,1,1.1458210952850902,681.5392624944022
99.3581146051567,100.0,0.6418853948432997,177.14797224744362,2,1.4285714285714286,113.70869611174024
90.7749242276271,100.0,9.225075772372904,543.8706151492338,3,1.1002622094953234,5017.247635118744
85.50675164054473,100.0,14.493248359455265,282.43709042548795,2,1.1652430983878639,4093.4308974585215
93.862889717024,100.0,6.137110282975996,67.54620589536046,3,1.3438700547712619,414.53851477643053
92.53894794578964,100.0,7.461052054210356,282.43709042548795,2,1.2733975574275067,2107.277833704283
98.87541920666315,100.0,1.1245807933368468,94.68992682171299,2,1.4285714285714286,106.48647302616996
98.90889888003412,100.0,1.0911011199658844,282.43709042548795,2,1.231799862278074,308.16742568315567
98.75232247676098,100.0,1.2476775232390196,282.43709042548795,2,1.2808312387385015,352.3904094529078
94.70027888149276,100.0,5.299721118507236,177.88393455724741,1,1.167132786410109,942.7352446162032
99.582204952771,100.0,0.4177950472290064,91.1251564961868,2,1.0592054220191502,38.071639062074965
99.06951439893037,100.0,0.9304856010696341,177.88393455724741,2,1.181100064323273,165.5184397671318
96.74737948884552,100.0,3.2526205111544755,177.88393455724741,3,1.0800580560242548,578.5889341457633
97.31087700106158,100.0,2.6891229989384158,177.88393455724741,3,1.2594722905176297,478.35177955955004
93.34668706203436,100.0,6.653312937965637,177.88393455724741,1,1.1833036756125037,1183.517483245967
87.76418172577729,100.0,12.235818274222709,116.79780980854275,3,1.4285714285714286,1429.1167756445557
95.59271194957267,100.0,4.407288050427326,60.02650192765739,2,1.1188554394508992,264.55408465471726
89.26906365443217,100.0,10.730936345567827,116.79780980854275,2,1.4285714285714286,1253.3498623572098
88.34571063082316,100.0,11.654289369176837,116.79780980854275,2,0.9861715027388611,1361.1954731948379
92.73089031138328,100.0,7.269109688616723,116.79780980854275,2,1.0586898164983813,849.0160908884915
91.81840395111765,100.0,8.181596048882355,116.79780980854275,3,1.0474264080474707,955.5924992476862
95.69561125621738,100.0,4.304388743782624,115.69774223056957,3,1.0680574556188334,498.00805933832726
99.48699162939111,100.0,0.5130083706088868,116.79780980854275,1,1.4275183004256327,59.918254100567175
95.24044758855835,100.0,4.759552411441646,116.79780980854275,3,1.3226982165303867,555.9052973253524
99.3545318293325,100.0,0.645468170667499,116.79780980854275,3,1.3455020798795796,75.38926863509056
89.22140023537638,100.0,10.778599764623621,187.92513314170208,1,1.4285714285714286,2025.5697958480127
94.33104841587884,100.0,5.66895158412116,115.8390772459198,3,1.4092784054302336,656.6861204563904
91.6415314084274,100.0,8.358468591572603,187.92513314170208,3,1.3148491225022851,1570.7663229320165
92.95730007228622,100.0,7.042699927713784,418.13253358765905,1,1.3099182977012782,2944.781964072588
95.16880994727975,100.0,4.831190052720245,255.0073727410036,3,1.34274124526878,1231.9890825566604
98.05560040563152,100.0,1.9443995943684769,187.92513314170208,2,1.3215644315302917,365.4015526523675
99.929062816447,100.0,0.07093718355299927,187.92513314170208,2,1.1272206349362544,13.330879663894747
94.51641736393516,100.0,5.483582636064838,187.92513314170208,2,1.2377834525667049,1030.5029969760103
91.81965127889131,100.0,8.180348721108686,180.52253516896067,3,1.1773574780609788,1476.7372897007053
99.7421937833326,100.0,0.25780621666740444,180.52253516896067,3,1.1327619419728314,46.53983181511821
97.18498116284856,100.0,2.8150188371514417,180.52253516896067,1,1.1816585266797557,508.17433703095793
97.06250777639694,100.0,2.9374922236030585,180.52253516896067,3,1.3130643879939075,530.2835432439316
94.67217260697592,100.0,5.32782739302408,180.52253516896067,1,1.323122951327182,961.7929079313416
96.39653247439298,100.0,3.603467525607016,249.34823863707422,2,1.2968527284833284,898.5182804960056
97.29283947081046,100.0,2.7071605291895366,545.0220070202008,3,1.1631119954611964,1475.4620649447502
95.05789057965688,100.0,4.942109420343115,156.00799008089376,3,1.3033455905001374,771.0085574275804
95.87975881347688,100.0,4.120241186523117,156.00799008089376,2,1.3094208375446166,642.7905461579884
87.7029596114946,100.0,12.297040388505394,156.00799008089376,2,1.1636250511778476,1918.4365549542995
96.12844995214962,100.0,3.871550047850377,64.27006893933044,2,1.289302012003716,248.8247884774118
96.8412545372332,100.0,3.1587454627668023,156.00799008089376,2,1.1406047904394057,492.7895308233915
96.1924898598814,100.0,3.8075101401185947,156.00799008089376,2,1.288433453745154,594.0020041725242
90.80327536753904,100.0,9.196724632460956,179.19224123055406,2,1.3690531758959164,1647.9816988709224
97.41635707210776,100.0,2.5836429278922424,88.5850372268076,2,1.3948097356741422,228.87210494811248
91.35160399000485,100.0,8.648396009995153,179.19224123055406,2,1.201900773034018,1549.7254640804126
96.01769635273712,100.0,3.9823036472628814,179.19224123055406,2,1.2636156669807779,713.5979158136455
98.11363925183898,100.0,1.8863607481610245,263.8207165467555,3,1.3165551368622281,497.66104424551526
96.48434021759924,100.0,3.5156597824007605,179.19224123055406,1,1.3594518604180672,629.9789558125143
85.81289373022172,100.0,14.187106269778283,179.19224123055406,2,1.2761414226106829,2542.219369057616
96.97699242775008,100.0,3.0230075722499237,179.19224123055406,3,1.2937017249980765,541.6995021283999
99.10191557998192,100.0,0.8980844200180798,261.0529721865879,2,1.3207559632338481,234.4476071201877
97.84387194893402,100.0,2.156128051065977,179.19224123055406,3,1.3026370783913173,386.36141785057896
85.48843924474818,100.0,14.511560755251821,179.19224123055406,3,1.2268681093734355,2600.3590954869255
99.30874455343736,100.0,0.6912554465626357,67.51708677883714,2,1.3541209811189394,46.6715539719133
96.42311311975708,100.0,3.576886880242924,67.51708677883714,3,1.0103596532094152,241.50098189144555
93.97002595040304,100.0,6.029974049596959,67.51708677883714,2,1.008079549669869,407.12628118077384
97.8552700816638,100.0,2.1447299183361963,127.46015481031462,2,1.1790805201103882,273.367607417445
97.66211027347732,100.0,2.3378897265226755,67.51708677883714,2,1.3375708147760983,157.8475035449833
93.06730977311136,100.0,6.932690226888639,67.51708677883714,2,1.3731673740883692,468.07504765963637
89.87995425913829,100.0,10.120045740861713,67.51708677883714,2,1.1628820756017293,683.2760064915615
98.49690017784468,100.0,1.5030998221553205,49.559177803922246,3,1.0167827497903623,74.49239134323943
85.21530012728827,100.0,14.784699872711727,67.51708677883714,2,1.2843242617845223,998.2198643049401
92.13491441575997,100.0,7.865085584240035,67.51708677883714,2,1.112362377121011,531.0276659141155
90.71931856197538,100.0,9.280681438024615,67.51708677883714,1,1.3723074102193373,626.604574017851
94.04803183512566,100.0,5.951968164874344,138.84625896470425,3,1.4120632053402482,826.4085131698188
95.667999402759,100.0,4.332000597241006,350.45716785120214,3,1.3517362994370965,1518.1806604387991
94.6674810512968,100.0,5.332518948703196,138.84625896470425,2,1.4122466219831222,740.4003068858365
92.59937263410718,100.0,7.400627365892817,138.84625896470425,3,1.418698197541691,1027.5494237460312
96.16295944952012,100.0,3.837040550479884,131.48416924466187,3,1.115607742751904,504.5100891379276
99.20872411676304,100.0,0.7912758832369633,138.84625896470425,2,1.2334732878753634,109.86569619644449
96.01665288433443,100.0,3.983347115665566,138.84625896470425,2,1.2323894488578067,553.0728451680089
96.7165739462914,100.0,3.2834260537085953,138.84625896470425,1,1.2424388191706248,455.8914241446805
98.2996065493686,100.0,1.7003934506313954,138.84625896470425,2,1.2419935049907973,236.09326938825376
89.01694977491114,100.0,10.98305022508886,480.2679590397763,3,1.2108169129059578,5274.807115634782
96.11233900591458,100.0,3.8876609940854223,480.2679590397763,2,1.1035991978181605,1867.1190110679536
96.98178713785768,100.0,3.0182128621423203,586.7823876390199,3,1.2147067875949025,1771.0341496506708
95.03715465516323,100.0,4.962845344836765,480.2679590397763,2,1.2789937931002169,2383.495604794808
97.58415783018911,100.0,2.4158421698108867,216.77415865964474,3,1.314582072308759,523.6921538152455
98.1607511724836,100.0,1.8392488275163998,879.0121351911686,3,1.206744154636403,1616.7220390230439
99.21637674151216,100.0,0.783623258487836,540.5839148727117,2,1.3587004827266547,423.6141288586653
98.8338443476898,100.0,1.166155652310195,480.2679590397763,2,1.4285714285714286,560.0671950577164
97.25409714369329,100.0,2.7459028563067136,480.2679590397763,1,1.3606549547210878,1318.7691605199175
96.06544567791128,100.0,3.934554322088715,149.67754777302713,3,1.2831531473928859,588.914442510004
91.57744553601287,100.0,8.422554463987126,105.45060382306329,2,1.1328113501925945,888.1634539600796
86.8126630485934,100.0,13.187336951406607,105.45060382306329,2,1.17800430210137,1390.6126443440214
95.30065520304989,100.0,4.699344796950115,105.45060382306329,3,1.4285714285714286,495.5487464111603
98.77918770508867,100.0,1.220812294911326,565.5920962736054,1,1.238989509876602,690.4817850354879
97.39079258548308,100.0,2.6092074145169164,715.3831911884304,3,1.2011681604706734,1866.5831266696252
97.83151399176909,100.0,2.1684860082309143,1297.29779030246,2,1.361302158366246,2813.172106779767
98.77511496261398,100.0,1.2248850373860165,595.8578731058558,2,1.3386953989244321,729.8573931760185
98.28330935034724,100.0,1.7166906496527616,715.3831911884304,2,1.094354582347852,1228.0916352319323
99.28135838437689,100.0,0.7186416156231132,715.3831911884304,1,1.2751450312091044,514.1041323052721
99.62336934166042,100.0,0.37663065833957887,715.3831911884304,1,1.2331782852121829,269.43524226236735
95.09592644580223,100.0,4.904073554197765,117.61141136206402,2,1.2743748371399555,576.7750121325728
95.26665864085658,100.0,4.733341359143424,2733.604461339625,1,1.1112245002258463,12939.083056397827
95.64579206092088,100.0,4.354207939079117,117.61141136206402,1,1.2857817192555836,512.1045410789991
93.91437241977754,100.0,6.085627580222464,117.61141136206402,2,1.3435394082533623,715.7392487338665
86.21598135912421,100.0,13.784018640875786,117.61141136206402,2,1.032653921222308,1621.1578865944007
90.85358265169734,100.0,9.146417348302663,110.30633798491543,1,1.217992418137742,1008.9078033729675
96.48655280239686,100.0,3.513447197603142,94.22914449491584,3,1.2637856149186022,331.06912365820364
98.40561730640522,100.0,1.5943826935947811,117.61141136206402,2,1.274524164438549,187.51759884493148
97.5273787258943,100.0,2.4726212741057054,117.61141136206402,3,1.0953131458823573,290.80847781143694
89.07997409268222,100.0,10.920025907317779,117.61141136206402,3,1.2937879363548128,1284.3196590699476
99.40579181663946,100.0,0.5942081833605357,50.921316627336424,1,1.2519148422804505,30.25786304745622
99.14845937498478,100.0,0.8515406250152182,117.61141136206402,2,1.1165398723008841,100.15089474017392
97.85934959770456,100.0,2.140650402295435,117.61141136206402,2,1.2456738981318314,251.76491504673626
98.85105229137096,100.0,1.1489477086290378,119.46123045707864,2,1.4285714285714286,137.25470700366594
87.04654129780555,100.0,12.953458702194453,70.21410005217483,2,1.2425214905240356,909.515445337596
99.35269520611176,100.0,0.6473047938882388,41.00279305633289,2,1.201396861956338,26.54130450817167
88.52291347778328,100.0,11.477086522216723,70.21410005217483,2,1.4285714285714286,805.8533013783922
97.13956172696236,100.0,2.8604382730376443,70.21410005217483,3,1.2032368548988095,200.84309909613535
93.6711690994467,100.0,6.328830900553299,70.21410005217483,2,1.2679216457590825,444.3731660647451
90.76730550699908,100.0,9.23269449300092,70.21410005217483,3,1.2717693030145065,648.2653348827301
98.61228376778377,100.0,1.3877162322162349,70.21410005217483,3,1.3114954488330295,97.43724637285779
96.82712357086824,100.0,3.1728764291317617,70.21410005217483,1,1.0783443459214446,222.78066304824472
93.599477427436,100.0,6.400522572564,70.21410005217483,1,1.406933992477427,449.4069322962121
98.20176797850172,100.0,1.7982320214982792,130.36986547080608,2,1.4285714285714286,234.4352667280263
86.72532569347804,100.0,13.274674306521959,70.21410005217483,2,1.347163282045053,932.0693099181673
97.81429666456408,100.0,2.1857033354359174,54.10781591587453,2,1.4285714285714286,118.26363372047959
89.05736754663761,100.0,10.942632453362393,73.92437359304614,3,1.3332599712775994,808.9272495737525
96.81267502546996,100.0,3.1873249745300427,69.9106311367199,1,1.2909010488202226,222.82790060722496
90.26805768184364,100.0,9.731942318156356,73.92437359304614,2,1.2407937442431958,719.427739713366
92.99203422719113,100.0,7.007965772808873,73.92437359304614,2,1.3883709318928623,518.0594799164035
96.20319385495664,100.0,3.7968061450433623,73.92437359304614,2,1.4285714285714286,280.67651592655886
92.32596762047862,100.0,7.674032379521378,73.92437359304614,2,1.1780417650197506,567.2980365888712
89.64383948544383,100.0,10.356160514556166,73.92437359304614,1,0.9885445753368755,765.5726788676029
92.0162200057548,100.0,7.983779994245197,252.9105237811313,2,1.4285714285714286,2019.18198009787
92.28622018543754,100.0,7.713779814562457,73.92437359304614,2,1.164800242031759,570.2363408262132
97.27078529096228,100.0,2.72921470903772,113.36316002315726,3,1.2590045100760083,309.3924037981976
91.4161052871825,100.0,8.583894712817496,113.36316002315726,3,1.0380613959397924,973.0974299510634
96.1741520629005,100.0,3.825847937099496,113.36316002315726,3,1.4285714285714286,433.7102119176763
90.13214394683014,100.0,9.86785605316986,249.0938252155178,3,1.0930788929955562,2458.0220109601823
97.65931757679576,100.0,2.3406824232042425,66.62969733476504,2,1.1941269065496043,155.9589614149031
96.81188877603206,100.0,3.188111223967937,249.0938252155178,2,1.1666940680958622,794.1388199906997
88.14050022271367,100.0,11.85949977728633,249.0938252155178,3,1.4285714285714286,2954.1281646668335
99.12537509651015,100.0,0.8746249034898455,249.0938252155178,2,1.2234404380780675,217.86366283903868
99.52766133819924,100.0,0.47233866180076234,1491.4753173779302,3,1.4285714285714286,704.4814555191589
97.66351349225128,100.0,2.3364865077487167,249.0938252155178,3,1.2797628538026664,582.0043617795744
95.97705392441196,100.0,4.022946075588038,249.0938252155178,3,1.1179796610741266,1002.09102660398
98.97375081532536,100.0,1.02624918467464,249.0938252155178,3,1.3070476913956859,255.63233503491242
98.02396304500786,100.0,1.9760369549921393,221.4046428590534,2,1.272952019218422,437.503756296326
96.81795713478569,100.0,3.1820428652143136,221.4046428590534,3,1.1584856573068376,704.5190641349741
99.56929664401775,100.0,0.43070335598224574,218.07559480998668,2,1.4285714285714286,93.92589054248567
96.08918748077592,100.0,3.9108125192240806,221.4046428590534,3,1.2506703591160284,865.8720491075225
99.76911490860373,100.0,0.23088509139627433,167.8800877403277,2,1.1667338178350664,38.761009401540115
99.80185306844383,100.0,0.1981469315561668,17910.747064773223,2,1.396106905386387,3548.959572763435
89.78361633368522,100.0,10.216383666314783,167.8800877403277,2,1.3186371258039475,1715.1273862897765
99.93026455234282,100.0,0.06973544765718032,45.67290882932,3,1.1033974738426926,3.185020743018214
89.42325836527878,100.0,10.576741634721216,167.8800877403277,3,1.2833024314406973,1775.6243136437747
93.17352881774944,100.0,6.8264711822505575,167.8800877403277,2,1.254172978601135,1146.0285810330422
94.54597831877184,100.0,5.454021681228156,167.8800877403277,2,1.4285714285714286,915.6216383822324
97.45551780097964,100.0,2.544482199020365,167.8800877403277,2,1.1629851037071226,427.1678948252408
94.38543826509306,100.0,5.6145617349069425,158.7188464845538,1,1.060116903404132,891.1367620807451
87.35272958487535,100.0,12.647270415124652,158.7188464845538,3,1.3700466606345254,2007.3601714668087
98.76421142028865,100.0,1.235788579711354,158.7188464845538,2,1.2704487570301275,196.14293787057116
95.46255635038295,100.0,4.537443649617046,158.7188464845538,3,1.2643722551996537,720.1778220558815
94.1499839823028,100.0,5.8500160176972,158.7188464845538,2,1.2333380173330095,928.5077942450628
96.5647008388259,100.0,3.4352991611741004,158.7188464845538,3,0.9342234539862565,545.2467201909085
99.59388436423733,100.0,0.4061156357626743,198.07317548332023,1,1.4285714285714286,80.44061358894034
90.35767890873667,100.0,9.642321091263327,197.42292629011192,3,1.1957185668777586,1903.6152460660712
89.97735130719639,100.0,10.022648692803614,123.57717335609843,3,1.367929818250955,1238.5705949978656
97.95040427739268,100.0,2.0495957226073216,123.57717335609843,2,1.4285714285714286,253.2832459225628
97.72211978876572,100.0,2.277880211234276,123.57717335609843,2,1.3312610062256471,281.49399774812423
93.290659187234,100.0,6.709340812766001,123.57717335609843,1,1.3385018737594891,829.1213727243305
94.80585511139168,100.0,5.194144888608321,395.0117173302533,2,1.4250479621269658,2051.74809251133
94.86276972157442,100.0,5.137230278425577,10542.10857411639,2,1.4285714285714286,54157.2393654006
95.70307216525124,100.0,4.296927834748757,123.57717335609843,2,1.4285714285714286,531.0021959333918
90.3471538798424,100.0,9.652846120157605,123.57717335609843,2,1.0269085932688018,1192.8714383704585
99.76436959715724,100.0,0.2356304028427587,123.57717335609843,3,1.4062214701745888,29.1185391400669
98.5814560870994,100.0,1.4185439129006028,213.48490097114782,2,1.1680900681980657,302.8377067688097
97.77375428089988,100.0,2.2262457191001204,213.48490097114782,2,1.4285714285714286,475.269846879531
97.28522164991782,100.0,2.7147783500821845,213.48490097114782,1,1.2399598242912826,579.5641872259113
98.86856354068576,100.0,1.1314364593142443,213.48490097114782,1,1.4018461572699918,241.54460047184756
91.7773760740872,100.0,8.2226239259128,213.48490097114782,2,1.2196243890581584,1755.4060545464847
91.89325749824025,100.0,8.106742501759754,4067.6406008060117,2,1.1222952042003533,32975.314940437675
99.56845257216447,100.0,0.43154742783552535,75.4345491316285,3,1.378511618806596,32.553585647686845
98.18818390999766,100.0,1.8118160900023383,96.4292809301113,2,1.4047372134322582,174.7121227365313
91.06695994970052,100.0,8.933040050299482,96.4292809301113,3,1.4285714285714286,861.4066285702644
98.01101770612236,100.0,1.9889822938776405,64.72874932455564,3,1.0701908900253942,128.74433631138544
95.07847241152628,100.0,4.921527588473722,96.4292809301113,2,1.2150717180264317,474.5793664342258
91.20276011767052,100.0,8.797239882329478,96.4292809301113,3,1.135727055425885,848.3115160227286
93.10333190968409,100.0,6.896668090315913,289.9778907084463,1,1.3121995223525371,1999.881265746057
93.99254293901264,100.0,6.007457060987363,96.4292809301113,3,1.2964840670334783,579.2947646095313
96.07345072301295,100.0,3.9265492769870463,155.79338841271556,2,1.4285714285714286,611.7304166313104
92.61272915464258,100.0,7.3872708453574205,155.79338841271556,3,1.285297835512172,1150.8879561206982
99.45268405591038,100.0,0.5473159440896183,155.79338841271556,3,1.4285714285714286,85.268205462026
93.73777164590366,100.0,6.262228354096337,155.79338841271556,2,1.2491726745051415,975.613774298851
99.51782432749692,100.0,0.48217567250307525,87.31747344946677,2,1.201665706098902,42.10236148176606
97.8014236394556,100.0,2.1985763605443935,155.79338841271556,2,1.2597458238885562,342.52366089330724
96.0752372402539,100.0,3.924762759746102,155.79338841271556,2,1.4285714285714286,611.4520890568859
93.31107982500616,100.0,6.688920174993839,716.5221949760794,1,1.3899174197643338,4792.759765806367
94.06788521656256,100.0,5.9321147834374415,792.8061912535773,3,1.4285714285714286,4703.017327536078
97.64127628582636,100.0,2.3587237141736352,167.81394859448116,2,1.42777348858432,395.8267401189181
98.42624910703626,100.0,1.5737508929637443,640.2381986985816,3,1.1965942501875342,1007.575436911392
99.84776815287763,100.0,0.1522318471223656,716.5221949760794,1,1.307316603048221,109.07749724538036
99.46274416299596,100.0,0.5372558370040394,716.5221949760794,2,1.1434015363434291,384.9557315938451
98.54028950026704,100.0,1.4597104997329637,716.5221949760794,1,1.2517538038075553,1045.914971298293
99.81234112940686,100.0,0.18765887059313968,716.5221949760794,2,1.4285714285714286,134.4617458641285
94.97963555792832,100.0,5.020364442071681,135.3104958035114,2,1.1915629013550657,679.3080017710381
91.3030181835192,100.0,8.6969818164808,135.3104958035114,2,1.1953132001111169,1176.7929215821403
94.09006838634156,100.0,5.909931613658443,161.80966106793338,2,1.0737420207095252,956.2840313407373
98.11057535402338,100.0,1.889424645976618,135.3104958035114,1,1.217179729243491,255.65898563047017
96.9127245289041,100.0,3.087275471095893,117.84936551144926,2,1.3460810235248915,363.8334554277116
90.3483477375296,100.0,9.651652262470407,117.84936551144926,2,1.2342992089738216,1137.4410952692813
97.49905384707436,100.0,2.5009461529256356,70.06423767078688,2,1.1928780294597445,175.22688566042186
92.1314842714454,100.0,7.868515728554598,117.84936551144926,3,1.0954883340917618,927.2995861270184
99.20816127480585,100.0,0.7918387251941539,117.84936551144926,3,1.2515997303784892,93.31769135152587
97.9338180824543,100.0,2.0661819175457055,788.638712768815,3,1.1860384977148024,1629.471047799447
88.73506136925384,100.0,11.264938630746158,124.4034145888507,3,1.284400405135582,1401.3968307986745
93.12596487283037,100.0,6.874035127169634,94.31060187645292,1,0.9859732195326855,648.2943901632477
97.48034860535157,100.0,2.5196513946484345,129.45466928476253,2,1.3421316810297184,326.18063800710377
92.99796319238548,100.0,7.002036807614516,124.4034145888507,2,1.2973062616928028,871.0772879440613
99.1898977483993,100.0,0.8101022516006964,92.62195297102133,2,1.3654977886827473,75.03325264947819
93.4481869677129,100.0,6.5518130322871,124.4034145888507,3,1.1922050083434672,815.0679129642472
98.18207317588652,100.0,1.817926824113485,119.35215989293887,2,1.3452370086497987,216.9734929852552
93.7224155227257,100.0,6.277584477274303,124.4034145888507,1,1.095410604960479,780.9529443428887
99.01316514589593,100.0,0.9868348541040746,124.4034145888507,2,1.208916563544577,122.76562548583718
90.1845724863264,100.0,9.815427513673598,286.3663522478481,2,1.1521824027416427,2810.8081728438733
96.69478621717462,100.0,3.3052137828253763,286.3663522478481,2,1.2584465282351744,946.5020143870142
98.22632107396076,100.0,1.7736789260392385,355.6508723834195,1,1.2968850188133463,630.8104573739417
93.347920116422,100.0,6.652079883577997,286.3663522478481,3,1.210029454241615,1904.9318511215213
97.4048116981298,100.0,2.595188301870195,286.3663522478481,2,1.2519946326352083,743.174607402855
99.84214299951294,100.0,0.15785700048705564,217.0818321122768,3,1.2597627246877423,34.26788687747861
98.63467390581728,100.0,1.3653260941827199,286.3663522478481,3,1.311853337186466,390.9834532199074
99.66053816080996,100.0,0.3394618391900366,180.28384751584844,2,1.296098017866243,61.19948645398602
97.79913438929182,100.0,2.2008656107081777,180.28384751584844,2,1.3231224581779606,396.78052016378774
98.59485730638347,100.0,1.4051426936165257,180.28384751584844,1,1.0790346990959336,253.32453111397024
93.61623522047492,100.0,6.38376477952508,180.28384751584844,2,1.2489547856301046,1150.8896760889434
94.6549853472436,100.0,5.345014652756404,180.28384751584844,3,1.2529918968369014,963.6198066275111
94.5669826770588,100.0,5.433017322941197,196.71019643058005,2,1.1892044959155403,1068.729904806507
93.03012592797585,100.0,6.9698740720241545,196.71019643058005,2,1.4285714285714286,1371.0452978042783
98.70947120888616,100.0,1.290528791113843,196.71019643058005,1,1.1702480249904392,253.8601719993231
93.2858465413816,100.0,6.714153458618398,196.71019643058005,3,1.0871647048489639,1320.7424457098834
98.3054393287374,100.0,1.6945606712625931,196.71019643058005,3,1.2916181188395721,333.3373625076003
92.55019110190042,100.0,7.449808898099576,94.16165822377508,1,1.408701443505923,701.4863592952906
89.13593242183012,100.0,10.86406757816988,94.16165822377508,2,1.2307190673130788,1022.9786182156281
95.31046632935998,100.0,4.689533670640017,85.75597223533195,2,1.2607218055720157,402.1555192560597
96.1805627299122,100.0,3.8194372700878034,94.16165822377508,3,1.094473894064928,359.64454683315626
92.13961332926098,100.0,7.860386670739018,94.16165822377508,3,1.4285714285714286,740.1470431968447
92.51488481218766,100.0,7.48511518781234,94.16165822377508,2,0.998871632319419,704.8108580803736
94.66155840881194,100.0,5.338441591188058,94.16165822377508,3,1.2575306309986516,502.6765125570359
99.51612785453231,100.0,0.48387214546768575,94.16165822377508,2,1.1667131063086515,45.562203585533005
97.1778645010824,100.0,2.8221354989176035,192.48490859793435,3,1.3015840501864047,543.2184935601408
93.50582066687122,100.0,6.494179333128784,192.48490859793435,3,1.4285714285714286,1250.0315153558881
91.5992843674172,100.0,8.400715632582802,192.48490859793435,3,1.4108080518897481,1617.010980694939
95.78515615014042,100.0,4.214843849859577,192.48490859793435,2,1.321370353724912,811.2938331947863
97.06645364626172,100.0,2.9335463537382793,456.23612010139743,1,1.391843329347657,1338.3898065671542
99.65033663259427,100.0,0.349663367405725,192.48490859793435,1,1.1841868582189985,67.30492131513691
95.64101818411642,100.0,4.358981815883581,192.48490859793435,2,1.0672246114239015,839.0382164104091
99.18654376752218,100.0,0.8134562324778187,192.48490859793435,2,1.3494508197088952,156.57804855691296
92.67001828661134,100.0,7.329981713388662,221.87710641224618,2,1.1263685709242564,1626.3551326213546
98.82260258709566,100.0,1.177397412904341,221.87710641224618,2,1.1094545997465675,261.23753107247984
92.44967929412476,100.0,7.550320705875237,221.87710641224618,3,1.2335175091633348,1675.2433107040656
99.82286413698984,100.0,0.17713586301016448,70.65688814391291,3,1.2403959445397892,12.515868858984673
91.25841715119,100.0,8.741582848809998,299.63104147416857,2,1.284799892485266,2619.249573121669
93.02036651820674,100.0,6.9796334817932575,299.63104147416857,2,1.256987437771376,2091.314849257691
98.83009547021896,100.0,1.1699045297810358,93.340855455115,2,1.291154929388499,109.19988961057595
91.44660237642437,100.0,8.553397623575634,299.63104147416857,2,0.9928039833770413,2562.8634380946455
98.86826094806024,100.0,1.1317390519397605,299.63104147416857,3,1.101932929490084,339.1041508096986
96.36246006231138,100.0,3.637539937688615,299.63104147416857,1,1.1052164849912705,1089.919879933522
96.7750347927246,100.0,3.224965207275403,150.8812679214174,3,1.3598348461343017,486.5868394761695
95.55398740480828,100.0,4.446012595191718,150.8812679214174,2,1.079381395225326,670.8200175571178
93.49433257521596,100.0,6.505667424784036,237.74314355479657,2,1.1243041404953333,1546.6778244901948
91.67635216367624,100.0,8.323647836323758,185.1969619098125,2,1.1454123034408046,1541.5142912943443
97.72739536444789,100.0,2.2726046355521135,81.3106328954953,3,1.1714622674588715,184.7869212379788
98.62563201631136,100.0,1.3743679836886429,185.1969619098125,2,1.4285714285714286,254.5287751252514
96.64866379317816,100.0,3.3513362068218413,185.1969619098125,2,1.4285714285714286,620.6572838417601
97.9697361121323,100.0,2.0302638878677044,185.1969619098125,3,1.2026526137546938,375.99870390830307
90.5798566386473,100.0,9.4201433613527,83.15779603637381,3,1.1938451239350918,783.3583602767686
99.48850764984122,100.0,0.5114923501587754,57.98652909449491,2,1.2299565501269,29.659666044093406
94.9064967254869,100.0,5.093503274513097,83.15779603637381,1,1.4127145879461556,423.56450641256225
94.13948882561849,100.0,5.860511174381514,83.15779603637381,1,1.266617726477884,487.3471929081075
90.5623487048248,100.0,9.4376512951752,83.15779603637381,3,1.3406126686665465,784.8142814665985
96.76994001890056,100.0,3.230059981099444,78.78395489183286,1,1.1644252239882806,254.47689984885312
94.1605379580239,100.0,5.839462041976105,83.15779603637381,2,1.1987725992043887,485.5967934487959
96.94165238538254,100.0,3.0583476146174604,199.1981588981414,3,1.3190306514640497,609.2172141023206
94.32515410164514,100.0,5.67484589835486,83.15779603637381,2,1.1750451346194508,471.907677753246
92.61004527898322,100.0,7.389954721016778,83.15779603637381,3,1.2344533755794929,614.5323474083509
95.21824325792218,100.0,4.7817567420778175,83.15779603637381,3,1.257316288395924,397.6403518532625
93.92776076092846,100.0,6.072239239071536,83.15779603637381,2,1.4285714285714286,504.95403212677644
96.24363224383198,100.0,3.756367756168018,114.63414404774636,2,1.2508000234946413,430.6080024568744
93.90971875974616,100.0,6.090281240253844,114.63414404774636,2,1.203263594634834,698.1541769865465
96.3763989086944,100.0,3.623601091305602,240.9946457453246,3,1.415373115863824,873.2684613215652
85.88019710121259,100.0,14.119802898787412,114.63414404774636,3,1.164388434012844,1618.6115194253828
97.0207597796822,100.0,2.9792402203178057,53.85724377814126,2,1.4285714285714286,160.45366681929934
93.64115491035868,100.0,6.358845089641321,114.63414404774636,2,1.3902552123417458,728.9407639832477
91.43306014283078,100.0,8.566939857169217,114.63414404774636,3,1.1708852599861306,982.0638176351157
95.83713177272809,100.0,4.162868227271915,132.9372762327536,2,1.3939649686011693,553.4003634493997
94.3891026577728,100.0,5.610897342227204,114.63414404774636,1,1.199097059251749,643.2004141659905
98.0047166674572,100.0,1.9952833325427974,85.86493785752934,2,1.4285714285714286,171.32487935695136
97.86125741857909,100.0,2.138742581420914,693.2396314783517,2,1.3539044937747418,1482.661118971293
98.34454642302649,100.0,1.655453576973514,1108.2920095461157,2,1.2752984331679773,1834.725971534281
95.77896062686816,100.0,4.221039373131845,693.2396314783517,2,1.1096696391396146,2926.1917794855326
99.1344984147538,100.0,0.8655015852461929,693.2396314783517,1,1.2566716793461707,600.0
99.8855184763173,100.0,0.1144815236826986,693.2396314783517,2,1.2325259494899308,79.36312928887416
93.10690443488429,100.0,6.893095565115715,693.2396314783517,2,1.358325204455728,4778.567029305878
99.63774520987864,100.0,0.3622547901213551,91.87170243085508,2,1.4285701435799447,33.280964282180996
98.73092935062472,100.0,1.26907064937528,693.2396314783517,2,1.2595823859410584,879.7700692929116
98.46647847070206,100.0,1.5335215292979427,164.75319266735087,2,1.4198645606296514,252.65256797595453
97.195454277132,100.0,2.8045457228679993,164.75319266735087,1,1.2931025549733126,462.0578618240663
94.9872939642753,100.0,5.012706035724705,164.75319266735087,2,1.4285714285714286,825.8593232885448
99.65007685402644,100.0,0.34992314597356255,59.10812625637894,3,1.2121620128062283,20.68330149223465
96.34606755749596,100.0,3.6539324425040434,186.39669587861317,1,1.2475762934023482,681.0809342464244
97.283941911893,100.0,2.7160580881070047,186.39669587861317,2,1.2501469773641198,506.2642534375289
95.0630099717294,100.0,4.9369900282706,181.80629867032752,2,1.2391697453586095,897.5758836121934
99.84247662446788,100.0,0.15752337553212215,181.80629867032752,1,1.4285714285714286,28.63874185955116
97.2162520655106,100.0,2.783747934489398,181.80629867032752,3,1.4285714285714286,506.1029084006868
98.22539825451275,100.0,1.7746017454872458,181.80629867032752,3,1.4187159792670148,322.63377496093875
97.36363959971462,100.0,2.6363604002853833,181.80629867032752,3,1.2744111110879273,479.30692633690865
98.7851845845334,100.0,1.214815415466603,721.1673797037809,3,1.1512948639081593,876.08524999581
94.23472754324676,100.0,5.765272456753237,367.07096496207583,3,1.4285714285714286,2116.2641239696886
98.09164561976388,100.0,1.9083543802361191,367.07096496207583,2,1.4285714285714286,700.5014838428764
98.65222396099271,100.0,1.347776039007286,1070.3231928025461,2,1.4285714285714286,1442.5559532530472
99.8539470514352,100.0,0.146052948564801,367.07096496207583,2,1.3655992843869527,53.61179676523793
97.03561672074278,100.0,2.96438327925722,367.07096496207583,2,1.1306148954290511,1088.1390308343905
93.83327254819368,100.0,6.166727451806324,367.07096496207583,2,1.085295846798127,2263.6265963926703
97.62947404296072,100.0,2.370525957039277,367.07096496207583,1,1.0457506676401436,870.1512505180557
90.7254918684312,100.0,9.274508131568794,178.67221255542412,3,1.2174936010949957,1657.096888230669
96.44918975175622,100.0,3.550810248243778,104.82733579422388,2,1.4285714285714286,372.221978234222
88.6069905089557,100.0,11.393009491044296,178.67221255542412,2,1.2588722538159087,2035.614213429831
97.5469248412601,100.0,2.4530751587399067,62.004200884939955,2,1.319794010091364,152.10096492836513
93.8943705707757,100.0,6.105629429224294,178.67221255542412,3,1.1672630110735143,1090.906319163016
96.3625493890429,100.0,3.637450610957103,224.80127863045973,2,1.321070843416861,817.7035482983036
95.0186156494115,100.0,4.981384350588499,178.67221255542412,1,1.0556900288580808,890.0349635086117
94.92187687952917,100.0,5.078123120470835,178.67221255542412,3,1.0927036487926431,907.3194935633786
94.43145769545266,100.0,5.568542304547336,178.67221255542412,3,1.4285714285714286,994.9437742619529
98.74591050038008,100.0,1.2540894996199228,139.06746165232292,2,1.4285714285714286,174.40304339697445
97.27929293795486,100.0,2.720707062045136,178.67221255542412,3,1.1110575217159155,486.11475049077205
99.26811578107446,100.0,0.7318842189255435,273.2123864040237,3,1.2937405597703313,199.95983402409263
98.1671469531534,100.0,1.8328530468465942,268.54067075826435,1,1.1010995178673642,492.19558660151296
99.41141304548523,100.0,0.5885869545147671,268.54067075826435,2,1.4285714285714286,158.0595355649596
99.62261640949532,100.0,0.37738359050467807,2649.549563637879,1,1.3323661451232938,999.8965275457658
92.93164384066463,100.0,7.068356159335366,268.54067075826435,1,1.279177147262585,1898.1411041862284
98.64120292733338,100.0,1.3587970726666185,125.93956153782369,2,1.350286481226064,171.1263075505123
92.98298818395014,100.0,7.017011816049859,125.93956153782369,2,1.4285714285714286,883.7193914190472
99.12767256542074,100.0,0.8723274345792618,125.93956153782369,2,1.4171448293631788,109.8605346283268
94.47259492434192,100.0,5.527405075658081,125.93956153782369,3,1.3174949803346387,696.1189716703199
99.31035984387891,100.0,0.6896401561210865,98.35386088186114,2,1.1328877568459277,67.82877197367834
99.99023328400982,100.0,0.009766715990181751,777.8100631747129,2,1.2590771509976868,7.596649981332747
89.95140257908278,100.0,10.048597420917218,125.93956153782369,2,1.3600560892227616,1265.5159532604205
94.7373706545773,100.0,5.262629345422695,143.54812881821024,2,1.3644854775397488,755.4405951992305
98.59554633869664,100.0,1.4044536613033642,133.12219200593822,2,1.2228781052713704,186.9639499634694
93.4785278534758,100.0,6.521472146524204,143.54812881821024,2,1.2148716919577178,936.1451237736264
95.64985427662084,100.0,4.350145723379157,143.54812881821024,3,1.1385539849576036,624.4552786776176
96.03675021203004,100.0,3.963249787969957,1550.804609424007,3,1.4285714285714286,6146.226039482527
96.6146663117688,100.0,3.3853336882311993,143.54812881821024,2,1.4285714285714286,485.958316370839
92.04778127778329,100.0,7.952218722216713,128.04166441361625,1,1.403440940077752,1018.2153209737486
95.35677422944124,100.0,4.643225770558757,126.86281928311072,3,0.9994956543696915,589.0527118210782
97.47075143567778,100.0,2.5292485643222165,128.04166441361625,3,1.2858315183347189,323.8491958915659
97.41597310909152,100.0,2.5840268909084756,128.04166441361625,2,1.1906045063131587,330.86310400146317
95.43026595409806,100.0,4.569734045901939,139.99136323421038,2,1.268046836283131,639.7232987035961
99.85161669859886,100.0,0.14838330140113953,139.99136323421038,1,1.3352848941608015,20.77238064433824
95.97108642690544,100.0,4.028913573094556,139.99136323421038,3,1.0883501344457946,564.0131034503204
95.46470277640124,100.0,4.535297223598761,341.0190966531135,3,1.3927975101962329,1546.622962245023
96.74825129674284,100.0,3.2517487032571637,423.118551675892,2,1.2930790260301686,1375.875201736131
94.65373174066498,100.0,5.3462682593350195,341.0190966531135,2,1.2759373758821675,1823.1795722636418
97.38372294915412,100.0,2.6162770508458806,179.30338471350137,1,1.1654682474290587,469.1073305649237
98.60726614802152,100.0,1.3927338519784769,462.20540804631804,3,1.3464959130828704,643.7291183536322
98.1856410196282,100.0,1.814358980371793,341.0190966531135,3,1.3671639035209946,618.7310604908529
98.24056773978754,100.0,1.7594322602124635,10450.985164458847,2,1.3667579464703228,18387.800449350754
96.27207735771292,100.0,3.7279226422870835,341.0190966531135,3,1.1464733830403462,1271.292811865429
95.5949116190437,100.0,4.4050883809563,124.87727247513132,2,1.2870414383295279,550.095422025715
98.49189400579225,100.0,1.508105994207753,153.38341069970912,1,1.0579739028963713,231.31844108826093
93.25473547521035,100.0,6.745264524789647,124.87727247513132,1,1.1753949969512083,842.330235978994
88.91876530802188,100.0,11.081234691978125,124.87727247513132,2,1.0804653945345268,1383.7943639910302
92.53568564832382,100.0,7.46431435167618,124.87727247513132,2,1.3840154320577527,932.1232171342995
94.58823990444613,100.0,5.411760095553873,124.87727247513132,2,1.1785659746224113,675.8058400225237
94.46812912551286,100.0,5.53187087448714,124.87727247513132,2,0.996858068178848,690.8049464905736
99.58007589736783,100.0,0.41992410263216584,124.87727247513132,1,1.4285714285714286,52.43897658327198
97.86284418423926,100.0,2.1371558157607353,124.87727247513132,2,0.9707882784456681,266.8821891265649
95.69537586741674,100.0,4.304624132583257,113.17480051303565,1,1.2241508856449674,487.1749774887092
96.3000234251927,100.0,3.6999765748072946,733.098093844688,2,1.0553951715557235,2712.4457742612253
92.4022573332343,100.0,7.597742666765697,113.17480051303565,2,1.2326198523308125,859.8730106605873
96.44410315833376,100.0,3.5558968416662395,113.17480051303565,2,1.2093213136298693,402.4379157005102
93.87841011317806,100.0,6.121589886821937,113.17480051303565,2,1.3274977411346138,692.8097142636892
96.92225428341465,100.0,3.077745716585355,113.17480051303565,2,1.2620054669324394,348.3232575043975
96.41548760485448,100.0,3.5845123951455236,113.17480051303565,3,1.3045032471540223,405.6764752570982
92.537455222481,100.0,7.462544777519,113.17480051303565,3,1.1726019805763173,844.5720165153087
96.93628042109684,100.0,3.063719578903161,328.2722483080334,1,1.3908376776802764,1005.7341143518819
99.761263004267,100.0,0.23873699573300655,192.7377894685092,1,1.2963830913506058,46.0136408219326
97.9549720827372,100.0,2.0450279172628,328.2722483080334,3,1.4285714285714286,671.3259122525543
98.70635764693866,100.0,1.293642353061344,712.1314112883332,2,1.2740125291820559,921.2433545879351
94.34514177517784,100.0,5.6548582248221635,328.2722483080334,2,1.3603952489095312,1856.3330233255463
99.78243211883964,100.0,0.21756788116036319,328.2722483080334,3,1.4285714285714286,71.42149750812744
96.4166377136572,100.0,3.5833622863428047,328.2722483080334,1,1.3364353816364416,1176.3183942399676
93.8774451929132,100.0,6.1225548070868,88.36059534300283,2,1.418125242780129,540.9925877743535
93.64613184689055,100.0,6.353868153109445,88.36059534300283,2,1.024049824469482,561.4315727396964
96.87801598778658,100.0,3.1219840122134173,88.36059534300283,3,1.1782522090675083,275.8603659705142
93.59167818948632,100.0,6.408321810513684,88.36059534300283,2,1.4285714285714286,566.2431303265389
99.17957594173537,100.0,0.8204240582646349,88.36059534300283,2,1.2087512631636168,72.49315822198558
92.15197819586548,100.0,7.848021804134518,88.36059534300283,3,1.19063801899876,693.4558788781932
99.47876246881664,100.0,0.5212375311833597,74.17406402914008,2,1.2939461090227995,38.66230601238542
99.8928021867856,100.0,0.10719781321439825,1449.1363363477585,3,1.4285714285714286,155.3442463060044
97.42540800303864,100.0,2.5745919969613595,68.70652822571435,3,1.3713487164723226,176.89127770892392
98.73306489325996,100.0,1.2669351067400356,223.71227588576818,2,1.1656521767614705,283.428936128392
96.77009875076683,100.0,3.2299012492331656,223.71227588576818,3,1.2023651747912738,722.5685593522372
97.45051660613971,100.0,2.549483393860285,223.71227588576818,1,1.0995711540264566,570.3507323734567
98.57134003405572,100.0,1.4286599659442771,384.5969239009627,2,1.026345815744355,549.4582282026231
96.77683460671416,100.0,3.2231653932858393,223.71227588576818,3,1.0433631207933614,721.0616656882222
95.53350689993228,100.0,4.466493100067723,473.27838040526547,3,1.2614438283332006,2113.894620491345
99.75803535005304,100.0,0.24196464994696498,136.70844216332057,2,1.3750683411681808,33.07861035284277
94.47460374959736,100.0,5.525396250402636,473.27838040526547,2,1.280436973361786,2615.050588487886
99.34735202887794,100.0,0.6526479711220645,473.27838040526547,2,1.396792823646304,308.8841747474332
98.62971394532444,100.0,1.3702860546755602,473.27838040526547,1,1.0358981375116112,648.5267646487702
99.2487017201874,100.0,0.7512982798126018,473.27838040526547,3,0.9917889953565212,355.5732330709701
93.77687943646616,100.0,6.22312056353384,473.27838040526547,1,1.156676613556359,2945.2684213759985
96.6273228594122,100.0,3.372677140587797,866.8416536199887,1,1.3325728168547724,2923.577029673461
99.6136290730208,100.0,0.38637092697919684,180.7714339501285,3,1.2853306105909652,69.8448265066698
95.15056397452128,100.0,4.849436025478724,866.8416536199887,2,1.2821567590910257,4203.693143450323
87.2195234738856,100.0,12.780476526114398,196.8751464247357,2,1.1282725777724913,2516.1581874566696
87.30625043362039,100.0,12.693749566379608,4268.788654619945,1,0.8814739565846479,54186.93413354812
99.49920850538108,100.0,0.5007914946189231,44.6357494298593,2,1.2958138602378342,22.353203670414988
95.80435640568166,100.0,4.195643594318341,196.8751464247357,1,1.2863613272930796,826.0179469774278
89.09460297171049,100.0,10.905397028289514,196.8751464247357,2,1.3576183962636528,2147.0016367643757
91.29915311264332,100.0,8.700846887356676,247.57357935941823,2,1.2994961173048871,2154.099807361145
91.5195259666426,100.0,8.480474033357396,2722.658390592707,3,1.4285714285714286,23089.43378312409
95.2673502162169,100.0,4.732649783783103,146.17671349005315,2,1.3043919798597499,691.8031914928246
97.2435469935662,100.0,2.7564530064338015,271.8070242040209,2,1.2789146792687849,749.2232890369984
95.51920676551448,100.0,4.4807932344855175,196.8751464247357,2,1.073405389341912,882.1568241383013
93.42426752481072,100.0,6.575732475189284,196.8751464247357,2,1.3064498137386222,1294.59829390278
99.67361434291148,100.0,0.3263856570885224,42.00994624158144,2,1.0916603902137083,13.71144390831206
91.76635012729848,100.0,8.23364987270152,144.84135366942073,2,1.30737639705831,1192.5729932021418
95.13492882725473,100.0,4.8650711727452745,144.84135366942073,2,1.1616892829610477,704.6634943585018
92.36496312442036,100.0,7.635036875579644,144.84135366942073,2,1.4285714285714286,1105.8690763749003
94.64615686129028,100.0,5.3538431387097205,247.97697614024528,3,1.346865535378738,1327.6298322664363
97.18495185034148,100.0,2.815048149658523,236.33259187431787,3,1.4285714285714286,665.2876254598013
91.03013680535634,100.0,8.969863194643665,144.84135366942073,1,1.0948011816680838,1299.2071273417032
99.63314069464994,100.0,0.3668593053500615,63.97947694428839,2,1.3105135452063892,23.471466468441914
91.93907443768136,100.0,8.060925562318644,144.84135366942073,2,1.2332496362474792,1167.5553702746688
97.60041476563032,100.0,2.399585234369681,96.61168801852868,2,1.3022658226917143,231.82798003679164
90.59334511831192,100.0,9.406654881688084,144.84135366942073,2,1.4285714285714286,1362.4726265647666
99.8876861408482,100.0,0.11231385915179715,61.88163705780374,2,1.3694024710667787,6.950165468592799
94.33888488684548,100.0,5.661115113154523,172.3593033957347,2,1.4285714285714286,975.7458573463795
96.491100819418,100.0,3.508899180582006,239.5683702052304,2,1.2276258649907807,840.6212579064995
95.57875098233372,100.0,4.421249017666284,172.3593033957347,2,1.3851010594199784,762.0434008240371
97.46865622520669,100.0,2.5313437747933136,172.3593033957347,1,1.268108294449838,436.3006496785051
97.4440975658995,100.0,2.5559024341005028,172.3593033957347,3,1.4285714285714286,440.5335630890254
96.47836238358148,100.0,3.5216376164185164,172.3593033957347,2,1.4025523464213767,606.9870063781111
96.71104267611916,100.0,3.2889573238808367,172.3593033957347,3,1.3135472795880339,566.8823932424009
80.7817173691861,100.0,19.218282630813903,248.55109827404846,2,1.1456495862901996,4776.725254829865
92.45466494375756,100.0,7.545335056242436,43.51159143180461,3,1.2093060134991147,328.30953618329335
93.8405774920605,100.0,6.159422507939496,346.75666864125145,2,1.1442248054229405,2135.820829607042
95.17287986231344,100.0,4.827120137686563,450.3482192905596,2,1.4285714285714286,2173.8849583087444
92.93589485689348,100.0,7.0641051431065165,248.55109827404846,1,1.2658610383492703,1755.791091642479
91.4416746601762,100.0,8.558325339823796,248.55109827404846,2,1.3833521825976314,2127.1811625998234
99.66523041509124,100.0,0.33476958490875575,65.64792796453852,1,1.2853795138357829,21.97692959480846
98.08569605271234,100.0,1.9143039472876637,248.55109827404846,2,1.1704390972156737,475.802348528695
93.72511755625328,100.0,6.274882443746719,248.55109827404846,3,1.244428397342683,1559.6289229337922
96.58436757803568,100.0,3.415632421964318,87.31622634872123,2,1.3805663129178194,298.2401336802673
94.0564127968403,100.0,5.943587203159694,87.31622634872123,2,1.3025830142712558,518.9716055544549
97.33852678308168,100.0,2.661473216918324,172.2448060195716,3,1.3460168735577802,458.424937974382
90.38386404769116,100.0,9.616135952308838,87.31622634872123,3,1.2738097893035132,839.6447034118745
99.77141449193134,100.0,0.22858550806866162,87.31622634872123,3,1.3977896086393768,19.959223962560703
94.5474625169944,100.0,5.4525374830055995,87.31622634872123,2,1.0106339974613996,476.09499704100364
98.88975664578795,100.0,1.1102433542120451,87.31622634872123,2,1.213627914930718,96.94226001854241
97.056665666958,100.0,2.943334333042003,87.31622634872123,2,1.31581105868459,257.00084684385797
95.99754855698636,100.0,4.002451443013641,87.31622634872123,3,1.1930919470967856,349.478956147945
87.18519774793357,100.0,12.814802252066428,87.31622634872123,3,1.0775803506398958,1118.9401740555347
83.90180330246184,100.0,16.098196697538157,76.11490149584591,2,1.2982321650242805,1225.3126558938689
92.11718089088316,100.0,7.882819109116838,76.11490149584591,3,1.1997737172073268,600.0
96.36096499813924,100.0,3.639035001860762,76.11490149584591,3,1.2702712368480662,276.98479070656737
95.10261041542452,100.0,4.897389584575478,76.11490149584591,3,1.389641457736681,372.76432581674425
95.55308302934856,100.0,4.4469169706514435,152.10348353849255,2,1.3285423102247038,676.391562242525
87.79514882443468,100.0,12.204851175565324,152.10348353849255,2,1.1752395220797565,1856.4003798723518
98.39975695227837,100.0,1.6002430477216336,50.41364318486818,3,1.272897453029678,80.67408201690442
94.82127088576696,100.0,5.178729114233036,152.10348353849255,1,1.1336433684038638,787.7027385770567
97.37432777449668,100.0,2.6256722255033225,189.9097833001284,1,1.1544059059322855,498.6408433625018
99.54555163915708,100.0,0.4544483608429175,237.5820640030151,1,1.2281996361395764,107.96877955184732
88.23181872944652,100.0,11.768181270553484,152.10348353849255,3,1.4285714285714286,1789.9813661636283
96.7923864371044,100.0,3.2076135628956024,152.10348353849255,3,1.168845858956289,487.8891967617367
99.97065531772108,100.0,0.029344682278917844,152.10348353849255,3,1.2676023847659044,4.463428397953675
93.68642257493276,100.0,6.313577425067237,245.01344616583012,2,1.1919754789153518,1546.9113625505117
96.36141827003712,100.0,3.6385817299628798,82.07575046453283,3,1.168156920425096,298.6393261132415
93.1628909236487,100.0,6.837109076351297,82.07575046453283,1,1.3839104631767862,561.1608584494015
91.71130739905269,100.0,8.288692600947314,82.07575046453283,3,1.1758098350927995,680.3006655925714
95.32505919416528,100.0,4.674940805834723,139.4913816627507,3,1.2002076925869072,652.1139521974587
86.71601711558809,100.0,13.283982884411913,82.07575046453283,1,1.3967341354267053,1090.2928643961172
96.9055839674238,100.0,3.0944160325762056,51.570860666898085,3,1.2511541246953872,159.58169806140307
91.3818787778307,100.0,8.618121222169293,82.07575046453283,2,1.2207783069409026,707.3387669038616
85.69900140353089,100.0,14.300998596469114,82.07575046453283,2,1.3954420994547314,1173.7651921974332
95.02107327760314,100.0,4.978926722396864,82.07575046453283,2,1.4285714285714286,408.6491472486393
98.20734209070018,100.0,1.7926579092998196,105.71696173927747,1,1.4285714285714286,189.51434760906216
97.86124790287184,100.0,2.1387520971281617,79.38574856717476,2,1.4285714285714286,169.78643623013397
85.16722182521448,100.0,14.832778174785517,79.38574856717476,2,1.3936435580665125,1177.5111987362004
94.73203422011647,100.0,5.267965779883525,55.304785280747495,2,1.2594759422635402,291.3437163227839
90.4461224718356,100.0,9.553877528164406,79.38574856717476,2,1.1221559631944318,758.4417192924407
93.54158688218642,100.0,6.458413117813578,79.38574856717476,3,1.1379458025481526,512.7059599136919
96.5843554570706,100.0,3.4156445429293996,79.38574856717476,1,1.1423611301938483,271.15349887983587
97.96330594325175,100.0,2.036694056748246,79.38574856717476,2,1.1182609932819374,161.6844822972754
90.06976238605861,100.0,9.930237613941387,133.14960886780503,2,1.2141101417937923,1322.207254260661
99.0978335138022,100.0,0.9021664861977996,58.859950111464,2,1.2652186099565146,53.10147436983726
87.71601883427935,100.0,12.283981165720647,133.14960886780503,2,1.2658326005687,1635.607287555188
94.53339395414288,100.0,5.4666060458571195,133.14960886780503,2,1.4285714285714286,727.8764568402537
90.81483338887392,100.0,9.185166611126078,133.14960886780503,1,1.2474169844449288,1223.0013416570596
93.85103713794491,100.0,6.148962862055086,184.04187258619837,2,1.3304491036482413,1131.6666395956079
95.74613320937442,100.0,4.25386679062558,133.14960886780503,3,1.254124538869411,566.400699347541
91.38441479438106,100.0,8.615585205618942,133.14960886780503,3,1.125651432839324,1147.1618002954096
92.72608368657642,100.0,7.273916313423584,447.20422713105216,2,1.4285714285714286,3252.926123160546
93.89509673751944,100.0,6.104903262480562,187.81980850223493,2,1.245933612325945,1146.6217616837685
96.52234797790912,100.0,3.4776520220908793,187.81980850223493,3,1.1786034464240271,653.1719368265191
98.15612472195026,100.0,1.8438752780497367,187.81980850223493,3,1.1863859346696413,346.3163016253067
99.7825616567684,100.0,0.21743834323160627,187.81980850223493,2,1.4285714285714286,40.83922798680352
98.89726139464642,100.0,1.1027386053535793,152.7713184926951,3,1.203968405960815,168.46683069266206
96.61752741707552,100.0,3.3824725829244784,152.7713184926951,1,1.236192489441185,516.7447962587645
96.83541539737702,100.0,3.1645846026229805,152.7713184926951,2,1.2247313474756136,483.4577622243943
90.49683348215495,100.0,9.503166517845045,152.7713184926951,3,1.1504842985412076,1451.8112787868215
94.70503898351242,100.0,5.294961016487576,152.8977694307648,2,1.3390689500424475,809.5877286438056
92.89429049799544,100.0,7.105709502004558,152.8977694307648,3,1.4285714285714286,1086.4471330794875
94.91391484430976,100.0,5.086085155690242,152.8977694307648,3,1.4285714285714286,777.6510754399621
94.96980562570852,100.0,5.030194374291483,9217.691079765882,1,1.2266284693821046,46366.77781339512
96.26385929609212,100.0,3.7361407039078784,152.8977694307648,1,1.328110358154891,571.2475799070021
96.96422405380102,100.0,3.0357759461989815,152.8977694307648,1,1.33677351718463,464.16337066539376
98.92531451532632,100.0,1.0746854846736795,181.51472624147374,1,1.1360362449929462,195.07124154622846
99.24286463425771,100.0,0.7571353657422861,181.51472624147374,3,1.3182505601798338,137.43121864044917
95.821091915445,100.0,4.178908084555005,181.51472624147374,3,1.126223616881744,758.533356956283
92.28736817129456,100.0,7.71263182870544,181.51472624147374,2,1.4285714285714286,1399.956254988745
94.39962410311044,100.0,5.60037589688956,236.7815064444268,2,1.1908170036465255,1326.065441520568
98.0988390190728,100.0,1.9011609809272016,181.51472624147374,1,1.1366746294127548,345.0887149939727
98.15794925023653,100.0,1.842050749763473,312.1645165513136,1,1.277018632866992,575.0228817628994
99.76259933071564,100.0,0.2374006692843551,312.1645165513136,1,1.3305400533087306,74.108065156109
98.31661169412664,100.0,1.6833883058733647,312.1645165513136,1,1.2612202956227372,525.4940966710938
96.23415578426602,100.0,3.7658442157339778,312.1645165513136,3,1.1235485529020248,1175.562939012158
94.21044363578866,100.0,5.789556364211336,312.1645165513136,2,1.390323945704033,1807.2940634806127
98.32867929787066,100.0,1.6713207021293357,266.34648931997185,2,1.019419310706327,445.15040153993897
99.26354981188916,100.0,0.7364501881108367,641.8001113554507,2,1.4285714285714286,472.65381273727763
94.68862880752158,100.0,5.311371192478418,266.34648931997185,2,1.3337361671591463,1414.6650705918591
95.9079926315396,100.0,4.092007368460401,266.34648931997185,3,1.2774554853262008,1089.8917968608841
98.50978137617936,100.0,1.4902186238206383,266.34648931997185,2,1.4285714285714286,396.9144987738668
94.52659464787402,100.0,5.47340535212598,107.54123061421866,3,1.2617910450098508,588.6167472180787
97.38317760064535,100.0,2.6168223993546462,107.54123061421866,2,1.3367149178999378,281.416301125451
99.91222121057348,100.0,0.08777878942652251,206.58580833346764,3,1.2439631392085535,18.133852168211394
84.43656266230042,100.0,15.563437337699582,107.54123061421866,2,1.3079393018226508,1673.711203883492
99.16698217550952,100.0,0.8330178244904829,107.54123061421866,1,1.3466616837109708,89.58376196928575
92.45383414758544,100.0,7.5461658524145605,107.54123061421866,1,1.3364057365100421,811.5239621876563
92.9079311537576,100.0,7.092068846242398,107.54123061421866,2,1.0838689143693039,762.6898113256694
91.01830193140098,100.0,8.981698068599016,228.90466563280307,3,1.2074972017990888,2055.9525932074507
93.85774667115042,100.0,6.142253328849577,187.7102663742803,3,1.2690307820319433,1152.964008496664
93.70384070692562,100.0,6.296159293074382,133.73486697890104,2,1.105713157478249,842.0160255372741
89.90781257225032,100.0,10.092187427749678,133.73486697890104,2,1.092089159382122,1349.6773431762406
99.69687610698044,100.0,0.3031238930195599,61.29289056826433,1,1.4285714285714286,18.57933960347415
97.70032587794636,100.0,2.299674122053645,133.73486697890104,3,1.29259888246569,307.5466128076652
91.7669036154036,100.0,8.233096384596394,133.73486697890104,2,1.058012496187999,1101.0520498184699
96.61509934929045,100.0,3.384900650709554,109.42511130076231,2,1.26312942330583,370.3931304459157
94.87687161665156,100.0,5.123128383348444,133.73486697890104,1,1.4285714285714286,685.1408928629365
95.85000866928816,100.0,4.149991330711842,148.20232386688647,3,1.2293724139760598,615.0383592389276
98.79167911981465,100.0,1.2083208801853544,203.96574330500366,3,1.4285714285714286,246.45606647796208
99.59941892183048,100.0,0.40058107816952315,610.9198940291415,3,1.1749150339300747,244.72294982540433
84.84874771057386,100.0,15.15125228942614,148.20232386688647,2,1.1293328177065491,2245.4507987864376
95.8713133687891,100.0,4.128686631210897,148.20232386688647,2,1.2608837838726112,611.8809532636018
99.97667006834168,100.0,0.0233299316583242,148.20232386688647,1,1.0909464754195815,3.457550087419291
92.00701691180454,100.0,7.992983088195459,148.20232386688647,2,1.3210476589762143,1184.5786682992898
90.40130576029178,100.0,9.598694239708223,148.20232386688647,2,1.4285714285714286,1422.5487924124557
91.4707974599918,100.0,8.5292025400082,554.5757830428777,3,1.412176659092854,4730.089177356349
97.16951376513646,100.0,2.8304862348635424,239.91245731407696,3,1.161255860138141,679.068907999782
95.76437404469908,100.0,4.235625955300918,239.91245731407696,1,1.05085062340645,1016.1794311995279
96.51713719732489,100.0,3.4828628026751147,643.8190926076132,3,1.1539125949333118,2242.333569295101
97.03596927372293,100.0,2.9640307262770733,239.91245731407696,3,1.1855245571231197,711.1078950955609
98.9518531349687,100.0,1.048146865031299,284.70468322313644,1,1.29871692335309,298.41232118005956
93.79000938958092,100.0,6.209990610419084,239.91245731407696,2,1.4285714285714286,1489.854107242987
98.8756363374359,100.0,1.1243636625640931,105.53750983634696,1,1.2779152476981839,118.66254109748907
95.79630473225676,100.0,4.203695267743242,65.78292675664477,3,1.1888108972298959,276.53137790520793
97.7596574169538,100.0,2.2403425830462,269.087426648222,3,1.2578893369714408,602.8480204823325
95.25687354429304,100.0,4.743126455706957,123.88001253361585,1,1.1626194709467514,587.5785647815028
89.15101130741749,100.0,10.848988692582509,123.88001253361585,3,1.2334981948170327,1343.9728552141778
91.81863308447214,100.0,8.18136691552786,208.16571152021723,2,1.3221604411604932,1703.080065178822
97.67282477851604,100.0,2.327175221483955,123.88001253361585,2,1.221843343162049,288.29049560535265
95.90468182070296,100.0,4.095318179297038,123.88001253361585,3,1.2318484546882793,507.32806738046196
95.60592600902729,100.0,4.394073990972714,123.88001253361585,1,1.3144522269016452,544.3379410753353
93.54217884632612,100.0,6.457821153673876,168.4524413570592,3,0.95022776731344,1087.835739183625
98.16582690223814,100.0,1.8341730977618624,129.7676624051893,3,1.4285714285714286,238.01635534304162
91.873934768594,100.0,8.126065231406002,168.4524413570592,3,1.2950240487261717,1368.8555268570574
94.49908264226649,100.0,5.500917357733513,177.46741360739247,3,1.1092338178038155,976.2335759449779
96.05177588881426,100.0,3.9482241111857377,322.5776952975002,3,1.1925338308937494,1273.6090343043165
99.2467445017954,100.0,0.7532554982045951,159.43746910672593,1,1.212851689355095,120.09715022446659
97.48671811408316,100.0,2.5132818859168395,168.4524413570592,2,1.0553759831299308,423.3684695011656
96.12602360720808,100.0,3.873976392791917,168.4524413570592,1,0.9967319775387015,652.5807811254122
95.83914055935163,100.0,4.160859440648366,168.4524413570592,2,1.1714574374685274,700.906930920785
96.59758150406395,100.0,3.402418495936047,705.9013076572822,2,1.2747248920315495,2401.771665478579
91.26519052570993,100.0,8.734809474290074,110.72196959575818,2,1.1743275082051225,967.1353090370861
96.9594994472416,100.0,3.0405005527584024,105.36836133551571,2,1.4285714285714286,320.3725608838826
98.2443166932071,100.0,1.7556833067929034,466.99248619527924,2,1.4285714285714286,819.8909124107671
97.00351799948795,100.0,2.996482000512046,110.72196959575818,1,1.3393974476692534,331.7763889549314
98.7008007334586,100.0,1.2991992665413932,353.5062179041612,2,1.4285714285714286,459.27501901890815
95.52032696668525,100.0,4.479673033314754,110.72196959575818,1,1.2460678555514415,495.99822139361396
99.62575592202562,100.0,0.37424407797438164,110.72196959575818,2,1.0822885237398618,41.437041422872035
93.85797122141564,100.0,6.142028778584361,110.72196959575818,2,1.3868796079725467,680.0575236786894
90.46392681016654,100.0,9.53607318983346,110.72196959575818,3,1.3816852778837496,1055.852805787665
95.68835534481232,100.0,4.311644655187678,404.0409563062834,3,1.1309219725073545,1742.0810297349049
98.7073645794665,100.0,1.2926354205335002,404.0409563062834,1,1.2867759717770952,522.2776514677303
99.76227017268144,100.0,0.23772982731856018,404.0409563062834,3,1.1238602721869617,96.05258677231868
96.25091691700538,100.0,3.7490830829946162,139.13229126172413,3,1.0989121656874252,521.6185194676096
98.37666834935688,100.0,1.6233316506431237,242.26932153171637,1,1.2262008506211202,393.2834576222708
94.67091540697666,100.0,5.329084593023339,165.4385211859819,2,1.0609223966585384,881.6358743447813
97.39605154565572,100.0,2.603948454344277,165.4385211859819,2,0.9473665091839955,430.79338153124047
97.53344703944968,100.0,2.4665529605503167,39.930741016293744,3,1.3095071796576296,98.49128747070729
94.31180729877984,100.0,5.68819270122016,68.38861660618502,3,1.195286138243387,389.00762982584547
98.02961914818192,100.0,1.9703808518180779,68.38861660618502,2,1.4285714285714286,134.7516206431548
92.459200022608,100.0,7.540799977391998,68.38861660618502,3,1.4285714285714286,515.70487855779
97.5496038580447,100.0,2.450396141955295,68.38861660618502,2,1.2630111916253306,167.5792022854556
87.26007727260072,100.0,12.739922727399275,68.38861660618502,2,1.2951232951885365,871.265690996532
90.59405480186908,100.0,9.405945198130922,153.56573659481506,1,1.06671406019951,1444.4309027214388
93.00741950494506,100.0,6.992580495054938,200.6702607947275,3,1.1530726770453523,1403.202951570799
96.46321020029951,100.0,3.536789799700486,170.63080241508308,2,1.4039627126831142,603.4852814963749
88.89839314092063,100.0,11.101606859079368,153.56573659481506,2,1.3422898491773252,1704.8264347005745
98.21460707629431,100.0,1.785392923705686,153.56573659481506,2,1.2852179559995174,274.1751794400341
99.16734730862638,100.0,0.8326526913736245,530.1808676275311,1,1.2026777214320663,441.45652634486714
95.35256629350695,100.0,4.647433706493047,153.56573659481506,2,1.4285714285714286,713.6865804131762
85.97413772923184,100.0,14.025862270768158,135.69126162138554,3,1.2865883805916862,1903.1869468483228
90.95844834758732,100.0,9.041551652412679,105.69619951373002,2,1.2543397370383425,955.6576473671058
98.00017037150953,100.0,1.999829628490474,135.69126162138554,3,1.3503727642349668,271.35940531769916
91.91307303479344,100.0,8.086926965206558,135.69126162138554,2,1.3775686367621416,1097.3253225488804
95.93057640079748,100.0,4.069423599202523,135.69126162138554,2,1.2979526197648823,552.1852222476299
97.92219421879332,100.0,2.0778057812066777,135.69126162138554,2,1.2234477448551373,281.94008785614267
99.91621309024386,100.0,0.08378690975614234,281.6671961060928,3,1.3372612012002565,23.600023941406842
93.4539572120644,100.0,6.546042787935605,135.69126162138554,3,1.191480277925726,888.2408045225541
97.08825596062886,100.0,2.9117440393711433,165.0937475178667,2,1.4285714285714286,480.71073527259284
94.07259488384872,100.0,5.927405116151277,135.69126162138554,2,1.0885216637522945,804.2970783516221
99.38898301229892,100.0,0.6110169877010776,94.48724643609444,3,1.1960258934352404,57.7333126935518
92.17861453913854,100.0,7.821385460861464,520.0989790168209,1,1.2070427311475347,4067.894592691054
90.91217434472372,100.0,9.087825655276276,520.0989790168209,1,1.1637816702709294,4726.568844792062
99.77710175210706,100.0,0.22289824789294244,65.49346639034677,3,1.3823686314483914,14.598378906843609
98.87173803235666,100.0,1.1282619676433399,520.0989790168209,2,1.2008777156975046,586.8078974348105
90.86042063051995,100.0,9.139579369480046,520.0989790168209,3,1.1780032435161263,4753.485898709771
99.4876494272325,100.0,0.5123505727675024,520.0989790168209,2,1.3612538798441087,266.4730097950614
99.22973225326896,100.0,0.7702677467310366,520.0989790168209,2,1.2895935584603568,400.6154686443993
93.0804809258724,100.0,6.9195190741276065,73.97812673916094,1,1.189027037779098,511.89305903985365
91.06065276817264,100.0,8.939347231827355,73.97812673916094,2,1.2965561172535505,661.3161624814916
86.72579179699268,100.0,13.27420820300732,73.97812673916094,2,1.2637063230269128,982.0010568040852
98.23756743432632,100.0,1.7624325656736772,73.97812673916094,2,1.4177046062882717,130.38145971263188
96.9136673996745,100.0,3.0863326003255054,73.97812673916094,1,1.0328726663013459,228.32110426608438
96.49929741909514,100.0,3.500702580904857,73.97812673916094,2,1.2918549847274792,258.9754192062873
96.29030679982132,100.0,3.709693200178677,96.43301547712593,2,1.1444279373877124,357.7369017882192
92.6236714349474,100.0,7.376328565052603,96.43301547712593,3,1.2777465231885983,711.3216066780838
97.50489278042916,100.0,2.4951072195708406,105.39438264509928,1,1.2248888339550743,262.97028503999894
92.48519794773372,100.0,7.514802052266276,96.43301547712593,3,1.1999407022118587,724.6750226137316
99.28135696142463,100.0,0.7186430385753653,71.86954147950267,3,1.1629448384184642,51.648545669848055
95.01022656490214,100.0,4.9897734350978595,96.43301547712593,1,1.2493258871448725,481.17889889414374
99.83138759457113,100.0,0.168612405428874,96.43301547712593,3,1.251242711185527,16.25980270235804
90.5618566251042,100.0,9.438143374895802,208.94876288193547,3,1.115529413444998,1972.088382086813
92.5919622986974,100.0,7.408037701302604,266.0472817636492,2,1.2859621336962677,1970.88829363419
95.57787549909268,100.0,4.422124500907316,200.9435505092946,3,1.4285714285714286,888.5973980064583
93.61071211517596,100.0,6.389287884824043,208.94876288193547,2,1.423123261521584,1335.033799230522
96.16589648659082,100.0,3.8341035134091754,216.95397525457636,2,1.3198985878257652,831.8239987716586
92.35743904085234,100.0,7.642560959147659,208.94876288193547,2,1.3435660282273094,1596.9036576636813
97.7620960595495,100.0,2.2379039404504937,208.94876288193547,2,1.4285714285714286,467.6072598057392
93.87561968413532,100.0,6.124380315864684,208.94876288193547,3,1.2032491684297504,1279.681690418403
87.974891568131,100.0,12.025108431869,123.43239452213115,2,1.3228783681112055,1484.2879281338603
91.86078556901676,100.0,8.139214430983245,139.15686897426883,1,1.2874972436408485,1132.6275961258134
97.6446864295416,100.0,2.3553135704584065,103.73621790356124,1,1.4285714285714286,244.3313217762881
91.68788335330126,100.0,8.31211664669874,123.43239452213115,2,1.1859954993370052,1025.9844612492927
99.56576939747264,100.0,0.43423060252736434,72.56537946762553,3,1.3610995004714461,31.510108448853867
99.50050865624068,100.0,0.4994913437593169,123.43239452213115,1,1.394242303491374,61.65341260328944
90.62031381636616,100.0,9.379686183633837,123.43239452213115,3,1.0714862719200904,1157.7571255120745
99.06965872255172,100.0,0.930341277448278,70.10902330519951,1,1.4104174260510292,65.22531830241041
94.60943960361097,100.0,5.390560396389034,123.43239452213115,1,1.1480341370126383,665.369777542467
96.91887165505612,100.0,3.0811283449438776,198.5468935165557,2,1.0917394276238153,611.7484614144136
96.21319400086858,100.0,3.786805999131417,123.43239452213115,3,1.3298928956503477,467.4145320635621
93.68835005911998,100.0,6.311649940880017,123.43239452213115,3,1.126598730712258,779.062065588288
94.74658160040704,100.0,5.2534183995929595,485.16843998916204,3,1.2224298715084954,2548.7928095408765
97.8644586090618,100.0,2.135541390938201,90.8449880095492,3,1.411995977525504,194.00323205367687
97.33448055285544,100.0,2.665519447144561,229.22529536281897,3,1.3358836225086825,611.00448256705
99.8961981167082,100.0,0.10380188329179418,217.29436640917714,2,1.3253495118015424,22.55556446196977
98.57649878170648,100.0,1.4235012182935236,229.22529536281897,1,1.2347933541679783,326.3024872126656
99.51142597344962,100.0,0.4885740265503813,541.0918259852859,3,1.2044796698656963,264.36341215512937
95.08970332016864,100.0,4.910296679831362,229.22529536281897,3,1.2131926183225235,1125.5642067534131
98.69855374360704,100.0,1.301446256392964,155.96364928142674,2,1.34011781369113,202.97830749069803
98.43110698642406,100.0,1.568893013575945,229.22529536281897,2,1.2463037205976373,359.6299644296091
97.73492745558632,100.0,2.265072544413684,229.22529536281897,2,1.3824562855047413,519.2119230114386
97.60585296941488,100.0,2.394147030585117,229.22529536281897,2,1.0808402289210173,548.7990602278894
98.79658925893968,100.0,1.203410741060324,61.62478930798643,1,1.1180430270351809,74.15993336881029
90.8307142426962,100.0,9.169285757303797,61.62478930798643,1,1.272716265994395,565.0553028985673
99.70714466443232,100.0,0.29285533556767973,61.62478930798643,2,1.4285714285714286,18.04714835207793
96.07660432309986,100.0,3.9233956769001423,61.62478930798643,2,1.4285714285714286,241.7784319608361
89.32210497757704,100.0,10.677895022422959,61.62478930798643,1,1.1404750891398407,658.0230310096119
97.18017450312192,100.0,2.8198254968780816,61.62478930798643,2,1.3470499529274327,173.77115213039994
88.397846117011,100.0,11.602153882989,61.62478930798643,3,1.2379052041553096,714.9802885580339
91.88644259226922,100.0,8.11355740773078,140.75339870329637,2,1.16912335856413,1142.0107807124143
91.70098539964108,100.0,8.299014600358916,61.62478930798643,1,1.1268318002291013,511.4250262110214
97.72397647170814,100.0,2.2760235282918586,216.09325799764562,2,1.176806804046855,491.83333950788426
98.84140514157116,100.0,1.1585948584288417,387.0042444570857,2,1.127408153932388,448.38112781811805
98.15027166388803,100.0,1.8497283361119656,387.0042444570857,2,1.181559436087326,715.8527171678735
96.84880979831154,100.0,3.1511902016884648,387.0042444570857,3,1.3552141452474327,1219.5239831450158
96.5898256355712,100.0,3.410174364428798,387.0042444570857,2,1.3075759646830214,1319.7519533726893
98.61513363942515,100.0,1.384866360574847,245.5203276032983,2,1.1839387728662005,340.01284253512387
92.29140485270614,100.0,7.708595147293863,387.0042444570857,3,1.2038135825383716,2983.2590408040187
92.47989580372524,100.0,7.520104196274758,2761.034801412273,3,1.2391192274167744,20763.269396161075
99.71056304530704,100.0,0.2894369546929596,78.29629272895107,2,1.3479391404107754,22.661840531216114
91.84239252840185,100.0,8.157607471598155,88.14945325835713,2,1.2464727417975243,719.0886385176664
91.1982691198444,100.0,8.801730880155603,130.62771820197742,2,1.3883542483829494,1149.7500211026088
97.42084748572218,100.0,2.5791525142778227,130.62771820197742,1,1.1553659137025334,336.90880783500495
96.86666569117024,100.0,3.1333343088297596,130.62771820197742,2,1.273183356220228,409.30031112640154
96.14127645443324,100.0,3.858723545566761,164.42758141885088,3,0.9483516585722956,634.4805799615156
92.7980371504349,100.0,7.201962849565106,164.42758141885088,2,1.2000351088344554,1184.2013328224057
99.02914722601908,100.0,0.9708527739809227,164.42758141885088,1,1.4285714285714286,159.6349735394654
94.37217330915225,100.0,5.627826690847755,57.00101308034718,2,1.0187269419327638,320.79182281893986
98.50151550467062,100.0,1.4984844953293788,124.86866023976029,2,1.2276795895854522,187.11375132183286
96.77127315054452,100.0,3.2287268494554837,162.12283123734755,2,1.0089421891864716,523.4503381257642
98.74622111121,100.0,1.253778888789995,162.12283123734755,2,0.8542034397386029,203.2661831962495
97.60752989976164,100.0,2.3924701002383557,162.12283123734755,1,1.4285714285714286,387.87402630134295
97.14462541220492,100.0,2.855374587795083,206.30512908219725,3,1.4285714285714286,589.0784229130904
95.37159144379798,100.0,4.628408556202018,129.6341912591114,2,1.3676819674897172,600.0
92.9486006406928,100.0,7.051399359307197,129.6341912591114,3,1.4079073152858697,914.1024531888047
95.1675968850102,100.0,4.832403114989802,129.6341912591114,2,1.1422968546140717,626.4446696497137
98.19647153543194,100.0,1.8035284645680605,129.6341912591114,2,1.1514189349440211,233.79895391706745
95.65551452479612,100.0,4.344485475203882,129.6341912591114,2,1.4285714285714286,563.1938610150115
96.49504210501912,100.0,3.504957894980876,129.6341912591114,2,1.4285714285714286,454.36238211308336
96.71542067538012,100.0,3.2845793246198838,197.6512856470421,3,1.2833962558993863,649.2013263208132
97.56586051192032,100.0,2.43413948807968,681.5504659551074,2,1.3800420639541937,1658.9889023004323
93.02631881928508,100.0,6.9736811807149195,197.6512856470421,3,1.2814366504203214,1378.3570510608863
92.98796646087484,100.0,7.012033539125156,197.6512856470421,3,1.4285714285714286,1385.9374440082656
97.4836725216406,100.0,2.5163274783594005,197.6512856470421,2,1.217804121274262,497.35536120671503
93.67429335281938,100.0,6.325706647180624,109.5112597926404,2,1.2606647978651158,692.7361040114296
94.77902777108169,100.0,5.220972228918313,499.54309137084596,2,1.3139582058155423,2608.10060719519
93.95575014412503,100.0,6.044249855874966,109.5112597926404,3,1.3552840198338665,661.9134162183527
89.99708188673719,100.0,10.002918113262808,109.5112597926404,2,1.3217090863040097,1095.4321641860317
94.62742378827902,100.0,5.3725762117209825,109.5112597926404,3,1.4285714285714286,588.3575892775364
98.10043140426528,100.0,1.8995685957347206,109.5112597926404,1,1.3157660406784164,208.0241499814461
99.53540731483872,100.0,0.4645926851612785,109.5112597926404,1,1.3796801297920955,50.87813024245716
88.68303541753394,100.0,11.316964582466056,109.5112597926404,2,1.340135841316011,1239.3350484545506
92.48240506837254,100.0,7.517594931627457,80.38236390278288,2,1.3466706917577682,604.2820514677944
99.94672896814812,100.0,0.05327103185187809,80.38236390278288,1,1.4285714285714286,4.282051467794403
97.03380957510078,100.0,2.9661904248992244,80.38236390278288,2,1.0899517908570993,238.42939813919963
90.16792107903026,100.0,9.832078920969735,80.38236390278288,3,1.0855467134515848,790.3257457462702
93.50434624254116,100.0,6.4956537574588396,168.3899410498193,2,1.0980779972777808,1093.8027532985311
97.17157815186478,100.0,2.8284218481352212,168.3899410498193,2,1.3766241221114068,476.2777882715109
97.29600785775769,100.0,2.7039921422423134,168.3899410498193,2,1.2045958912258923,455.3250774313578
98.53535860649774,100.0,1.4646413935022622,107.23626608505985,2,1.3136229138226978,157.06267419280144
98.35093177932868,100.0,1.6490682206713245,107.23626608505985,2,1.3385956621171908,176.83991850432636
94.35391024162608,100.0,5.646089758373918,107.23626608505985,3,1.2185573895223256,605.4655836691168
96.72719432691056,100.0,3.2728056730894366,228.6722252326311,3,1.292152744979028,748.3997560193404
96.60863712229622,100.0,3.3913628777037843,107.23626608505985,1,1.2664661338226697,363.67709194443734
94.0523841816848,100.0,5.9476158183151995,107.23626608505985,3,1.3124496409824764,637.8001124645597
98.81352598487578,100.0,1.1864740151242188,107.23626608505985,2,1.2156358792278326,127.23304318887006
95.98791036010714,100.0,4.012089639892864,107.23626608505985,1,1.056104157770528,430.2415121806631
93.92817758241785,100.0,6.071822417582155,107.23626608505985,1,0.9999017314637823,651.1195643930713
91.80548326102974,100.0,8.194516738970265,107.23626608505985,2,1.4285714285714286,878.7493774586923
92.21277875169255,100.0,7.787221248307446,115.39204592535319,2,1.16571558045378,898.583391915579
98.8796501292298,100.0,1.1203498707701982,115.39204592535319,1,1.147753915620424,129.27946374037822
96.66797011391128,100.0,3.332029886088719,115.39204592535319,1,1.3385706438896459,384.48974564019886
86.57800693257064,100.0,13.421993067429355,173.44767715691862,3,1.0735634751158778,2328.0135203618865
95.84994752631188,100.0,4.15005247368812,173.44767715691862,2,1.1413679447966254,719.8169616405286
98.88831902473908,100.0,1.1116809752609242,173.44767715691862,2,1.1190841211435454,192.81848289854523
95.03304163963828,100.0,4.966958360361716,45.08371419691409,2,1.078182728209656,223.9289311465206
93.15418690962755,100.0,6.845813090372445,197.9221910150402,2,1.1592903389581697,1354.9383261259577
88.51618831273242,100.0,11.483811687267576,197.9221910150402,2,1.2144765023768147,2272.901170348124
97.4920770006299,100.0,2.507922999370095,66.84574874563697,2,1.4285714285714286,167.64399068929762
92.65523165875864,100.0,7.3447683412413625,197.9221910150402,2,1.1633605586960611,1453.692642596393
92.6288919734594,100.0,7.371108026540597,197.9221910150402,2,1.1715612775951587,1458.905850821464
93.600293223776,100.0,6.399706776223994,505.2674904077234,3,1.1686130283961782,3233.5637821679993
97.0087490931088,100.0,2.991250906891196,176.03279109418233,2,1.4285714285714286,526.5582460030613
98.49028815565916,100.0,1.509711844340842,404.9842593870909,2,1.4285714285714286,611.409533168295
97.00093599852404,100.0,2.9990640014759578,197.9221910150402,2,1.1108142551079316,593.5813181664553
92.4552048195742,100.0,7.544795180425794,197.9221910150402,2,1.4285714285714286,1493.2823928695886
98.81251406332836,100.0,1.187485936671635,88.44192608055594,2,1.3386968433508102,105.02354343281249
95.60585934040692,100.0,4.394140659593077,197.9221910150402,1,1.10027574982041,869.6979469749358
98.06066572950192,100.0,1.9393342704980796,234.69156767558857,2,1.3717199042779902,455.14540019018824
98.76618981234456,100.0,1.2338101876554362,129.35761187417592,3,1.2655235820288142,159.60273938113608
95.44932979671567,100.0,4.5506702032843265,124.61066645061116,2,1.112930787787193,567.062046828198
94.02894054287694,100.0,5.9710594571230615,124.61066645061116,3,1.2481348088729212,744.0576983683292
86.0483713608067,100.0,13.951628639193302,124.61066645061116,1,1.1831916920624823,1738.5217428013107
91.53665380486908,100.0,8.463346195130924,81.12886884098822,3,1.0601384442062736,686.6217034206535
95.0181032803743,100.0,4.981896719625695,140.96297867620456,2,1.1684654480426837,702.2630010556503
91.91757350956917,100.0,8.082426490430834,124.61066645061116,3,1.290029801296871,1007.1565515106604
99.43334783031456,100.0,0.5666521696854403,71.25290526666627,3,1.2750494182897967,40.37561336574758
99.6419510133547,100.0,0.3580489866453007,124.61066645061116,1,1.2891410751679329,44.6167228478369
97.79688861503956,100.0,2.2031113849604367,124.61066645061116,2,1.263968106474311,274.531177944849
99.99067975620036,100.0,0.009320243799635364,138.6753941525571,3,1.4285714285714286,1.2924884825123604
89.2850797168845,100.0,10.714920283115504,138.6753941525571,3,1.2083109912469538,1485.895793574271
93.28651677376908,100.0,6.71348322623092,138.6753941525571,2,1.3211925262859945,930.9949325341535
99.99214242972504,100.0,0.007857570274964587,87.27927170167949,3,1.3934812465617443,0.6858030109436746
93.04343015226178,100.0,6.956569847738223,138.6753941525571,2,1.2780085081519885,964.705065584892
94.75846986620571,100.0,5.241530133794285,320.45371352449433,1,1.3085496313698126,1679.6677959249182
97.70326769907491,100.0,2.296732300925086,138.6753941525571,2,1.3845022651236187,318.50025709369567
98.1399978874378,100.0,1.8600021125621993,138.6753941525571,1,1.4285714285714286,257.93652608415186
98.3471457425338,100.0,1.6528542574662026,157.23148037631577,2,1.2427000683614973,259.88072174770724
97.34052608859432,100.0,2.6594739114056836,157.23148037631577,3,1.4285714285714286,418.1530201125065
92.31798269565076,100.0,7.682017304349245,157.23148037631577,3,1.1853397487980046,1207.8549530393063
96.70215819010552,100.0,3.2978418098944786,201.50131099958116,2,1.327741989024466,664.519448162969
97.57606474376946,100.0,2.4239352562305356,201.50131099958116,1,1.4285714285714286,488.4261319085586
95.80651099932813,100.0,4.193489000671875,201.50131099958116,2,1.4074205397708948,844.9935312977062
99.36347013076428,100.0,0.6365298692357158,168.68341125914029,2,1.4285714285714286,107.37202971101503
95.488215558587,100.0,4.511784441412999,248.26702868631776,3,1.249459132035833,1120.1273173427633
98.17563311116533,100.0,1.8243668888346747,248.26702868631776,1,1.2675733665314406,452.93014672468644
83.94576622622547,100.0,16.054233773774527,248.26702868631776,2,1.1136927034396271,3985.736916850532
99.3329235681415,100.0,0.6670764318585043,33.33707712310531,1,1.221340121459073,22.238378455872862
98.7464264854045,100.0,1.2535735145955016,248.26702868631776,2,1.2507138564059879,311.22097170848957
99.33004131175848,100.0,0.6699586882415218,248.26702868631776,1,1.411665208644637,166.32865287230572
95.23492820964626,100.0,4.765071790353744,248.26702868631776,3,1.3706561202311556,1183.0102148681165
97.63333088679671,100.0,2.3666691132032867,247.0278599213067,3,1.4106482870619292,584.6332061764647
98.51989956393288,100.0,1.4801004360671186,215.64598255639956,2,1.4285714285714286,319.1777128178492
96.72251709379512,100.0,3.277482906204881,215.64598255639956,1,1.1818213491810998,706.7760216203554
96.35670848377306,100.0,3.643291516226938,215.64598255639956,2,1.35812974289898,785.6611787561528
99.41396168307426,100.0,0.5860383169257375,215.64598255639956,2,1.1387536812507182,126.37680866914934
98.38583489495812,100.0,1.6141651050418773,215.64598255639956,2,1.2598772358878474,348.08822008500954
98.54807757679036,100.0,1.4519224232096377,215.64598255639956,3,1.3512140680347045,313.1012375487109
95.66394015389804,100.0,4.336059846101961,215.64598255639956,2,1.314536609894356,935.053885936008
92.9666712231708,100.0,7.033328776829194,181.58544535375933,3,1.2739957046747985,1277.1501382599406
91.61190485595075,100.0,8.388095144049245,181.58544535375933,3,1.3292259231599697,1523.1559924018882
94.13408520556592,100.0,5.865914794434076,235.02264251943225,2,1.411355930183673,1378.6227957817287
99.51024718937995,100.0,0.48975281062004683,181.58544535375933,2,1.4285714285714286,88.93198222969656
99.92466855180452,100.0,0.07533144819548454,1386.2169984707486,3,1.3678046121960357,104.42573400799927
96.14928094261658,100.0,3.850719057383415,181.58544535375933,1,1.3943672081466498,699.2345349671757
99.4550961093232,100.0,0.5449038906768067,1251.527232329107,2,1.2867163119782141,681.9620581841061
99.72254027088638,100.0,0.27745972911361605,2243.4589579112367,2,1.4285714285714286,622.4695147395671
98.74174340358168,100.0,1.2582565964183203,1251.527232329107,1,1.2173895273001896,1574.7423956752625
96.71848389485008,100.0,3.281516105149919,1251.527232329107,2,1.0704633858627666,4106.906768921669
92.23381822103563,100.0,7.766181778964366,1251.527232329107,1,1.1497726291923975,9719.587987592013
97.31274183094712,100.0,2.687258169052882,223.27590512506234,2,1.3359742271256232,600.0
99.76418598352775,100.0,0.2358140164722471,170.9738081613539,3,1.314095178957711,40.31802041408432
96.07218745699188,100.0,3.927812543008116,170.9738081613539,1,1.3407813755874027,671.5530682220293
96.3539825168736,100.0,3.6460174831264,1997.5181512988154,2,1.3402160644287258,7282.986102497806
96.76295303987284,100.0,3.2370469601271594,1347.618810592077,2,1.3122294518367998,4362.30537423726
89.64277986434367,100.0,10.357220135656334,170.9738081613539,1,1.3561320432891435,1770.8133685586179
99.80169520331924,100.0,0.19830479668075895,57.319705257403356,2,1.3864429356309376,11.366772496870402
99.98062039204746,100.0,0.01937960795254412,170.9738081613539,2,1.3379105384630285,3.313405372320527
93.66168859573186,100.0,6.33831140426814,170.9738081613539,2,1.1292517962982898,1083.6852381002625
95.73881943467424,100.0,4.261180565325759,170.9738081613539,2,1.4285714285714286,728.5502685168959
89.53435159724371,100.0,10.465648402756287,275.5750042607991,1,1.320439756433995,2884.071103181589
99.25469666373657,100.0,0.7453033362634329,60.62205935546286,2,1.403017465658358,45.181823088786324
95.97416253549368,100.0,4.025837464506324,275.5750042607991,1,1.4285714285714286,1109.420176434615
97.94017734771496,100.0,2.0598226522850354,305.18590006048527,2,1.4285714285714286,628.6288301025845
98.56901630466996,100.0,1.4309836953300419,811.0081410792383,1,1.2142702702816106,1160.5394266643164
93.9190099195364,100.0,6.080990080463593,275.5750042607991,2,1.1466287050902946,1675.7688673336318
96.26242821171395,100.0,3.737571788286047,244.98545689346275,3,1.3669128595276532,915.6507322253739
97.01264373152344,100.0,2.98735626847656,221.2454265990206,1,1.2227786703010997,660.9389120223549
95.40199332139326,100.0,4.598006678606737,163.01883931512654,3,1.3366708710388653,749.5617119096703
85.8453078961899,100.0,14.154692103810106,163.01883931512654,1,1.4100891515503828,2307.48147762611
97.21029358387074,100.0,2.7897064161292633,163.01883931512654,2,1.1011116008003372,454.7747019873539
98.42387154445868,100.0,1.5761284555413226,374.4897070348606,3,1.0820772736298607,590.2438835649772
97.62905514524128,100.0,2.3709448547587186,163.01883931512654,3,1.353825384491247,386.5086783029376
99.17110489618727,100.0,0.8288951038127266,163.01883931512654,1,1.347880710421011,135.125517737542
91.81259141344296,100.0,8.18740858655704,163.01883931512654,3,1.1843785659569053,1334.7018447792295
93.69526514060011,100.0,6.304734859399886,160.75945487602462,3,1.32463918515664,1013.5457391349954
98.0737044114689,100.0,1.9262955885311044,136.55054639738404,2,1.423519701916419,263.03671513679274
90.84503758834882,100.0,9.154962411651184,160.75945487602462,2,1.2859502453046336,1471.74676670754
98.66328591485605,100.0,1.336714085143953,56.465664663623514,1,1.0511014006226025,75.47844928288073
97.2598254134579,100.0,2.7401745865420963,160.75945487602462,3,1.174073541259231,440.50897279764354
95.48352357942468,100.0,4.516476420575316,160.75945487602462,2,1.1472087553948607,726.0662873321066
99.26668270783996,100.0,0.7333172921600379,140.0295377140654,2,1.261319104406519,102.68608141890036
92.35486421715352,100.0,7.645135782846481,160.75945487602462,3,1.2540154462123227,1229.02786090359
95.32338388181893,100.0,4.676616118181073,160.75945487602462,1,1.1362323882865961,751.8102578232197
96.37928981450466,100.0,3.6207101854953407,232.51232978936812,3,1.3801590000915502,841.8597607216169
99.5629936426242,100.0,0.4370063573757932,232.51232978936812,2,1.0002883712558521,101.60936628621089
97.51962868138116,100.0,2.480371318618836,232.51232978936812,1,1.405828074833242,576.7169140347927
93.97404434305452,100.0,6.025955656945484,128.09570448695914,2,1.4285714285714286,771.8990350836085
94.9603549319876,100.0,5.039645068012405,608.3276472262527,3,1.4285714285714286,3065.7554270793744
98.43319066875024,100.0,1.5668093312497575,128.09570448695914,2,1.2037110937214763,200.701545083179
99.04945599925318,100.0,0.9505440007468167,836.7936153388056,1,1.2278259379036185,795.409150923541
91.48763827104352,100.0,8.512361728956478,128.09570448695914,2,1.4285714285714286,1090.3969725185095
94.92133736464952,100.0,5.078662635350483,131.17767228346946,3,1.0724396533835556,666.207142818307
97.08717049866216,100.0,2.912829501337839,128.09570448695914,1,1.3289804809692864,373.1209470242684
92.53406096485642,100.0,7.4659390351435775,128.09570448695914,2,1.0362298685407236,956.3547203634046
96.212890065344,100.0,3.7871099346560015,125.01373669044881,2,1.0950099345178916,473.4407641888682
94.8879318019561,100.0,5.1120681980439,128.09570448695914,2,1.3004800283803657,654.8339772138131
92.76312910491342,100.0,7.236870895086582,128.09570448695914,3,1.4285714285714286,927.0120755872863
97.73842463455458,100.0,2.261575365445424,433.95397564989577,2,1.4285714285714286,981.4196210669076
93.2384920306124,100.0,6.761507969387594,152.22698918464116,2,1.4285714285714286,1029.2840005278304
92.54934373460338,100.0,7.450656265396617,152.22698918464116,3,1.4285714285714286,1134.1909707310097
96.2994852783543,100.0,3.7005147216457033,101.55754739894074,2,1.4285714285714286,375.8151992440115
98.273359838417,100.0,1.7266401615830063,261.28930905043694,3,1.2279817141690887,451.1526147987585
98.33448360131467,100.0,1.6655163986853267,7467.762641274021,3,1.0868041739556717,12437.681140531531
86.34401666678974,100.0,13.655983333210258,101.55754739894074,2,1.298338154586236,1386.8681746416455
93.06016272456772,100.0,6.939837275432282,82.69969843196476,3,1.322436318103018,573.9224498451578
92.70976126118904,100.0,7.290238738810956,101.55754739894074,1,1.1260895247184286,740.3787662663876
89.03885948092446,100.0,10.961140519075542,101.55754739894074,2,1.4285714285714286,1113.1865478124644
97.5770170333707,100.0,2.4229829666293057,58.29609776729707,1,1.1850982557856944,141.2504519111175
94.42326325285772,100.0,5.576736747142277,101.55754739894074,2,1.3611822178561754,566.3597065293164
95.8553094966705,100.0,4.1446905033295,101.55754739894074,1,1.2237618287020562,420.9246022458252
90.54407811636176,100.0,9.45592188363824,117.26741941571561,3,1.2547445974435198,1108.871557490849
91.7717994675954,100.0,8.2282005324046,117.26741941571561,1,1.40862329990048,964.8998428701046
91.99381970386612,100.0,8.006180296133877,2510.2914087836743,1,1.3269892659202775,20097.845614558006
85.6992275202869,100.0,14.300772479713103,117.26741941571561,3,1.2263981938382795,1677.0146843472398
99.33519206128364,100.0,0.6648079387163648,39.06015601028576,2,1.2681497674334696,25.967501803137704
93.99385396612672,100.0,6.006146033873279,117.26741941571561,2,1.2001062634886934,704.3252460262546
99.11036461323994,100.0,0.8896353867600624,117.26741941571561,2,1.4285714285714286,104.3252460262546
97.75993889193252,100.0,2.2400611080674793,117.26741941571561,1,1.1895543298607794,262.6861854765817
96.08794048479028,100.0,3.9120595152097195,117.26741941571561,1,1.2911115142567855,458.75712394933925
94.77981659540649,100.0,5.220183404593513,171.69626334970295,3,1.3608165556376985,896.2859845688367
95.60923893662178,100.0,4.390761063378221,627.480372316844,2,1.2391577130325704,2755.116386802868
96.77437401126464,100.0,3.2256259887353593,171.69626334970295,3,1.4285714285714286,553.8279292295522
94.23726907329656,100.0,5.762730926703441,147.1295962946959,1,1.1178602439610954,847.8682748008359
95.93052595945645,100.0,4.069474040543554,299.3536203844971,2,1.2068632836022437,1218.2117870974407
94.8133600956553,100.0,5.186639904344702,147.1295962946959,3,1.2604928987167168,763.1082352521961
87.60155759725954,100.0,12.398442402740457,147.1295962946959,2,1.2475617574074591,1824.1778253982427
91.6795950221582,100.0,8.320404977841804,147.1295962946959,2,1.4285714285714286,1224.1778253982427
96.5544190400963,100.0,3.445580959903694,115.40963605185013,3,1.339527775540607,397.6532445696697
98.38382642790316,100.0,1.6161735720968409,303.7584507315918,3,1.3230903663741382,490.92638037347893
85.84857739384465,100.0,14.15142260615535,147.1295962946959,1,1.2824786242560813,2082.09309503927
93.08476214697298,100.0,6.915237853027023,147.1295962946959,2,1.161703243623382,1017.4361535976653
98.83740885700853,100.0,1.1625911429914737,77.27517130281362,2,1.0584208570537244,89.83942972980002
91.0712606678325,100.0,8.928739332167495,147.1295962946959,2,1.0264789442120894,1313.6818133623763
88.67456892518113,100.0,11.325431074818866,147.1295962946959,2,1.205254802067488,1666.3061019015036
98.78821571757376,100.0,1.2117842824262368,857.5555128000456,3,1.4285714285714286,1039.1722917190668
95.41936055277368,100.0,4.580639447226318,346.96907580217476,3,1.2693183341615943,1589.3402355871
98.36479043702391,100.0,1.6352095629760868,346.96907580217476,2,1.252771441136838,567.3671508086909
98.3964618348378,100.0,1.603538165162206,346.96907580217476,3,1.4285714285714286,556.3781551798457
90.55362713556733,100.0,9.446372864432675,221.9871114425868,2,1.4285714285714286,2096.9730257850442
99.09715978632433,100.0,0.9028402136756739,61.64633148975049,2,1.2539939187668399,55.65678709452776
97.64891930348364,100.0,2.3510806965163624,221.9871114425868,2,1.4285714285714286,521.9096125880924
97.65561881879655,100.0,2.3443811812034454,77739.99898587143,3,1.2400483657904733,182252.1906492519
96.1703452925309,100.0,3.8296547074691034,221.9871114425868,3,1.3521217115529112,850.133986333571
94.69957343874134,100.0,5.300426561258661,221.9871114425868,3,1.0515234574363623,1176.6263817473734
99.61876606936605,100.0,0.38123393063395383,97.42598787181082,2,1.1410885751674853,37.142092302266356
97.33770521389836,100.0,2.66229478610164,221.9871114425868,3,1.2505775640903714,590.9951293753626
98.05727505101008,100.0,1.9427249489899197,264.2654851493005,2,1.3008445676997593,513.3951511564712
99.54170773167982,100.0,0.45829226832017866,144.07794087370218,3,1.4285714285714286,66.02980633790955
98.21787930456792,100.0,1.7821206954320843,339.89874720423234,3,1.0182821535635578,605.7405917441007
94.28095587953476,100.0,5.719044120465242,339.89874720423234,2,0.9944804937047081,1943.8959317518663
95.04769019348332,100.0,4.952309806516681,699.937249283592,1,1.2777759681821375,3466.306103573443
98.6384148568756,100.0,1.361585143124401,155.36723896506885,2,1.328288040083416,211.54572430309628
99.6847145385975,100.0,0.315285461402496,339.89874720423234,2,1.2019987930937237,107.16513334241675
99.45617087082545,100.0,0.5438291291745543,339.89874720423234,2,1.230464619646057,184.84683969959963
98.15779235925588,100.0,1.842207640744121,339.89874720423234,2,1.167899441552208,626.1640691789912
98.94938785528748,100.0,1.0506121447125167,115.53080289149926,2,1.2712318126643203,121.37806460619707
94.473729719494,100.0,5.526270280505997,115.53080289149926,2,1.1244724284624772,638.4544425022888
95.54062820807492,100.0,4.459371791925079,115.53080289149926,2,1.3535141610696915,515.1948035128082
98.2981066973715,100.0,1.7018933026285055,115.53080289149926,3,1.3637644183030526,196.62109968833656
98.71954021672695,100.0,1.280459783273045,524.527457245184,2,1.1632181926249792,671.6363142249297
99.7598358712492,100.0,0.24016412875080562,524.527457245184,3,1.299199129642297,125.97267977516506
97.69096834082004,100.0,2.309031659179965,524.527457245184,2,1.1101937015279921,1211.1505048882952
99.43278990736256,100.0,0.5672100926374384,524.527457245184,1,1.4248045185483416,297.5172676149208
91.03516353136696,100.0,8.964836468633038,5640.288356343015,2,1.3996457302181013,50564.26275055016
92.34005313062252,100.0,7.659946869377478,459.8090139903791,1,1.4285714285714286,3522.1126172271497
95.219934510385,100.0,4.780065489614998,172.28243268763757,3,1.181316595136453,823.5213109570951
94.40266904337876,100.0,5.597330956621235,172.28243268763757,2,1.104953066254028,964.3217937645279
98.03775508003964,100.0,1.962244919960355,165.05799146122783,3,1.4285714285714286,323.884205243654
95.5856206043498,100.0,4.414379395650201,172.28243268763757,2,1.3430728914196055,760.5200210887999
99.1106780594693,100.0,0.8893219405307065,143.7661588886683,1,1.2066285004390331,127.85439940551635
99.8866113107841,100.0,0.11338868921589551,747.4218451944159,1,1.3808320534414726,84.7491833179208
87.85910243707033,100.0,12.140897562929666,172.28243268763757,1,1.088331423698564,2091.663367152933
97.7748123359024,100.0,2.2251876640976036,51.79800815505822,3,1.2228905290545113,115.26028877146263
94.6355772410286,100.0,5.364422758971401,172.28243268763757,2,1.2697931691602593,924.1958028805213
82.80415776890297,100.0,17.195842231097032,172.28243268763757,3,1.2349468912099713,2962.54153168621
95.04922652960562,100.0,4.950773470394381,172.28243268763757,2,1.2837875260883713,852.9312971649618
95.55471940263008,100.0,4.445280597369916,170.07703547929694,3,1.4285714285714286,756.0401458743135
97.26542640792806,100.0,2.734573592071939,310.6214650748561,3,1.265195991189231,849.4172555243975
94.50088782478508,100.0,5.499112175214918,170.07703547929694,2,1.2411780944236654,935.2726965286614
98.42991693497106,100.0,1.570083065028939,170.07703547929694,3,1.1001502484949444,267.0350731563701
94.77553518567396,100.0,5.224464814326041,170.07703547929694,2,1.231902263795605,888.5614875864685
95.65523737012884,100.0,4.3447626298711555,595.4031796300948,2,1.2470892327428065,2586.8854845632986
97.89961998583156,100.0,2.1003800141684366,235.15869039083907,2,1.2566335158205173,493.92261345494154
92.42520570248796,100.0,7.574794297512042,170.07703547929694,2,1.2282969573252416,1288.2985584863318
89.9023178883806,100.0,10.097682111619406,170.07703547929694,2,1.1260254921702357,1717.3838387565556
99.21170233424397,100.0,0.7882976657560334,62.23065798300673,3,1.379355046387729,49.056282426466275
90.80487689920656,100.0,9.195123100793438,466.36796577070174,1,1.271448651866482,4288.310855528223
90.93429375024196,100.0,9.065706249758037,3962.774747148266,3,1.2210710217584213,35925.35179160536
99.16904717351262,100.0,0.8309528264873762,71.1415877484318,2,1.3948415077340688,59.115303420359105
92.94845327008234,100.0,7.051546729917661,466.36796577070174,2,1.2559899572335123,3288.6155039687433
95.09610488861298,100.0,4.9038951113870155,238.37970723013015,3,1.2189442001372626,1168.9890809397032
91.62435681833892,100.0,8.375643181661076,466.36796577070174,2,1.2614166279522123,3906.131672652524
92.1640652447995,100.0,7.835934755200498,867.8433469812803,3,1.1151961124132101,6800.36384468014
98.418921914929,100.0,1.581078085070999,466.36796577070174,2,1.350325658222792,737.3641702591983
98.81566656839016,100.0,1.1843334316098435,1473.7667319905033,2,1.3921644556336947,1745.4312110907374
94.31708952154644,100.0,5.6829104784535645,466.36796577070174,2,1.3018714397497164,2650.3273994933943
91.83505702492076,100.0,8.164942975079242,92.98696507115713,2,1.3933044693705932,759.2332672316833
98.67207648753325,100.0,1.3279235124667537,78.5672636948965,3,1.2789664547767023,104.3313167706286
99.90367760739638,100.0,0.09632239260362496,99.67514428265793,3,1.3779848520578137,9.60094838041714
95.168089712983,100.0,4.831910287016996,99.67514428265793,2,0.9563887018962378,481.6213550192781
90.4031900744202,100.0,9.596809925579805,99.67514428265793,3,1.3672082942998973,956.5634139854108
92.41199745188572,100.0,7.588002548114275,99.67514428265793,2,1.3419909734278954,756.3352488004664
97.81716614445372,100.0,2.182833855546278,99.67514428265793,2,1.2827642126281444,217.57427949664574
99.87559588379013,100.0,0.1244041162098739,199.69427169975148,3,1.325071103269853,24.842789382982016
96.67656909969442,100.0,3.3234309003055813,199.69427169975148,2,1.3184845629642814,663.6701131809724
92.3084834237624,100.0,7.691516576237603,199.69427169975148,2,1.0544233067397228,1535.9518009583342
97.88000028236524,100.0,2.119999717634755,105.55358602259211,3,1.4002228190734713,223.7735725632311
96.87697576744016,100.0,3.1230242325598425,88.87632368692927,2,1.2338192268363264,277.5629125751124
85.6751712676298,100.0,14.324828732370193,71.16079924003276,2,1.0965930250475002,1019.3662615720483
93.2085561929796,100.0,6.7914438070204,71.16079924003276,2,1.3120667026760136,483.28456930134246
91.46409819707696,100.0,8.535901802923036,71.16079924003276,3,1.320291984902727,607.4215945304398
93.3237098620571,100.0,6.6762901379429,313.115255351169,1,1.38636376508159,2090.4482913404827
96.07044215523877,100.0,3.9295578447612343,71.16079924003276,2,1.2260554362348535,279.63047689315
90.67196540046989,100.0,9.328034599530113,71.16079924003276,2,1.190985662363796,663.7903974412418
99.17464621265368,100.0,0.8253537873463159,71.16079924003276,3,1.174599585738211,58.73283516335188
92.06175176846692,100.0,7.9382482315330805,109.01425211767729,2,1.1520026104464358,865.3821940850531
95.2501232682256,100.0,4.749876731774407,171.07328392285294,1,1.2986790067374954,812.5770107333959
99.76810251851018,100.0,0.23189748148982403,94.41400658213539,2,1.0156202920817137,21.894370343760865
98.27755338280026,100.0,1.7224466171997364,109.01425211767729,1,1.2159241339861444,187.77122978665244
87.87959063403967,100.0,12.120409365960327,109.01425211767729,2,1.011381915897016,1321.2973623902562
98.13131851237614,100.0,1.86868148762386,58.52671931215571,1,1.4285714285714286,109.36779690998323
89.42765324747228,100.0,10.572346752527721,109.01425211767729,2,1.398647547168254,1152.5364743555638
95.30792881670664,100.0,4.692071183293365,84.01185186276498,1,1.1762210477017925,394.18958918039056
98.57667151142311,100.0,1.4233284885768853,166.0969648604406,3,1.2926862869098692,236.41054195201897
95.44955222104905,100.0,4.550447778950954,109.01425211767729,2,1.2180677671025275,496.0636614228839
92.7941858028164,100.0,7.205814197183599,109.01425211767729,3,1.131948004773262,785.5364456049113
92.08442072707211,100.0,7.915579272927886,109.01425211767729,2,1.3963039644994526,862.9109545164213
91.56813908958502,100.0,8.431860910414983,109.01425211767729,3,1.068652613816729,919.1930111091668
93.62746782773688,100.0,6.372532172263121,195.5058926126163,1,1.3824588447145059,1245.8675905409161
96.90164571315714,100.0,3.098354286842863,195.5058926126163,2,1.4285714285714286,605.7465204793401
96.17935323965544,100.0,3.820646760344559,195.5058926126163,3,1.2553081195536069,746.9589552386636
95.26673239432364,100.0,4.73326760567636,195.5058926126163,1,1.2441391581406727,925.381708222138
97.05531933247728,100.0,2.944680667522718,335.4603498443189,1,1.4285714285714286,987.8236069069735
98.62042832428976,100.0,1.3795716757102383,195.5058926126163,2,1.1453868223946528,269.71439188281295
94.01178223809046,100.0,5.988217761909539,376.3275985748503,2,1.4285714285714286,2253.5316100826813
95.57388754027498,100.0,4.426112459725019,309.5186447856667,2,1.1511921812968022,1369.9643302030415
97.13586481846828,100.0,2.864135181531722,384.1285071022328,3,1.4285714285714286,1100.195971420763
98.4235562135882,100.0,1.5764437864118008,435.13704737014257,2,1.3341005514200528,685.9690945642387
99.67593552729204,100.0,0.3240644727079598,376.3275985748503,2,1.276507245880263,121.95440479761163
96.0678379413756,100.0,3.9321620586243995,376.3275985748503,2,1.1724304780185413,1479.78110472926
97.18453523252992,100.0,2.8154647674700755,152.05932757345803,3,1.0940670613105046,428.1176793482621
96.32417692321404,100.0,3.67582307678596,152.05932757345803,1,1.4285714285714286,558.9431853350727
95.45668632850928,100.0,4.543313671490722,152.05932757345803,1,1.291023895089955,690.853221842178
92.2490419298656,100.0,7.750958070134402,152.05932757345803,1,1.120577201938509,1178.6054721947053
99.1883041814206,100.0,0.8116958185793948,71.77584508858534,2,1.1858843152301908,58.26015333340711
94.22077311952502,100.0,5.77922688047498,152.05932757345803,2,1.3333499365527204,878.7853533394789
97.22947651308816,100.0,2.7705234869118414,141.5056008144762,2,1.0136866223302508,392.0445905860777
93.16699497974288,100.0,6.833005020257119,152.05932757345803,3,1.397768509988102,1039.0221486863604
96.91714796002044,100.0,3.0828520399795565,152.05932757345803,2,1.3577279535204898,468.77640820775474
99.67488619947724,100.0,0.3251138005227574,189.65811159201465,3,1.2453033970487228,61.660469459649114
99.65722094219814,100.0,0.342779057801863,152.05932757345803,3,1.04266402077107,52.12275303561479
97.16182838699268,100.0,2.8381716130073187,122.458255520548,3,1.1007421684596623,347.5575445968161
95.16109923443564,100.0,4.838900765564361,122.458255520548,2,1.305593510362008,592.5633463880558
93.7363796041639,100.0,6.263620395836099,122.458255520548,2,1.2504336045153956,767.032026917013
94.14177363114126,100.0,5.8582263688587375,122.458255520548,1,1.1102183904683456,717.3881815749153
98.40985385121638,100.0,1.5901461487836173,122.458255520548,2,1.4285714285714286,194.72652340275954
95.57265697244908,100.0,4.4273430275509185,122.458255520548,2,1.2708714696569905,542.1647037449469
96.29046121409556,100.0,3.709538785904442,122.458255520548,3,1.3297110922674478,454.2636485076696
95.80749567574722,100.0,4.192504324252781,210.31041972532046,3,1.0114470842653809,881.7273441338233
98.20801704740984,100.0,1.7919829525901605,210.31041972532046,2,1.2020348981761135,376.8726868998557
94.2286477347646,100.0,5.771352265235393,210.31041972532046,1,1.3591880620761183,1213.7755172843345
94.84377640501329,100.0,5.156223594986713,126.74831900007439,3,1.16504823871399,653.5426730530862
96.42511279277124,100.0,3.5748872072287554,373.9995648291899,2,1.408140763976284,1337.0062598169927
95.89233870184596,100.0,4.107661298154042,126.74831900007439,2,1.4285714285714286,520.6391645626882
99.9311581788264,100.0,0.06884182117360638,110.35725304019878,2,1.0612214833447935,7.597194279003793
94.82524995040065,100.0,5.1747500495993535,126.74831900007439,3,1.4285714285714286,655.8908700322696
96.90506305169151,100.0,3.0949369483084865,126.74831900007439,2,1.4280072300990183,392.2780556093208
96.37201035462746,100.0,3.627989645372537,126.74831900007439,3,1.1442565751851852,459.8415889006451
95.85340759083144,100.0,4.146592409168562,126.74831900007439,3,1.1463020652207825,525.5736174405839
93.9349203601533,100.0,6.065079639846701,520.2137658466762,1,1.1353507766993989,3155.137919604655
98.82265790896813,100.0,1.1773420910318748,520.2137658466762,2,1.0918389400470148,612.4695628654919
99.62346371579972,100.0,0.3765362842002844,520.2137658466762,2,1.0740644864979998,195.87935838174428
97.0345369712028,100.0,2.9654630287972026,277.07161349897206,3,1.2478065281421653,821.6456261603895
88.26860008478982,100.0,11.731399915210176,277.07161349897206,3,1.3565945186984012,3250.4379031089875
98.4799867753308,100.0,1.5200132246691993,277.07161349897206,2,1.2826339514636336,421.15251669887056
92.4960659752571,100.0,7.503934024742904,80.8941053984777,3,1.1640441819512997,607.0240299007754
96.92055138024664,100.0,3.0794486197533644,118.72275436827003,1,1.2506835570061163,365.60062207268686
93.4584612484445,100.0,6.541538751555507,80.8941053984777,3,1.2640248182703935,529.1719252365574
96.5656376546899,100.0,3.434362345310106,80.8941053984777,2,1.1275429465669828,277.8196695380788
90.0248602464836,100.0,9.975139753516402,80.8941053984777,3,1.4285714285714286,806.9300065855007
88.5521051259587,100.0,11.447894874041296,80.8941053984777,3,1.1960548583970303,926.0672145313893
96.11785909410308,100.0,3.882140905896918,115.63041218692835,3,1.4285714285714286,448.8935531165961
90.32067241645004,100.0,9.679327583549963,210.81226089692439,1,1.4195679764305864,2040.5209318501313
92.00163467733763,100.0,7.998365322662366,302.0290642951932,3,1.2088082351700318,2415.7387942948358
97.77827424411896,100.0,2.221725755881039,100.4184895751843,1,1.381146238372447,223.10234465585856
91.50717432837064,100.0,8.492825671629362,210.81226089692439,1,1.1331934897343767,1790.391781239626
97.32442807945915,100.0,2.675571920540847,210.81226089692439,2,1.0273811572495801,564.0433657615421
98.27290811735246,100.0,1.7270918826475423,210.81226089692439,2,1.3516371005769907,364.092144557654
98.82070685243116,100.0,1.179293147568842,210.81226089692439,2,1.4285714285714286,248.60945469923786
97.76436237105446,100.0,2.2356376289455397,210.81226089692439,3,1.2294285267102167,471.29982310424856
99.33872237705616,100.0,0.6612776229438424,210.81226089692439,2,1.1090176803094207,139.4054307733353
99.96396119649032,100.0,0.03603880350968325,540.8551503436602,1,1.1390694075496792,19.491772490435363
98.89064567542944,100.0,1.1093543245705604,540.8551503436602,2,1.3524339291953595,600.0
98.261922863658,100.0,1.7380771363419996,540.8551503436602,3,1.342759972885834,940.0479708851306
98.78795982167868,100.0,1.2120401783213168,123.89280837605673,2,1.0765186392659079,150.16306155684455
96.32325926513997,100.0,3.676740734860033,123.89280837605673,2,1.4285714285714286,455.5217353124561
97.49639641998078,100.0,2.5036035800192167,123.89280837605673,3,1.4285714285714286,310.17847858893043
87.57120993931555,100.0,12.428790060684449,123.89280837605673,3,1.3412337234374665,1539.8377053346169
96.75129265407077,100.0,3.2487073459292333,123.89280837605673,3,1.2084863405624604,402.49147667909835
99.19873624058772,100.0,0.8012637594122793,123.89280837605673,2,1.1098636842769782,99.27081740354436
95.54184198073344,100.0,4.458158019266563,123.89280837605673,3,1.1185912705239687,552.3337171911729
95.15710388791256,100.0,4.842896112087445,123.89280837605673,2,1.0073371832764468,600.0
95.6432568116543,100.0,4.356743188345703,123.89280837605673,2,1.4285714285714286,539.7691489774047
98.391747927345,100.0,1.6082520726550058,137.00413400765504,3,1.1794290665570255,220.3371824801154
97.42888074340044,100.0,2.571119256599559,171.81007312268622,1,1.179378722078644,441.74418748351684
99.22647852850868,100.0,0.7735214714913212,332.6641923501651,2,1.423800988936851,257.32289557917164
97.64798559971462,100.0,2.352014400285384,171.81007312268622,1,1.286186193841181,404.0997660986428
97.37093750680526,100.0,2.6290624931947377,171.81007312268622,2,1.2706561586954284,451.69941919989964
96.18208074977716,100.0,3.817919250222843,171.81007312268622,2,1.228885735227536,655.956985557298
93.31555555814892,100.0,6.684444441851085,171.81007312268622,3,1.4150109616481583,1148.4548883389684
92.50645461768048,100.0,7.493545382319525,171.81007312268622,3,1.2618533724848597,1287.4665800844853
96.72682147581604,100.0,3.2731785241839617,171.81007312268622,3,1.261925141042425,562.3650415836527
97.16276429351296,100.0,2.8372357064870357,171.81007312268622,2,1.4285714285714286,487.4656741978339
97.53725807944986,100.0,2.462741920550144,1441.0099292448851,2,1.284879199941832,3548.8355606803757
95.03634969922123,100.0,4.963650300778767,312.71475028113497,2,1.137032127800589,1552.2066642909124
98.49109820903904,100.0,1.5089017909609623,312.71475028113497,3,1.2052741935307283,471.8558467591146
97.39813443460764,100.0,2.601865565392359,312.71475028113497,2,1.3826854503989257,813.6417405467555
99.13609162059022,100.0,0.8639083794097786,312.71475028113497,1,1.140761316529765,270.1568931329089
98.3117552613826,100.0,1.6882447386173993,312.71475028113497,3,1.1274377881739983,527.93903185018
98.3606721972985,100.0,1.6393278027015015,139.34172074767008,2,1.3814900252584608,228.4267568979242
88.92249788909153,100.0,11.077502110908469,139.34172074767008,2,1.2212309360249984,1543.5582057199338
92.86207071597858,100.0,7.137929284021425,128.76910057890314,2,1.2078458323412655,919.1447338992529
94.68636900084846,100.0,5.313630999151542,328.89358334445546,1,1.4285714285714286,1747.6191398811297
91.75650955801564,100.0,8.243490441984363,139.34172074767008,1,1.1846037962555964,1148.6621431530725
91.01103736256036,100.0,8.988962637439641,139.34172074767008,2,1.137500111788908,1252.5375216373545
97.46098763108516,100.0,2.5390123689148396,93.0239730572727,2,1.4285714285714286,236.18901819801616
99.52031907572692,100.0,0.47968092427308306,139.34172074767008,3,1.261932225406039,66.83956539804421
88.68898503439772,100.0,11.311014965602283,139.34172074767008,1,1.1689609251897095,1576.0962887096705
98.15277757631154,100.0,1.8472224236884642,62.27019281388154,3,1.4031242531798753,115.02689649320625
94.3458172116587,100.0,5.654182788341302,104.69621901415509,1,1.042784988494549,591.971559554247
97.06348624105756,100.0,2.9365137589424393,104.69621901415509,2,1.3976126911026656,307.44188764431743
92.89466828341648,100.0,7.105331716583521,104.69621901415509,2,1.400894542723453,743.9013655676508
99.93163632653842,100.0,0.06836367346157601,104.69621901415509,2,1.2668597820977552,7.157418129345344
88.1539681998765,100.0,11.846031800123498,104.69621901415509,2,1.3822001897072884,1240.2347397943756
95.83314037746769,100.0,4.166859622532314,67.70965638207525,2,1.237985974865456,282.1366332340068
96.02190701365524,100.0,3.9780929863447625,104.69621901415509,2,1.3004669291971545,416.4912945570255
94.976958092228,100.0,5.023041907771997,251.47544477679273,3,1.2268755099031545,1263.1716978894324
95.79818584352095,100.0,4.201814156479045,251.47544477679273,2,1.2758150874815877,1056.653083869992
98.4054856247802,100.0,1.594514375219802,219.39555967456823,3,1.3619761779732167,349.82937376049296
99.4338604391752,100.0,0.5661395608247943,251.47544477679273,2,1.1696545132855982,142.37019786415325
97.88401085510895,100.0,2.1159891448910457,251.47544477679273,2,1.236426325674752,532.119311354341
93.18950261500756,100.0,6.810497384992445,251.47544477679273,1,1.2526997877121926,1712.6728590421587
98.91716055952574,100.0,1.0828394404742596,136.65707181496066,1,1.3331562245366102,147.97766718096273
98.6441663838254,100.0,1.355833616174607,136.65707181496066,3,1.3580230322434212,185.28425185471107
97.28884844178934,100.0,2.711151558210659,136.65707181496066,2,1.1742150825899238,370.4980331916365
99.43562848867992,100.0,0.5643715113200756,136.65707181496066,1,1.393272993389397,77.12535815278545
93.02678649825812,100.0,6.973213501741881,136.65707181496066,2,1.4285714285714286,952.9389382885936
94.34902428801428,100.0,5.650975711985723,136.65707181496066,2,1.2465449523216583,772.2457936974314
93.6704694774626,100.0,6.329530522537397,136.65707181496066,3,1.2871480632113885,864.9751071733784
97.9237314288898,100.0,2.076268571110205,136.65707181496066,2,1.3839007712952986,283.7367832293531
96.06855873791493,100.0,3.931441262085073,53.07363117519469,2,1.3501359238414694,208.6558635308451
95.00908265606252,100.0,4.9909173439374825,121.65937034797673,2,1.4041830618084998,607.1918615222305
97.83693405756937,100.0,2.1630659424306344,121.65937034797673,2,1.4285714285714286,263.15724057726385
86.14354529428228,100.0,13.856454705717724,121.65937034797673,2,1.1697297813737146,1685.7675547528775
97.49414348349892,100.0,2.5058565165010833,121.65937034797673,1,1.2494181443486345,304.86092597989614
96.20539152397632,100.0,3.794608476023683,121.65937034797673,1,0.9712654708332954,461.6496779101368
96.12256096810876,100.0,3.8774390318912424,121.65937034797673,2,1.2085560002377491,471.726791182557
97.93727973249524,100.0,2.0627202675047585,269.2791630320765,3,1.1634903571728488,555.4475872029823
98.03177721887585,100.0,1.9682227811241546,669.1274374179309,2,1.2103302289032583,1316.9918658011986
90.65775232302676,100.0,9.342247676973244,669.1274374179309,3,1.388082462820188,6251.154247816725
93.83994947082464,100.0,6.160050529175365,669.1274374179309,2,1.2393664489249694,4121.858824952081
99.7563529414696,100.0,0.24364705853039936,669.1274374179309,2,1.0340451484726976,163.03093190886275
99.97561801722767,100.0,0.024381982772325728,669.1274374179309,2,1.1053875974666794,16.314653651614453
99.30661787532264,100.0,0.6933821246773562,669.1274374179309,2,1.1527667011651013,463.9610042367596
98.72152173193956,100.0,1.2784782680604394,669.1274374179309,3,1.4106620159230938,855.4648873017964
99.93260725491656,100.0,0.0673927450834384,4345.91096323251,3,1.3640731830072585,292.8828697004488
95.01199926618014,100.0,4.9880007338198595,4345.91096323251,3,1.355950224956826,21677.407073719532
99.93005645256012,100.0,0.06994354743987685,4345.91096323251,1,1.1253325130502212,303.96842962633394
99.56281492692,100.0,0.437185073080002,208.92494119151627,1,1.1039923757868357,91.33886568304816
97.27575566262892,100.0,2.7242443373710756,208.92494119151627,2,1.4143954251705269,569.1625879765731
98.32251907733688,100.0,1.677480922663122,208.92494119151627,2,1.3975539307388243,350.4676031172832
95.34831356687933,100.0,4.651686433120673,208.92494119151627,2,1.3531818877637902,971.8533144811107
98.947354353526,100.0,1.052645646474005,208.92494119151627,1,1.3661692077096788,219.92392978508713
99.96406687587756,100.0,0.035933124122436766,208.92494119151627,2,1.144471204346963,7.507325844107556
97.62868432691502,100.0,2.371315673084979,144.54505317299356,2,1.153766899623148,342.7619500560213
99.60325922997882,100.0,0.39674077002118224,264.10743670406987,3,1.2416664672103968,104.78218780629334
95.43516588362132,100.0,4.564834116378677,144.54505317299356,2,1.1679745314570726,659.8241900778509
97.43736276034367,100.0,2.5626372396563255,144.54505317299356,3,1.3380596842415462,370.416536069217
92.12380874867956,100.0,7.876191251320435,144.54505317299356,3,1.4285714285714286,1138.4644832227789
95.09814545707276,100.0,4.901854542927239,73.7499278866215,1,1.1358349512771095,361.51141905159193
96.90993584945974,100.0,3.0900641505402575,158.286689512604,3,1.4285714285714286,489.11602477059415
92.1018972032461,100.0,7.8981027967539035,158.286689512604,3,1.4285714285714286,1250.1645451284144
97.93402438695036,100.0,2.0659756130496447,158.286689512604,3,1.2176958074280848,327.0164404034008
97.79598828630756,100.0,2.204011713692438,158.286689512604,3,1.4285714285714286,348.86571780737717
86.35872447985109,100.0,13.641275520148909,138.891485851709,1,1.4285714285714286,1894.6570259060265
93.84616144760794,100.0,6.15383855239206,138.891485851709,2,1.2786820703788297,854.7157802332632
97.18197795244404,100.0,2.8180220475559565,138.891485851709,2,1.2822306959728726,391.3992693479222
97.24806152269136,100.0,2.7519384773086415,9079.412594605963,2,1.4285714285714286,24985.984870456836
98.05863305098786,100.0,1.941366949012135,563.9823872081937,1,1.0884477750753754,1094.8967663509516
95.84236298873503,100.0,4.157637011264967,138.891485851709,1,1.3017169705995555,577.4603821266498
94.00405159354088,100.0,5.995948406459121,237.96532158187864,3,1.328086465078145,1426.8277907313975
96.45858806183033,100.0,3.5414119381696736,231.20235719955997,2,1.3511776602400076,818.7827879194908
98.56000659262656,100.0,1.4399934073734357,244.72828596419728,3,1.2244679884170595,352.40711838624503
98.85798569493704,100.0,1.1420143050629576,117.67650757398337,2,1.4285714285714286,134.3882550193385
88.01186395374543,100.0,11.988136046254567,117.67650757398337,2,1.0633360835611876,1410.7219822450186
99.97312813497184,100.0,0.02687186502815564,47.45089548350993,3,1.351363563128632,1.2750940588979989
95.66603715085208,100.0,4.333962849147923,117.67650757398337,3,1.3598240063758749,510.00561204311816
91.98230133935436,100.0,8.017698660645635,117.67650757398337,3,1.2312416998853368,943.4947771653824
83.84541489410492,100.0,16.15458510589508,117.67650757398337,2,1.4285714285714286,1901.0151565684214
96.6525605910097,100.0,3.3474394089902972,46.84884627688801,3,1.4285714285714286,156.8236742929833
98.03221282212463,100.0,1.9677871778753655,338.63727527763905,2,1.1123849342273238,666.3660882419887
98.03214545199214,100.0,1.967854548007864,117.67650757398337,2,1.3191485226476172,231.57025062314503
89.28929523450613,100.0,10.710704765493873,117.67650757398337,2,1.3202318670318973,1260.3983304593394
95.81696879389132,100.0,4.18303120610868,91.91636109580683,2,1.4285714285714286,384.4890068157138
97.89957565416738,100.0,2.1004243458326215,117.67650757398337,2,1.4145833482286427,247.17060144095154
93.29302659828126,100.0,6.7069734017187415,124.16057593047603,3,1.3457991883647122,832.7416803077829
98.58910039616444,100.0,1.41089960383556,124.16057593047603,2,1.0588266069094845,175.1781073923036
95.81263908765636,100.0,4.187360912343635,124.16057593047603,3,1.29261810654586,519.9051425053493
96.69782444631323,100.0,3.302175553686766,124.16057593047603,3,1.4285714285714286,410.0000185692874
97.96031005021511,100.0,2.0396899497848864,194.487992101159,2,1.003449476016853,396.69520284257635
96.354922674457,100.0,3.6450773255429993,194.487992101159,3,1.388625301974764,708.9237700983206
94.86923096009328,100.0,5.130769039906724,183.4612112406588,2,1.1669920158654308,941.2971026573597
97.4611385584466,100.0,2.5388614415533937,183.4612112406588,3,1.1321773986137358,465.78259523959065
96.82751025081106,100.0,3.1724897491889408,183.4612112406588,3,1.2810044401797682,582.0288120347769
97.37907514831625,100.0,2.6209248516837533,999.62312139224,3,1.312754820225063,2619.937081174607
91.16760353301387,100.0,8.832396466986125,183.4612112406588,3,1.346519251162275,1620.40215399099
98.94319875073056,100.0,1.0568012492694407,183.4612112406588,3,1.301819964451333,193.88203723161297
91.77709514348756,100.0,8.222904856512443,226.08410078363818,2,1.4128600870432575,1859.068050314027
96.29146583908414,100.0,3.7085341609158604,226.08410078363818,1,1.3095798098253284,838.4406109960664
98.00536248828354,100.0,1.994637511716462,283.9130175595988,2,1.1585656415702057,566.3035548889903
93.75144820039937,100.0,6.248551799600634,226.08410078363818,2,1.2649807385748044,1412.6982148126933
95.24493602171664,100.0,4.75506397828336,340.69357947550105,2,1.2114802660658321,1620.0197673963742
93.63132340983002,100.0,6.368676590169983,226.08410078363818,3,1.2678506363253528,1439.8565200703874
96.28520308522656,100.0,3.7147969147734443,226.08410078363818,2,1.4285714285714286,839.8565200703875
99.01011937695128,100.0,0.9898806230487196,203.98073513582517,3,1.1131126014429618,201.91657718618646
93.9671827929416,100.0,6.0328172070584,203.98073513582517,2,1.0319679864284992,1230.578488835828
96.32002751617954,100.0,3.679972483820464,235.15088309230757,2,1.317317891543992,865.3487793257746
97.36688910680594,100.0,2.6331108931940577,203.98073513582517,2,1.4285714285714286,537.1038956878731
94.92516754396476,100.0,5.074832456035239,203.98073513582517,2,1.2491666410172837,1035.168055073213
97.6896254388004,100.0,2.3103745611995947,203.98073513582517,3,1.412736596239556,471.2719014326028
98.9196097633951,100.0,1.0803902366048987,203.98073513582517,2,1.3183398542495577,220.37879469623533
90.35597211972885,100.0,9.644027880271153,115.16914454144823,2,1.4137210260420556,1110.694440904705
93.22842470938338,100.0,6.771575290616624,193.38068171054454,2,1.3225639046871709,1309.4918459537216
98.25856280702428,100.0,1.7414371929757237,115.16914454144823,2,1.4060642880965672,200.559831787675
93.51659880397784,100.0,6.483401196022157,115.16914454144823,3,1.2638727033098967,746.6877694648742
98.72632752419132,100.0,1.2736724758086808,115.16914454144823,2,1.4285714285714286,146.68776946487418
91.56505978515942,100.0,8.43494021484058,115.16914454144823,2,1.0477272081126707,971.4448488014492
98.7863586635236,100.0,1.2136413364763996,60.487128897439476,3,1.0399896096727363,73.4096799547087
95.24438546960155,100.0,4.7556145303984465,115.16914454144823,3,1.376131846869228,547.7000572348702
93.00468700898796,100.0,6.995312991012042,115.16914454144823,2,1.030823875292075,805.6442129745365
96.76664064112526,100.0,3.2333593588747362,105.5848581244264,1,1.3771443757878488,341.39378917207534
93.80311775422628,100.0,6.196882245773722,105.5848581244264,2,1.2646490730716624,654.2969327337953
99.63451674463168,100.0,0.3654832553683178,93.96432654252295,2,1.3046273307956953,34.342387953252924
94.54401866664408,100.0,5.455981333355922,105.5848581244264,2,1.2442357092876886,576.0690150119038
92.94160792362804,100.0,7.058392076371959,105.5848581244264,2,1.2997107452948704,745.2593259703087
95.63021844327294,100.0,4.369781556727062,105.5848581244264,3,1.1249105489173712,461.382765701762
95.18326979606351,100.0,4.816730203936487,105.5848581244264,1,1.1405331633245959,508.5737752062734
97.89269761119628,100.0,2.107302388803717,697.8984064057228,2,1.1387177989319242,1470.682978961087
99.18762070262184,100.0,0.8123792973781576,463.3479810291049,2,1.4285714285714286,376.41430727001216
93.1001200828944,100.0,6.899879917105594,697.8984064057228,2,1.2831048501190416,4815.415198538844
97.237611398748,100.0,2.762388601251999,135.83991939901483,2,1.3381821115706571,375.24264494282886
99.3027459059347,100.0,0.6972540940653005,697.8984064057228,2,1.3741051392856225,486.6125211080391
99.88144506491818,100.0,0.1185549350818178,825.9210712938568,1,1.137999593677362,97.9170189899486
92.10265858883405,100.0,7.897341411165954,62.223487455360456,1,1.1958106224414027,491.40012422838333
94.72926601289194,100.0,5.270733987108059,225.62249146718796,1,1.4110040741003687,1189.1961340321056
90.43214194855656,100.0,9.567858051443437,117.3461985848546,2,1.3177413862611451,1122.7517709363817
95.429697665565,100.0,4.570302334434999,117.3461985848546,3,1.3962956323974944,536.307605329434
97.99020225185504,100.0,2.009797748144962,203.08929066636284,1,1.2381215718514582,408.16839905361365
90.4256133012778,100.0,9.574386698722194,117.3461985848546,2,1.0680972551902272,1123.5178828764451
79.72619565255414,100.0,20.27380434744586,117.3461985848546,3,1.4285714285714286,2379.0538710258706
96.59906838222535,100.0,3.4009316177746456,30.892056784546618,1,1.2410422440081696,105.06177265665434
94.1979312927,100.0,5.802068707299995,117.3461985848546,2,1.2077254382424265,680.8507067297959
92.65850242942082,100.0,7.341497570579179,117.3461985848546,2,1.290281566791116,861.4968318274119
98.39670150180103,100.0,1.603298498198967,104.56242323275119,2,1.4285714285714286,167.64477613711477
97.0248153055362,100.0,2.975184694463806,117.3461985848546,3,1.4285714285714286,349.12661398316976
99.3118354663878,100.0,0.6881645336121949,224.7069766441725,1,1.2235937758791302,154.63537178174334
98.58546568972756,100.0,1.414534310272444,497.21998892949955,3,1.1493324012517168,703.3347340940619
98.98848409438688,100.0,1.0115159056131233,497.21998892949955,1,1.3333434909411628,502.94592739096987
95.97187492205646,100.0,4.0281250779435425,116.4679700089844,1,1.327413628140029,469.1475507703664
99.7252455653757,100.0,0.27475443462429894,116.4679700089844,2,1.2478101714623278,32.00009125165831
88.81730263930763,100.0,11.182697360692373,116.4679700089844,2,1.2930078219701138,1302.4260608246682
96.3249857727759,100.0,3.6750142272240964,79.91813044496749,3,1.4285714285714286,293.7002663984067
93.20700059354373,100.0,6.792999406456275,116.4679700089844,2,1.1571578414004797,791.1668511421982
95.53047141186477,100.0,4.469528588135233,212.34805017536834,2,1.1747249950234302,949.0956808935838
99.30582637419027,100.0,0.6941736258097251,116.4679700089844,1,1.3517229348952318,80.84899303183502
92.14076813425648,100.0,7.859231865743524,153.5285329101843,2,1.1500659275723113,1206.616338148574
97.51482962771912,100.0,2.4851703722808764,153.5285329101843,1,1.305375409101155,381.54456128813956
98.27099329986076,100.0,1.7290067001392373,153.5285329101843,2,1.4285714285714286,265.4518620642561
94.88963569384563,100.0,5.110364306154366,153.5285329101843,2,1.1772467905122055,784.5867345604519
93.85556791107848,100.0,6.144432088921519,153.5285329101843,2,0.9252608436965671,943.34564417838
92.56941376686729,100.0,7.430586233132715,153.5285329101843,2,1.241755359482859,1140.8070030354784
99.14821510377438,100.0,0.8517848962256238,170.19722673696367,2,1.40968549991932,144.97142711403356
90.28354633430924,100.0,9.716453665690764,170.19722673696367,1,0.9869821856615679,1653.7134676187727
97.74605514141264,100.0,2.25394485858736,74.1945073155086,1,1.3182789625730498,167.23032829921289
86.78552291643214,100.0,13.214477083567857,170.19722673696367,3,1.2338939797750512,2249.067352402409
99.44261193720658,100.0,0.5573880627934216,170.19722673696367,3,1.2026032625702139,94.86590250372892
99.69451289039216,100.0,0.30548710960783865,570.4479841235959,2,1.2994265795454372,174.26450585153555
98.70829097299656,100.0,1.291709027003435,393.5596599866983,2,1.262348410063798,508.3645654692208
92.1185512551278,100.0,7.881448744872202,393.5596599866983,3,1.4285714285714286,3101.820288234494
94.8400156421513,100.0,5.1599843578487,393.5596599866983,1,1.2701623116284568,2030.761689411616
95.83778958632792,100.0,4.162210413672085,490.48036661799745,3,1.1652107855753127,2041.482489639131
96.46102051273378,100.0,3.538979487266218,393.5596599866983,2,1.2748306573618395,1392.7995637083927
98.71173941791564,100.0,1.2882605820843622,205.1954105428168,3,1.0996123565839762,264.34515902692885
99.7304295758678,100.0,0.2695704241321977,393.5596599866983,1,1.0911303229348885,106.09204446393777
90.31949665519286,100.0,9.680503344807136,907.0022557750738,3,1.1859157709654748,8780.23837077822
92.3911286863574,100.0,7.608871313642595,102.46475057603863,2,1.2120956558390996,779.6411013175639
94.24848986408018,100.0,5.7515101359198155,281.6952252221242,2,1.2457375601844005,1620.1729431052624
87.21959679578595,100.0,12.780403204214053,102.46475057603863,2,1.1512133313996524,1309.5408265809979
95.44011936980353,100.0,4.559880630196474,102.46475057603863,2,1.2968301923704295,467.22703142959153
93.82613288191588,100.0,6.173867118084118,102.46475057603863,3,1.3246600004079068,632.6037543440956
94.5122138940283,100.0,5.4877861059716935,102.46475057603863,2,1.1324214074465966,562.3046345630398
99.7305111036212,100.0,0.26948889637880313,102.46475057603863,2,1.1204102551722934,27.61311255046598
94.42376204510232,100.0,5.576237954897678,102.46475057603863,2,1.416868395873491,571.3678312012303
96.76564893584344,100.0,3.234351064156556,70.6130649136968,3,1.4285714285714286,228.3874416469712
96.35562259499454,100.0,3.644377405005457,70.6130649136968,2,1.2438923798755999,257.34065826966025
88.6635506141803,100.0,11.336449385819705,70.6130649136968,2,1.371716399059063,800.501436371725
99.64808281997782,100.0,0.3519171800221841,49.91900481766987,1,1.3055640859548958,17.567355404948202
90.94646013370308,100.0,9.053539866296916,70.6130649136968,2,1.2081703165842714,639.298198277566
97.19695751972108,100.0,2.8030424802789184,89.65802108569221,2,1.3343029200753944,251.31524180093825
87.80191581286515,100.0,12.198084187134853,70.6130649136968,2,1.419988503923365,861.3441105288919
97.8322190612338,100.0,2.1677809387661995,58.23257296906232,2,1.3906913471725009,126.23546169764512
97.5070238437713,100.0,2.492976156228707,70.6130649136968,2,1.3592645258737037,176.03668714807603
92.01873896684788,100.0,7.981261033152123,70.6130649136968,2,1.1179940792568945,563.5813034271297
94.78492858210647,100.0,5.215071417893526,70.6130649136968,3,1.005673766735963,368.2521765612804
94.99772545034148,100.0,5.002274549658523,2324.1221298645182,2,1.1775378824543676,11625.896980519441
99.98379019355792,100.0,0.01620980644207748,96.08259337059418,3,1.1406524553379092,1.5574802409901685
94.89833829606692,100.0,5.101661703933075,201.31668820871096,3,1.0677094638465952,1027.049638597016
93.58089046879238,100.0,6.419109531207624,83.7306846839232,2,1.427960104172157,537.4764361091117
93.7556758490941,100.0,6.244324150905896,2642.003516991261,2,1.0994847368471907,16497.52636792685
91.18443072415673,100.0,8.815569275843274,83.7306846839232,3,1.123188733538555,738.1336513449144
91.11190993984474,100.0,8.888090060155264,83.7306846839232,3,1.1683126217037523,744.2058662691724
93.10045162582524,100.0,6.899548374174756,83.7306846839232,1,1.0634722812846467,577.7039093795015
96.74420754034084,100.0,3.255792459659162,83.7306846839232,2,1.3071354453692503,272.609731836016
92.83416823515832,100.0,7.165831764841684,83.7306846839232,3,1.0498599204778238,600.0
86.87349284396319,100.0,13.126507156036809,147.177420519365,2,1.1947777811075857,1931.9254636544833
98.68977119757204,100.0,1.3102288024279574,39.72039437685187,1,1.1174934196952417,52.0428047563488
99.90028170831783,100.0,0.09971829168216573,431.330958926843,1,1.2431682366452494,43.01158637381517
93.74139944176156,100.0,6.258600558238442,147.177420519365,2,1.00903036052921,921.1246862225917
95.19254632355933,100.0,4.807453676440673,364.3871630649797,2,1.2589983224973342,1751.7744067245237
98.22230947009822,100.0,1.7776905299017756,195.3349069238288,2,1.4090916719771958,347.24501419773526
95.29460163860053,100.0,4.7053983613994745,147.177420519365,2,1.4285714285714286,692.5283933468215
94.37225473919838,100.0,5.627745260801618,147.177420519365,3,1.2509600200671733,828.2770308248631
80.1393975609879,100.0,19.860602439012098,147.177420519365,3,1.3515984083201593,2923.03223693441
94.35148161760318,100.0,5.648518382396816,147.177420519365,1,1.1587091876185354,831.3343652773794
92.9900914937005,100.0,7.009908506299496,81.26789549118473,2,0.973522296925591,569.6805118927143
80.79756506723459,100.0,19.202434932765414,81.26789549118473,1,1.4285714285714286,1560.5414752922545
91.27474580039608,100.0,8.725254199603924,42.71619907337298,2,1.0655841379177,372.7096953560648
96.9418166424339,100.0,3.0581833575660937,81.26789549118473,2,1.2525521716319015,248.53212549556173
95.87561929209971,100.0,4.124380707900286,276.52807822310785,2,1.2502224648705955,1140.5070710161274
99.5810132962436,100.0,0.4189867037564028,139.29359121912947,3,1.2288991374262654,58.362162639294866
95.92868902030312,100.0,4.071310979696875,276.52807822310785,3,1.4239755443815778,1125.8318010642154
98.37249305454404,100.0,1.6275069454559628,221.66512021717134,2,1.2897764643743337,360.7615227187773
97.56735911249014,100.0,2.432640887509862,276.52807822310785,2,1.3743237884350528,672.6935096300576
94.1498908673729,100.0,5.850109132627097,276.52807822310785,3,1.4285714285714286,1617.7194358408235
99.97683061411604,100.0,0.023169385883960558,92.27978592426344,3,1.2802589343405675,2.1380659693685313
99.35000464978972,100.0,0.6499953502102755,276.52807822310785,2,1.2819607885817974,179.74196504760346
98.7588409726432,100.0,1.241159027356801,276.52807822310785,3,1.4031588806323074,343.2153206042379
99.7387387264544,100.0,0.2612612735455997,276.52807822310785,3,1.0615286659672925,72.24607788768637
98.82921571916272,100.0,1.1707842808372817,276.52807822310785,3,1.2194926712976517,323.75472719375693
88.53244451284046,100.0,11.467555487159544,109.9159002035242,2,1.1909545257977225,1260.4666845050049
95.19647567780058,100.0,4.803524322199422,76.7500678480435,2,1.2177734382194423,368.6708176385328
92.26632448119943,100.0,7.733675518800567,109.9159002035242,2,1.2483997179980064,850.0539065309214
97.6409139576442,100.0,2.3590860423557984,109.9159002035242,2,1.085812503675732,259.3010660031068
95.218872686151,100.0,4.781127313848998,109.9159002035242,2,1.2128279702918232,525.5219126893702
97.95293301069243,100.0,2.0470669893075666,109.9159002035242,3,1.4285714285714286,225.00521090665924
95.43307101371326,100.0,4.56692898628674,109.9159002035242,3,1.4285714285714286,501.97811069327526
86.01580309981188,100.0,13.984196900188124,109.9159002035242,2,1.184740173529258,1537.0855909075103
99.35404204387214,100.0,0.6459579561278588,464.15537740323686,1,1.361763885999208,299.8248589131498
95.4224492428579,100.0,4.577550757142106,464.15537740323686,2,1.3004186640683995,2124.694799263767
96.34933377318416,100.0,3.6506662268158436,464.15537740323686,2,1.1245348084711495,1694.4763602809585
96.923780205806,100.0,3.076219794194003,776.0026877395334,2,1.0613618468498454,2387.1548283721004
96.10166744769325,100.0,3.898332552306755,130.84801703258415,2,1.036800976140263,510.0890842029115
91.09696755993632,100.0,8.903032440063683,130.84801703258415,1,1.1073347951580235,1164.944140359102
96.74685776407624,100.0,3.253142235923761,98.43768969787982,2,1.324195568433849,320.23180596293014
91.76548158212134,100.0,8.234518417878661,130.84801703258415,1,1.2477357981305535,1077.470406197715
92.9360754517213,100.0,7.063924548278706,490.27814768358945,2,1.3664680811362646,3463.2878429067205
90.9868544771593,100.0,9.013145522840702,130.84801703258415,2,0.9906218866829215,1179.3522188898198
95.48156349925654,100.0,4.518436500743462,130.84801703258415,2,1.4002946730473553,591.2284562099305
96.46493665433022,100.0,3.5350633456697835,130.84801703258415,2,1.2816748274143799,462.55602886546376
96.81688088744272,100.0,3.1831191125572786,1624.568366680741,2,1.361327304643543,5171.194617637429
94.87474406373018,100.0,5.125255936269824,130.84801703258415,2,1.1385513290286244,670.6295760453869
94.56219667549158,100.0,5.4378033245084225,130.84801703258415,2,1.4169475872668589,711.5257820251207
95.07377083439184,100.0,4.926229165608163,130.84801703258415,3,1.3957228421582786,644.5873177679097
96.31655723200474,100.0,3.6834427679952597,424.7379165288579,2,1.2568059647916887,1564.497806931596
99.43893999030853,100.0,0.5610600096914737,227.97219789136122,1,1.353192814553333,127.9060835583137
99.89291732510476,100.0,0.10708267489523848,186.40763727860784,2,1.4285714285714286,19.9610284206947
99.41442012524132,100.0,0.5855798747586789,548.9610242820754,2,1.328775654042476,321.4605278464938
95.18491536276228,100.0,4.815084637237717,548.9610242820754,2,1.0284328124615347,2643.293794462903
98.68624804339196,100.0,1.3137519566080442,91.74648938699741,2,1.1550558856874822,120.53212994408702
97.83736198400796,100.0,2.1626380159920444,235.32189509450444,1,1.2281728826616398,508.9160763266671
95.193266247303,100.0,4.806733752696999,235.32189509450444,2,1.0634557588479068,1131.1296958993769
94.66172138595172,100.0,5.338278614048278,235.32189509450444,2,1.3100262667161127,1256.2138400003055
97.8058209087908,100.0,2.194179091209193,235.32189509450444,2,1.389960450082966,516.3383819200849
97.45535724115344,100.0,2.544642758846564,235.32189509450444,3,1.2231491949218214,598.8101563502814
97.951224277534,100.0,2.0487757224660044,962.2761090172557,2,1.1360976246623875,1971.4879304636038
97.97335158328512,100.0,2.0266484167148775,235.32189509450444,3,1.3301301155377827,476.9147461116219
98.7918253393206,100.0,1.2081746606794042,72.02376461240752,2,1.370703375742379,87.01728737144873
92.85912386258632,100.0,7.140876137413684,72.02376461240752,2,1.3514302197516759,514.312782047441
92.73843413255864,100.0,7.261565867441362,72.02376461240752,3,1.4285714285714286,523.0053107540895
88.85646085709445,100.0,11.143539142905553,72.02376461240752,2,1.4285714285714286,802.599640177779
96.79299153291214,100.0,3.20700846708786,63.4172157378431,1,1.1983635192341437,203.37954783040033
98.18571409241582,100.0,1.8142859075841784,403.9856385551727,1,1.3396188393602129,732.9454508970454
94.14951149839791,100.0,5.8504885016020864,72.02376461240752,3,1.1779358852672286,421.37420670698543
92.28987832865492,100.0,7.710121671345078,72.02376461240752,3,1.16337052505129,555.31198838998
99.46434318118452,100.0,0.5356568188154824,72.02376461240752,2,1.0625825666164486,38.58002063139733
97.42313649270832,100.0,2.5768635072916766,72.02376461240752,1,1.170345746026145,185.5954106874786
91.5302869018296,100.0,8.469713098170402,72.02376461240752,1,1.216380610666367,610.0206225172499
99.04357760563536,100.0,0.9564223943646368,66.08405538400031,3,1.1821636166342735,63.20427047969084
99.56266202625277,100.0,0.4373379737472334,133.35459999452854,2,1.1333340809587382,58.32103055147993
97.13865592441525,100.0,2.8613440755847535,198.3560848773147,3,1.3101129991693061,567.5650083198909
95.96713915733126,100.0,4.03286084266874,198.3560848773147,3,1.3370293215610578,799.9424876067993
97.98685177441,100.0,2.013148225590001,198.3560848773147,2,0.9538625888120326,399.3202003057457
99.7006656585929,100.0,0.29933434140710347,198.3560848773147,3,1.3744212638893085,59.37478803084251
90.95433354255093,100.0,9.045666457449073,198.3560848773147,2,1.2998323881159843,1794.2629836056467
91.3537325332528,100.0,8.646267466747204,1502.2571763278938,3,1.4285714285714286,12988.917350371386
99.49927993877012,100.0,0.5007200612298845,198.3560848773147,3,1.4285714285714286,99.32087096508918
94.42413895313057,100.0,5.575861046869434,185.30171324363897,2,1.4285714285714286,1033.2166047933765
97.9415683576018,100.0,2.0584316423982045,170.57911645285662,1,1.4285714285714286,351.12545083888824
96.65761676285724,100.0,3.342383237142755,185.30171324363897,2,1.3450360180790095,619.3493401593726
91.1122335290658,100.0,8.887766470934196,185.30171324363897,3,1.2474346250233166,1646.9183539734775
94.136827985401,100.0,5.863172014599002,185.30171324363897,1,1.3344346062526766,1086.455819347353
95.83008745290364,100.0,4.169912547096359,314.0441410735208,3,1.2660909883011298,1309.5366042045735
96.90811245660342,100.0,3.091887543396581,185.30171324363897,1,1.2578619743424646,572.9320589480526
85.81871611041979,100.0,14.181283889580214,268.72564332454283,1,1.1703495554924515,3810.8746363954183
99.45729196633718,100.0,0.5427080336628194,268.72564332454283,2,1.3482157989307575,145.83956548343878
94.35292638674984,100.0,5.647073613250157,268.72564332454283,2,1.0987264338711051,1517.5134896216991
98.64210516623696,100.0,1.3578948337630408,268.72564332454283,3,1.176012674210918,364.90116277004626
97.18155579868028,100.0,2.8184442013197213,241.80168108893233,2,1.36051494084574,681.5045459344618
88.78303764567588,100.0,11.216962354324124,170.01388106612205,3,1.3819035869216836,1907.03930363123
86.69434735321965,100.0,13.305652646780345,170.01388106612205,2,1.2365678399985114,2262.145646596846
96.30761669190323,100.0,3.6923833080967654,170.01388106612205,2,1.1504741935722398,627.7564165932978
98.65796520696064,100.0,1.3420347930393604,170.01388106612205,3,1.1421961670668157,228.16454369039153
96.4708763999885,100.0,3.529123600011502,170.01388106612205,1,1.4285714285714286,600.0
92.24161072256108,100.0,7.758389277438923,127.72016371222443,3,1.4117496370221754,990.9027486576658
99.12739409347816,100.0,0.8726059065218408,127.72016371222443,1,1.3116316742944691,111.44936923722352
89.58461717144769,100.0,10.41538282855231,127.72016371222443,3,1.136244945093652,1330.2543999881923
96.03273585282456,100.0,3.9672641471754417,127.72016371222443,2,1.2453612410934276,506.69962636688587
95.99518575350665,100.0,4.004814246493353,127.72016371222443,2,1.2964826700846763,511.4955311991798
97.56712768819156,100.0,2.4328723118084383,127.72016371222443,1,1.3468330489998601,310.7268499551117
96.37767795881943,100.0,3.622322041180567,127.72016371222443,2,1.1636155154364418,462.643564117981
85.91584458331113,100.0,14.084155416688873,220.53424087281255,3,1.2988569978519657,3106.0385231541914
86.79695711882117,100.0,13.203042881178831,482.84521180721464,3,1.0129546877008047,6375.02603646253
99.09536986728416,100.0,0.9046301327158375,40.97178439373045,1,1.1997331321788849,37.06431075370506
93.49353290221003,100.0,6.506467097789965,220.53424087281255,3,1.4285714285714286,1434.8987821750418
97.37791329452077,100.0,2.6220867054792336,139.4985742985333,1,1.2901560160964871,365.77735710149125
96.40945735355784,100.0,3.5905426464421595,220.53424087281255,2,1.2586113710660791,791.837596854581
92.51174858027817,100.0,7.488251419721834,220.53424087281255,3,1.0987601269279206,1651.4158423131155
93.86368075013242,100.0,6.136319249867583,375.8248720519795,2,1.2097374637105454,2306.1813969515833
97.411625163319,100.0,2.588374836680998,169.1120068764297,3,1.4285714285714286,437.72526317957454
98.55026475690656,100.0,1.4497352430934427,220.53424087281255,1,1.1176957052692504,319.71626130217476
95.80021904788674,100.0,4.199780952113258,640.0936033816397,1,1.1551722400369955,2688.252923051749
96.54154230172703,100.0,3.458457698272966,672.4348194573481,2,1.1868846865610256,2325.5873779390577
99.60259222077327,100.0,0.3974077792267252,152.27098022222984,1,1.1097835040055914,60.51367209079296
99.14245817556028,100.0,0.8575418244397213,640.0936033816397,3,1.360798333634216,548.9070364560866
92.89544339943828,100.0,7.104556600561722,640.0936033816397,2,1.3760370276281138,4547.581234882365
91.9214688906564,100.0,8.0785311093436,156.87576696020318,1,1.4285714285714286,1267.3257636901383
90.13893209777387,100.0,9.861067902226125,156.87576696020318,3,1.249318711162496,1546.9625902083653
95.75628418881354,100.0,4.243715811186462,93.1748133738529,1,1.2461803160424834,395.40742871896737
98.51280979056708,100.0,1.4871902094329243,156.87576696020318,3,1.3598764532834697,233.3041047204952
96.83746428398122,100.0,3.1625357160187804,156.87576696020318,1,1.0792359783620513,496.1252159894815
96.51903519916378,100.0,3.480964800836219,156.87576696020318,3,1.1604963857127246,546.0790228926527
98.88454976999488,100.0,1.1154502300051234,156.87576696020318,2,1.2682681028374756,174.98711033798878
92.30289158521344,100.0,7.697108414786555,130.6957148200241,2,1.3695344970038281,1005.9790863177515
95.63359646299726,100.0,4.366403537002739,175.81938040287966,2,1.3942915902780941,767.6983644647638
92.0779718929747,100.0,7.922028107025298,130.6957148200241,3,1.233898753511528,1035.3751262719938
99.51237585354232,100.0,0.4876241464576765,111.5156502823268,3,1.3495187902629715,54.37772378559236
91.78234960378882,100.0,8.217650396211184,111.5156502823268,2,1.4285714285714286,916.3966277263106
97.162760321755,100.0,2.8372396782449982,111.5156502823268,2,1.4285714285714286,316.39662772631067
98.67943130781076,100.0,1.3205686921892408,343.50108273225186,3,1.2404241091874877,453.616775589318
98.5571472059932,100.0,1.4428527940067966,111.5156502823268,1,1.4285714285714286,160.90066758534005
94.09091177345933,100.0,5.909088226540675,111.5156502823268,3,1.2413361043649012,658.9558161583246
96.34712421724616,100.0,3.6528757827538385,111.5156502823268,2,1.215728756620202,407.3528183143578
91.34741353982744,100.0,8.652586460172557,111.5156502823268,2,1.240656016721901,964.8988057301989
86.98953313857375,100.0,13.010466861426252,111.5156502823268,3,1.250528494243522,1450.870672528612
99.81077981755128,100.0,0.18922018244872163,111.5156502823268,2,1.371935609488921,21.101011692309715
99.4497291731994,100.0,0.5502708268005989,284.0777574555233,1,1.2035081323699905,156.3197024707108
91.78050034552344,100.0,8.219499654476564,284.0777574555233,3,1.1956234553299616,2334.9770292501507
96.20991132445802,100.0,3.7900886755419805,106.03641602588694,2,1.118283012647473,401.88741957477225
99.94678564793148,100.0,0.05321435206852243,129.77904908025536,2,1.1546857053162094,6.906108008874761
95.2840524397194,100.0,4.715947560280597,284.0777574555233,3,1.4285714285714286,1339.695807202358
98.6313133875403,100.0,1.3686866124596975,284.0777574555233,3,1.3608633170485465,388.8134235269477
97.28775061482732,100.0,2.712249385172683,214.56092432919226,2,1.388694831406967,581.9427350939343
94.85209208129832,100.0,5.1479079187016765,214.56092432919226,2,1.3867736497539365,1104.5398813982001
98.05424250836704,100.0,1.9457574916329605,214.56092432919226,1,1.4177693853943953,417.4835259252186
95.55536458384763,100.0,4.444635416152366,214.56092432919226,1,1.118070933916772,953.6450831959157
96.5656687657924,100.0,3.4343312342076047,511.0867203355298,1,1.2294120259319483,1755.2410870370368
99.41054854315956,100.0,0.5894514568404361,214.56092432919226,1,1.271161804069507,126.47324942687294
97.19283229776671,100.0,2.8071677022332864,343.7858265978069,2,1.4285714285714286,965.0644689109365
97.79142389094316,100.0,2.2085761090568354,650.3622152524562,3,0.9269079870707946,1436.3744508398538
96.08723073444231,100.0,3.912769265557685,198.2312599268556,2,1.316678938507556,775.6331813145774
99.66842161113128,100.0,0.3315783888687207,198.2312599268556,3,1.2367017372558888,65.72920178996338
90.53101367280934,100.0,9.468986327190663,198.2312599268556,3,1.4285714285714286,1877.0490898691742
95.79499806742378,100.0,4.205001932576224,110.05019442684629,3,1.379291681160009,462.7612802452778
90.43947904139569,100.0,9.560520958604315,198.2312599268556,3,1.4285714285714286,1895.1941151812428
97.01605095297911,100.0,2.983949047020886,375.8017116354617,3,1.3353540940069184,1121.3731593034536
98.0540704081656,100.0,1.9459295918343997,578.0238482063967,1,1.4285714285714286,1124.7937110108226
98.55567188626956,100.0,1.4443281137304353,375.8017116354617,1,1.2679233731670803,542.7809773031154
87.20617844746326,100.0,12.793821552536741,107.65887652034439,3,1.3565206509542498,1377.3684547478738
93.18934600841357,100.0,6.810653991586435,96.70318999922455,2,1.3775985462947011,658.6119669673601
97.99281526581834,100.0,2.0071847341816635,118.61456304146425,1,1.3565747786908897,238.08134018845558
89.3930060447443,100.0,10.606993955255703,107.65887652034439,1,1.1496621899289807,1141.937052480913
94.02913306000788,100.0,5.970866939992121,107.65887652034439,3,1.3444243486455811,642.8168266120183
97.42649625332557,100.0,2.573503746674433,159.83445486753288,2,1.29289450950227,411.33456844926144
98.52326769208972,100.0,1.4767323079102823,107.65887652034439,3,1.2479287612212497,158.9833411909163
83.2456899590477,100.0,16.754310040952305,107.65887652034439,2,1.1457249313300089,1803.7501958824505
99.62201741962836,100.0,0.37798258037163635,107.65887652034439,2,1.3806313330236393,40.693179947071144
94.5025420476072,100.0,5.497457952392807,108.84485444301279,2,1.4285714285714286,598.3700106347783
94.13741862068127,100.0,5.862581379318726,108.84485444301279,1,1.314405285339469,638.111816892264
98.32139944807422,100.0,1.6786005519257827,126.30736283195439,2,1.2582561534463363,212.01960896200873
93.30843914478224,100.0,6.691560855217759,108.84485444301279,2,1.20791040113293,728.3419672827391
86.23112059058295,100.0,13.768879409417053,108.84485444301279,3,1.1517814917145508,1498.6716751613951
94.445526684124,100.0,5.554473315875995,108.84485444301279,1,1.2241172628297263,604.5758395741213
98.94089487765312,100.0,1.0591051223468781,108.84485444301279,1,1.3342009542758826,115.2781428816952
98.85955819992829,100.0,1.140441800071713,108.84485444301279,3,1.2349631665081293,124.1312217295331
98.63036065938148,100.0,1.3696393406185194,108.84485444301279,2,1.3515124453020004,149.07819466904678
88.50824738428602,100.0,11.491752615713978,200.86488826447305,2,1.3845387479185216,2308.289605118354
90.97178983998435,100.0,9.028210160015647,200.86488826447305,2,1.178188524044359,1813.4504250197233
98.47828988616143,100.0,1.5217101138385658,200.86488826447305,3,1.2855393060295834,305.6581319871021
97.2824217257771,100.0,2.7175782742229018,200.86488826447305,2,1.3099208459544733,545.8660564017426
97.59118441203374,100.0,2.4088155879662594,1943.2399920930934,2,1.4285714285714286,4680.906784113274
93.22941280923826,100.0,6.770587190761745,200.86488826447305,2,1.0343077483920864,1359.9732395572305
98.25526185688354,100.0,1.7447381431164644,200.86488826447305,2,1.2586350499050452,350.45663216785283
94.57429477269788,100.0,5.425705227302117,200.86488826447305,1,1.2451145306326858,1089.8336742380072
99.06927048023906,100.0,0.9307295197609449,200.86488826447305,3,1.3357896663890423,186.95088099122884
99.51211288056852,100.0,0.4878871194314769,1083.212111672549,2,1.1421244085691031,528.4852368972073
99.18192972781117,100.0,0.8180702721888338,106.44995927684005,2,1.139976736467491,87.08354716009481
96.55488238557136,100.0,3.4451176144286393,131.38628284023287,2,1.243651861644907,452.64119730718954
93.68502929326358,100.0,6.314970706736418,131.38628284023287,2,1.0829835215896473,829.7005274030562
97.82042054415804,100.0,2.17957945584196,145.0890529088932,1,1.4285714285714286,316.23311898779076
92.86842337853794,100.0,7.1315766214620595,131.38628284023287,2,1.3171819959620052,936.9913430842065
89.63536015380774,100.0,10.364639846192262,131.38628284023287,2,1.3434308414452012,1361.771502368964
93.48875472773474,100.0,6.511245272265256,131.38628284023287,2,1.2222883466889345,855.488312983972
97.5250992191832,100.0,2.474900780816796,131.38628284023287,1,1.2626673785572933,325.16801398990873
91.58763612911694,100.0,8.412363870883055,131.38628284023287,1,1.1613809012317788,1105.2692188947974
98.7348475532158,100.0,1.2651524467841995,131.38628284023287,1,1.2233972596668272,166.2236772092015
99.80901674786048,100.0,0.1909832521395174,483.08890270770996,2,1.2355219465793428,92.26188971162935
98.88668678811098,100.0,1.1133132118890217,131.38628284023287,2,1.4285714285714286,146.2740845470191
96.91136014267764,100.0,3.088639857322363,170.62368513006555,3,1.3265353232594437,526.9951144959415
95.64383482511056,100.0,4.3561651748894406,170.62368513006555,2,1.1765363003609846,743.2649551748929
98.1331763432072,100.0,1.8668236567928034,170.62368513006555,3,1.4186890085367985,318.52433180997286
98.5686944951675,100.0,1.431305504832494,170.62368513006555,1,1.4285714285714286,244.214619781469
96.41419186984967,100.0,3.585808130150326,170.62368513006555,2,1.155220261806926,611.8237973355983
96.97590479190131,100.0,3.024095208098686,134.98209396720847,2,1.4047948348091024,408.19870354536164
96.59728710099787,100.0,3.4027128990021254,134.98209396720847,2,1.3070099590260806,459.3053122765372
98.46860450735444,100.0,1.531395492645558,134.98209396720847,3,1.2520509839386331,206.71097028924223
97.41892751976047,100.0,2.581072480239527,195.83357862444797,1,1.1636629238174854,505.46066049438633
96.68770042757404,100.0,3.3122995724259567,195.83357862444797,1,1.272955785655525,648.6594787444039
99.36422442027175,100.0,0.6357755797282465,195.83357862444797,1,1.4285714285714286,124.50620698021555
99.94282600747916,100.0,0.05717399252084476,195.83357862444797,2,1.260619176226848,11.196587559604453
93.90552467382936,100.0,6.094475326170638,266.18883532752983,2,1.4285714285714286,1622.2812890057296
99.47680439356722,100.0,0.523195606432779,105.00312793183718,2,1.3928614217992485,54.93717519563623
97.10444913148204,100.0,2.895550868517958,266.18883532752983,3,1.2260840169372484,770.7633133224127
99.35848807064993,100.0,0.6415119293500737,266.18883532752983,2,1.4285714285714286,170.76331332241273
92.535715774605,100.0,7.464284225395005,266.18883532752983,2,1.2870432551986286,1986.9091245115496
98.0642949596094,100.0,1.9357050403906015,91.93489824578153,3,1.2101651543264895,177.95884592215637
99.7613602173444,100.0,0.23863978265559638,239.2800661768957,1,0.9668425885174824,57.101742986271105
97.5526040202114,100.0,2.4473959797885954,266.18883532752983,1,1.005966445821297,651.4694854452049
98.2752070624914,100.0,1.724792937508596,830.3314058945073,2,1.4285714285714286,1432.1497446784294
97.7386144446994,100.0,2.261385555300606,172.91206644000567,2,1.4285714285714286,391.0208493846075
98.01103230864526,100.0,1.9889676913547447,1530.6308170579323,1,0.9927885182681679,3044.3752425201424
97.45648517505478,100.0,2.5435148249452197,172.91206644000567,3,1.077697699121377,439.80440440206723
94.0847285347275,100.0,5.915271465272497,172.91206644000567,2,1.1938511908444374,1022.8218126138677
96.90679855735657,100.0,3.0932014426434336,172.91206644000567,3,1.1000735504329593,534.8518533626827
95.80578152535192,100.0,4.194218474648082,138.8084593708455,3,0.9528172642873616,582.1930047306379
93.48697389487556,100.0,6.513026105124439,138.8084593708455,2,1.2815701067342105,904.0631194944218
94.48048653305337,100.0,5.519513466946634,518.9865295560675,2,1.2276658956142665,2864.5531390486117
96.06821873461274,100.0,3.931781265387258,309.6055214922552,2,1.170406324413898,1217.301189063701
99.74235261108367,100.0,0.2576473889163253,138.8084593708455,2,1.4285714285714286,35.763637116396175
99.64231397624104,100.0,0.3576860237589585,138.8084593708455,3,1.2990473785336096,49.64984589646467
94.13303972109804,100.0,5.866960278901956,138.8084593708455,2,1.269099188864764,814.3837175043266
89.1007374341367,100.0,10.899262565863296,393.17744138968095,3,1.21418406759873,4285.34416868046
98.88653754282738,100.0,1.1134624571726164,393.17744138968095,3,1.4285714285714286,437.7883199945965
99.85207673497284,100.0,0.1479232650271598,393.17744138968095,3,1.1936069217913627,58.160090865386366
98.63863414395408,100.0,1.3613658560459214,393.17744138968095,1,1.4285714285714286,535.2583440754081
86.91552639893057,100.0,13.084473601069433,193.93051453516256,2,1.3198135107038145,2537.4786978771467
96.20388955599142,100.0,3.7961104440085762,53.16187161416507,3,1.1756827849081195,201.8083360575751
95.20301545079865,100.0,4.796984549201355,193.93051453516256,2,1.0933955976625163,930.2816818438436
93.43094471131649,100.0,6.569055288683515,193.93051453516256,1,1.4285714285714286,1273.9402721443248
97.09147125825776,100.0,2.908528741742245,163.5720192145742,3,1.4256183777898486,475.7539192304038
96.89037347023655,100.0,3.109626529763446,193.93051453516256,1,1.252681120305559,603.0514729292171
92.7967400484485,100.0,7.203259951551502,193.93051453516256,2,1.3466274568282817,1396.931908734913
95.1487428482306,100.0,4.851257151769403,231.73737500675944,2,1.2977308448334581,1124.2175978338098
95.79952541829113,100.0,4.200474581708875,870.4602292221238,1,1.3487627264491668,3656.3460672360115
97.64527692241002,100.0,2.3547230775899806,269.9449679188565,2,1.1863126918227525,635.6456456378183
98.15326925411262,100.0,1.8467307458873847,1008.9978069020091,2,1.2203884490737076,1863.3472725388826
96.52039476737464,100.0,3.47960523262536,320.2223593715986,2,1.0689288917813657,1114.247397273053
93.89111574430436,100.0,6.108884255695642,320.2223593715986,2,1.3475520355460564,1956.2013294868705
97.46431508754094,100.0,2.535684912459061,149.219121900009,2,1.269499210408218,378.37267605224224
99.11012602894137,100.0,0.8898739710586341,345.1543333071436,2,1.3525209005444445,307.1438572081232
99.7662486318976,100.0,0.2337513681024035,789.4034400739835,1,1.2332034282951068,184.52413410203732
94.46388679102816,100.0,5.536113208971841,320.2223593715986,1,1.4285714285714286,1772.7872335252348
96.30324533352588,100.0,3.6967546664741207,295.29038543605367,2,1.2932021261172615,1091.6161103256732
96.99279217085754,100.0,3.007207829142459,679.5114593783862,2,1.1156070898690196,2043.432180634701
97.45104931675972,100.0,2.548950683240278,151.3374765195421,1,1.221834802263044,385.75176417434636
94.0524526722262,100.0,5.947547327773805,151.3374765195421,3,1.28316252451467,900.0868040658335
98.44656206899391,100.0,1.553437931006087,151.3374765195421,2,1.3152954441694649,235.09337640819976
96.14545607899088,100.0,3.8545439210091246,151.3374765195421,1,1.2853888798758906,583.3369501392621
94.6438765487021,100.0,5.356123451297904,97.25542697836194,2,1.1310607951560494,520.9120732047952
93.86091314856534,100.0,6.139086851434655,182.4883897717657,2,1.1973996512734877,1120.3120741873292
97.91883957136908,100.0,2.0811604286309233,182.4883897717657,2,1.254573954559826,379.7876154775749
94.2804815918864,100.0,5.719518408113601,208.26636945400105,2,1.169470691461732,1191.183333883147
98.02042288964454,100.0,1.9795771103554642,128.2278214540838,2,1.1418202975659162,253.83686026125162
98.60902554410576,100.0,1.3909744558942378,208.26636945400105,3,1.1492689938958163,289.69319993234745
91.98970907923196,100.0,8.010290920768043,208.26636945400105,3,1.120980357666973,1668.2742083387075
95.26895213948124,100.0,4.731047860518757,117.01073811415993,1,1.321805804055143,553.5834022127169
89.71199869800937,100.0,10.288001301990633,117.01073811415993,3,1.1515930138607882,1203.8066260653625
92.467225858491,100.0,7.532774141508995,217.76788810949245,3,1.4285714285714286,1640.3963164022089
99.1674168594856,100.0,0.8325831405144015,117.01073811415993,2,1.12029643539557,97.42116781299546
92.81333633116952,100.0,7.186663668830477,117.01073811415993,2,1.2311225379154205,840.9168204680707
90.90108221199198,100.0,9.098917788008023,117.01073811415993,2,1.2686364363299105,1064.6710864148781
98.98438726500656,100.0,1.0156127349934394,58.57597540038169,2,1.1273511379503887,59.49050658129007
98.6766154819858,100.0,1.323384518014194,117.01073811415993,3,1.1321658203876415,154.85019926169264
96.45131427710396,100.0,3.548685722896039,142.69862874127637,1,1.1536989878995831,506.3925864910098
95.19229268484288,100.0,4.807707315157117,142.69862874127637,2,1.1798127293843306,686.053241262324
96.42928141660836,100.0,3.5707185833916384,383.88193188894184,3,1.1306133906547238,1370.7343480241277
98.47193286808044,100.0,1.5280671319195562,142.69862874127637,1,1.1895505479790063,218.05308434953574
89.72898155028659,100.0,10.27101844971341,142.69862874127637,3,1.412119143694084,1465.6602485504538
96.16208649216124,100.0,3.8379135078387634,84.33246801242545,2,1.2917133731695707,323.66071813426805
98.17294370231936,100.0,1.8270562976806417,142.69862874127637,2,1.202521865308872,260.7184283121408
98.61695019443708,100.0,1.3830498055629192,142.69862874127637,2,1.1796431214764518,197.35931073471747
89.88902922173227,100.0,10.110970778267728,142.69862874127637,2,1.1601180852646646,1442.8216653019206
96.2249538432071,100.0,3.7750461567928966,84.79830366176172,2,1.2792277619758463,320.1175103408906
93.44806401022215,100.0,6.551935989777846,224.32722337739568,2,1.3138793294337898,1469.7776083332928
91.19488132975994,100.0,8.805118670240063,224.32722337739568,3,1.164496402537162,1975.2278228034197
95.20527138238256,100.0,4.794728617617437,126.37361529621482,1,1.2066844992807104,605.9271897725379
94.77456369850194,100.0,5.225436301498064,224.32722337739568,3,1.3245295789604394,1172.2076164505086
96.06353619424392,100.0,3.936463805756077,422.06522178606326,2,1.2953106245035175,1661.4444692292493
97.64842799237172,100.0,2.3515720076282776,348.80343339984336,3,1.3162278589386376,820.2363901477058
99.99880543929564,100.0,0.001194560704362857,255.27814725471322,1,1.4285714285714286,0.30494524339303536
88.0277333888189,100.0,11.972266611181098,224.32722337739568,3,1.14754932229722,2685.705326420158
98.00558031694356,100.0,1.9944196830564351,224.32722337739568,3,1.1933643344190579,447.4026297492756
96.92175960494409,100.0,3.0782403950559143,224.32722337739568,2,0.8159776098203407,690.5331207110308
99.7101406916782,100.0,0.28985930832179463,193.37629950007812,2,1.283825752734882,56.051920418920844
99.2459419134192,100.0,0.7540580865807982,646.3806146002971,2,1.3379812728719163,487.4085294484204
99.03172345364592,100.0,0.9682765463540761,646.3806146002971,2,1.1633681153592976,625.8751891354008
98.63102912280608,100.0,1.3689708771939166,646.3806146002971,2,1.1338488147957153,884.8762369705117
99.72359606733116,100.0,0.2764039326688419,646.3806146002971,2,1.4148851162966067,178.66214387642518
89.72960974650385,100.0,10.270390253496146,287.5708457798665,3,1.4285714285714286,2953.464811687184
91.18013917413316,100.0,8.81986082586684,405.8378202734915,3,1.4016183360753158,3579.433092685355
90.20982621346452,100.0,9.790173786535476,287.5708457798665,2,1.1925330242554686,2815.368556125885
93.74605411119288,100.0,6.253945888807124,287.5708457798665,1,0.9106616374750899,1798.4525087057834
96.74912488373772,100.0,3.2508751162622787,169.30387128624145,2,1.2105512084247765,550.385742251314
99.9999800226926,100.0,1.9977307402996303e-05,287.5708457798665,1,1.2536237156368395,0.0057448911862840344
99.17503349274318,100.0,0.8249665072568177,287.5708457798665,3,1.3760355545610143,237.23631623190545
99.75499485423906,100.0,0.2450051457609419,854.3782923015019,2,1.1797771372278583,209.3270780403141
96.23399262671832,100.0,3.7660073732816812,287.5708457798665,3,1.3635170456172345,1082.9939255478264
99.34006418106,100.0,0.6599358189399993,287.5708457798665,1,1.3629797777219916,189.77830161300443
91.86876897463804,100.0,8.131231025361956,174.35017623680946,1,1.4067148887750953,1417.6815622940699
97.71354955113353,100.0,2.286450448866475,102.65569291221517,3,1.4285714285714286,234.7171551378334
88.52324419755703,100.0,11.476755802442966,174.35017623680946,3,1.390419831114085,2000.9743967827567
96.965954837514,100.0,3.034045162485995,71.06722302673374,2,1.4285714285714286,215.62116423557484
94.55305906372308,100.0,5.446940936276917,174.35017623680946,1,1.3365090984533474,949.6751121913724
98.6162774631522,100.0,1.3837225368477988,174.35017623680946,2,1.2169340203818528,241.2522681622588
99.81907434199096,100.0,0.1809256580090448,174.35017623680946,3,1.3533928734887612,31.54442035963768
91.12821078191088,100.0,8.87178921808912,762.8185334652567,2,1.0793368868610416,6767.565240555618
97.59572121634066,100.0,2.4042787836593362,83.14485370507205,1,1.2803338307302174,199.90340773356408
95.95370112533551,100.0,4.046298874664487,323.41812176748743,2,0.8678147662574506,1308.6463821538864
99.94191609966474,100.0,0.05808390033526223,140.4755815435156,3,1.333920994855845,8.159369677911563
99.75444547183042,100.0,0.24555452816957768,323.41812176748743,1,1.388681491093775,79.4167842921064
96.81750977201035,100.0,3.1824902279896463,323.41812176748743,2,1.389175830622672,1029.2750120797944
93.59919181700371,100.0,6.400808182996286,323.41812176748743,2,1.0789600843256557,2070.137360338623
98.56421535707692,100.0,1.4357846429230818,115.18676629144336,3,1.361678586052207,165.38339010922448
99.99933628034633,100.0,0.0006637196536729562,323.41812176748743,2,1.1051050321738445,0.2146589637710747
90.31389934304067,100.0,9.686100656959326,323.41812176748743,1,1.4078467706278293,3132.660481724611
99.4600004245238,100.0,0.5399995754762017,65.60172412862777,2,1.4285714285714286,35.42490317996589
96.99034360074208,100.0,3.0096563992579206,323.41812176748743,3,0.9286793628973494,973.377419813496
97.25520271436524,100.0,2.7447972856347604,2193.9758426440535,2,1.3835583261745952,6022.018937637635
98.3699731921926,100.0,1.630026807807397,438.66353220340307,1,1.1643075128567302,715.0333170990303
94.21964499472588,100.0,5.780355005274117,198.4211293268004,2,1.1829200731243035,1146.9445680563138
96.73227279569878,100.0,3.2677272043012238,198.4211293268004,1,1.18704391868323,648.386122209357
96.13676246255991,100.0,3.863237537440085,198.4211293268004,3,1.2470844589888583,766.5479550365491
98.80690977693008,100.0,1.193090223069916,198.4211293268004,2,1.2648311537968904,236.73430945029696
87.80921417247279,100.0,12.190785827527208,198.4211293268004,1,1.0001802971609466,2418.9094912791015
97.97153923033444,100.0,2.028460769665557,58.493401428847804,2,1.4153070453808108,118.651570082717
98.74333739294428,100.0,1.2566626070557163,198.4211293268004,3,1.4068746569731474,249.34841367475644
92.16579237561432,100.0,7.834207624385684,261.7668409409986,3,1.4273267943492256,2050.7357811113257
92.27315672007094,100.0,7.7268432799290565,4596.941970901066,1,1.1751134790736881,35519.850176080734
97.60768484255482,100.0,2.392315157445182,261.7668409409986,3,1.1507784158745333,626.228781299693
97.10992583828002,100.0,2.89007416171998,261.7668409409986,3,1.3358869878095916,756.5255833986438
99.90568004425084,100.0,0.09431995574915675,261.7668409409986,1,1.2693425658451183,24.68983685415154
98.4435731467584,100.0,1.5564268532416037,261.7668409409986,2,1.4285714285714286,407.4209405287938
94.92669610768128,100.0,5.0733038923187195,103.22799814552005,3,1.2410908797458284,523.7070047879364
93.21797174390991,100.0,6.782028256090086,103.22799814552005,2,1.1873091862684324,700.095200242532
96.08874468707802,100.0,3.9112553129219805,149.6361696885366,3,1.022789207764672,585.2652636995838
98.67981757905729,100.0,1.3201824209427144,216.73560659595427,1,1.3370898928034756,286.13053782033467
95.89444115326678,100.0,4.105558846733217,103.22799814552005,1,1.4285714285714286,423.80862101689996
98.57597400940666,100.0,1.4240259905933357,103.22799814552005,2,1.31479188170416,146.9993523161412
88.40346904318552,100.0,11.596530956814476,103.22799814552005,3,1.1272621518508763,1197.0866761045106
99.03024034739956,100.0,0.9697596526004446,103.22799814552005,1,1.310263510140611,100.10634762023886
94.40652709012326,100.0,5.593472909876738,103.22799814552005,2,1.258942798566355,577.4030111677725
85.34028891680875,100.0,14.659711083191254,103.22799814552005,2,0.972504897653994,1513.2926285095266
93.5770271387994,100.0,6.422972861200606,103.22799814552005,2,1.102260359091638,663.0306306047418
98.76138939649148,100.0,1.2386106035085191,59.19621270659626,1,1.1306397495252303,73.32105674593586
99.67886511622903,100.0,0.32113488377096644,550.9187772010732,2,1.2034633372130645,176.9192374837096
98.17404400802354,100.0,1.825955991976457,255.9039715548065,3,1.2733592432334364,467.2693902310717
97.81828456798722,100.0,2.18171543201278,255.9039715548065,1,1.1696972953210854,558.3096438544808
94.30435383349634,100.0,5.695646166503664,255.9039715548065,3,1.3306909131029845,1457.5384745791964
96.52322402686356,100.0,3.4767759731364407,262.00655573422557,2,1.3841869928225745,910.9380977809892
95.6350262969805,100.0,4.364973703019501,255.9039715548065,2,1.426993441384879,1117.0141063349809
97.67997513840584,100.0,2.320024861594163,275.8528556058616,3,1.3431070892263755,639.9854831473436
95.3169780227204,100.0,4.683021977279594,321.87030509595843,2,1.3841963733435338,1507.3257125980615
98.00365102454352,100.0,1.9963489754564847,321.87030509595843,2,1.203863840123886,642.5654538081827
98.08587684774136,100.0,1.9141231522586395,7270.06239166259,3,1.423302059176552,13915.79474224618
98.0605910194005,100.0,1.9394089805994952,321.87030509595843,2,1.2764945909834713,624.2381602914012
99.16504619390427,100.0,0.8349538060957258,495.419748852296,3,1.3027831075506575,413.6526049192131
99.78162545926904,100.0,0.21837454073096296,777.2764499132398,1,1.1410774820781817,169.73738777079708
90.80452201223304,100.0,9.195477987766964,321.87030509595843,2,1.1863740499930235,2959.7513054257224
93.51682323512064,100.0,6.48317676487936,148.3208613396209,1,0.9578353656933248,961.5903619839236
91.60973868276058,100.0,8.390261317239421,350.8761924660555,3,1.1685205907114937,2943.9429447881994
93.44835558236498,100.0,6.551644417635018,293.7279719824765,3,1.2858409837464524,1924.401227942247
94.47753915544688,100.0,5.522460844553123,558.9311478586187,3,1.369625609190233,3086.6753788503543
97.8129757123776,100.0,2.187024287622407,350.8761924660555,2,1.1932248489362638,767.3747548717375
98.52949975305997,100.0,1.4705002469400341,701.9118063812612,2,1.1974682945499155,1032.16148461377
96.04777386551936,100.0,3.9522261344806395,350.8761924660555,2,1.3582684940844563,1386.7420578314034
97.25722089877874,100.0,2.7427791012212595,695.9389628294391,1,1.2317747119264275,1908.8068429741845
95.5405505234492,100.0,4.459449476550802,166.14581619828743,3,1.3097519017402468,740.9188730765586
95.54805616560984,100.0,4.451943834390164,65356.87318072718,3,1.167965006744557,290965.12859195826
98.85775937991951,100.0,1.1422406200804858,171.0410850946352,3,1.3478457836112605,195.37007509773525
87.9532381973104,100.0,12.046761802689602,166.14581619828743,1,1.3277935684440274,2001.5190722542163
96.22830649202304,100.0,3.7716935079769627,70.62354953198894,2,1.3914635609338792,266.37038328009214
99.4275399895313,100.0,0.5724600104687028,161.25054730193963,3,1.228281315285489,92.30948999655241
98.20312638021193,100.0,1.796873619788073,166.14581619828743,3,1.245688697235245,298.5430341648606
98.12152311261907,100.0,1.878476887380927,166.14581619828743,3,1.2586561706253188,312.1010756635226
88.74006382954087,100.0,11.259936170459127,166.14581619828743,2,1.3595502040484866,1870.7912853815508
95.18564425348724,100.0,4.81435574651276,166.14581619828743,3,1.2643565905652197,799.885064973278
97.78487461634272,100.0,2.2151253836572806,183.12480330995217,1,1.1332941641789651,405.6444001891219
94.72181056047997,100.0,5.278189439520034,166.14581619828743,2,1.0637123547420964,876.9490924782373
94.57363255701512,100.0,5.426367442984883,381.5607784603755,1,1.1531818276900114,2070.4889857573494
97.84947832024048,100.0,2.150521679759521,170.31945399980665,1,1.32842919471458,366.2756783113887
98.463330315732,100.0,1.5366696842680057,381.5607784603755,2,1.1822571590057627,586.3328809657597
99.44099112834697,100.0,0.5590088716530346,532.3304234975401,2,1.2391395105149445,297.5774293859419
91.64555349485822,100.0,8.35444650514178,381.5607784603755,2,1.1398276416263056,3187.7291121074613
99.71566959554865,100.0,0.28433040445135305,381.5607784603755,2,1.1436476641417264,108.48933046241169
93.39473182101638,100.0,6.605268178983621,381.5607784603755,3,1.2368824628664608,2520.3112683125373
94.80526263617344,100.0,5.194737363826562,381.5607784603755,3,1.281436275889704,1982.1080324388618
90.14595677646096,100.0,9.854043223539037,169.725823122745,3,0.9565582430554643,1672.4855972022706
88.08323432619873,100.0,11.916765673801265,169.725823122745,3,1.1721817114418318,2022.5828629467926
92.78981916087172,100.0,7.2101808391282844,169.725823122745,2,1.309200940050836,1223.7538777848922
99.25286287486682,100.0,0.7471371251331789,92.83551629099415,3,1.4285714285714286,69.36086075190777
95.35846296374764,100.0,4.641537036252359,169.725823122745,1,1.186361823704749,787.7886940326379
97.35444737213854,100.0,2.6455526278614627,169.725823122745,1,1.1791883745756615,449.01859737832785
99.77577046188324,100.0,0.22422953811675939,238.88321906526934,2,1.3771748906554255,53.564673874849994
99.09062121012806,100.0,0.909378789871937,169.725823122745,1,1.227857848127366,154.34506364138028
98.4558088968244,100.0,1.5441911031756064,169.725823122745,3,1.0909874091749645,262.08910604529945
96.51303565512288,100.0,3.486964344877123,241.46599738814533,2,1.4175619674519848,841.9833233926552
96.5759532656643,100.0,3.424046734335704,8557.790882266432,1,1.2819898900603446,29302.27592355224
98.56885721095315,100.0,1.431142789046845,241.46599738814533,2,1.1457584258284383,345.57232096204854
99.7581494103934,100.0,0.24185058960659944,241.46599738814533,2,1.3507382555613725,58.39869383826855
97.41025961369462,100.0,2.5897403863053796,241.46599738814533,2,1.2130768104158087,625.3342453555892
97.01725247145308,100.0,2.9827475285469234,241.46599738814533,1,1.4285714285714286,720.2321069376084
97.15572607854855,100.0,2.844273921451446,123.17718380084455,3,1.3304824133489606,350.34965160257366
96.10868019161202,100.0,3.8913198083879763,123.17718380084455,3,1.1577537183300488,479.3218152656729
95.41362973521407,100.0,4.586370264785927,123.17718380084455,2,1.281177710304749,564.9361730842642
96.89766095348348,100.0,3.1023390465165193,123.17718380084455,2,1.4285714285714286,382.1373869453021
92.96401224455208,100.0,7.03598775544792,123.17718380084455,3,1.163003893186216,866.6731569733
99.7401250112047,100.0,0.25987498879530335,321.77467401512,1,1.1186411146740889,83.6211898042917
92.5022329026874,100.0,7.497767097312604,282.6431826079063,2,1.0327460177017036,2119.192754837278
99.91734411766352,100.0,0.08265588233648202,282.6431826079063,2,1.2765785180240812,23.362121644847903
94.4615181342063,100.0,5.538481865793699,282.6431826079063,2,1.3332804961581703,1565.414141364106
99.54356517690545,100.0,0.4564348230945541,282.6431826079063,2,1.2709119077146547,129.00819105252145
99.99222247107816,100.0,0.007777528921835142,1250.4514580713355,2,1.3357718277919441,9.725422380500735
97.71903795524452,100.0,2.2809620447554835,282.6431826079063,2,1.4285714285714286,644.6983717375274
99.13384409739449,100.0,0.866155902605513,568.6462049503568,2,1.2257577459718927,492.5362669119759
95.85843258669836,100.0,4.141567413301644,568.6462049503568,1,1.3563209246584085,2355.0865921200457
97.3021468418702,100.0,2.697853158129803,568.6462049503568,2,1.3170049158971435,1534.1239598838474
98.0117176921239,100.0,1.988282307876105,700.1792378176056,2,1.1829208978767252,1392.153990894921
96.1860590387657,100.0,3.8139409612342945,568.6462049503568,3,1.4285714285714286,2168.7830535105977
99.34863062524978,100.0,0.6513693747502174,177.9252171188687,3,1.3397648480455822,115.89503742701417
95.94507898690236,100.0,4.0549210130976405,132.80406408423488,2,1.2702748565417514,538.5099900799297
95.28292302447124,100.0,4.717076975528755,132.80406408423488,3,1.3846448448698794,626.4469929483896
98.75001523024513,100.0,1.2499847697548745,132.80406408423488,2,1.2579986968233519,166.00305746684393
98.5609601870564,100.0,1.439039812943605,86.4006099175128,3,1.3650207728755892,124.333917533911
97.85109759899952,100.0,2.148902401000484,86.4006099175128,2,1.1874815892031163,185.66647809964948
94.32302448252749,100.0,5.676975517472513,86.4006099175128,1,1.2104256212857136,490.494147196413
97.9561057895953,100.0,2.0438942104047015,86.4006099175128,1,1.1457753902675842,176.59370638583945
93.47988746601882,100.0,6.520112533981177,86.4006099175128,1,1.2278894736781987,563.3416996667935
98.136030149541,100.0,1.863969850459,84.67241256240658,2,0.938682938687192,157.82682418195176
97.77193546931292,100.0,2.228064530687078,259.5682711214269,2,1.1043737757564351,578.3348581774183
98.78779800094748,100.0,1.2122019990525246,590.6310955622921,2,1.4285714285714286,715.9641947431932
87.40064764204801,100.0,12.599352357951986,259.5682711214269,3,1.2444498131940533,3270.3921088032703
93.16795354319711,100.0,6.832046456802885,259.5682711214269,3,1.2676663135954076,1773.3824870135954
98.78426953673473,100.0,1.215730463265274,259.5682711214269,3,1.2190497870826214,315.5650544994185
85.86449325667849,100.0,14.135506743321514,102.07461392540743,2,1.0911662856324533,1442.876393464537
91.62734148254322,100.0,8.372658517456784,99.45478831110017,2,1.3646258342199427,832.7009804547943
98.9928686174984,100.0,1.0071313825015977,80.56401674527581,1,1.4128486939007452,81.1385495645515
93.8465824494759,100.0,6.153417550524097,102.07461392540743,1,1.0069262251340125,628.1077207915735
98.7547355146842,100.0,1.2452644853158006,102.07461392540743,2,1.192851974328433,127.10989157363154
95.25346026182116,100.0,4.746539738178839,102.07461392540743,3,1.1419012958227024,484.5012112562095
95.56684184838444,100.0,4.433158151615558,102.07461392540743,3,1.2071019406582904,452.5129067964309
97.84885581179572,100.0,2.1511441882042845,203.26000611148618,2,1.10438612416541,437.24158084109087
88.24798116124062,100.0,11.752018838759383,102.07461392540743,2,1.4285714285714286,1199.582785810479
98.89527938592109,100.0,1.1047206140789143,102.07461392540743,3,1.3668256666745084,112.7639301775442
91.57735405715565,100.0,8.422645942844355,80.42444088162398,3,1.3609587800368899,677.3865906971358
94.17850502815918,100.0,5.821494971840821,80.42444088162398,2,1.2505916160574884,468.1904782054833
96.67700522640278,100.0,3.322994773597216,129.78905433468893,2,1.2341199729294174,431.2883492242964
99.36319573689096,100.0,0.6368042631090418,176.83813615233342,3,1.1310021981543186,112.61127898206308
94.3836882130166,100.0,5.6163117869834025,129.78905433468893,2,1.364494842253243,728.9357956813427
99.1025699735575,100.0,0.8974300264425068,106.86109260008229,3,1.2006306209095237,95.90035315776701
99.04928313435468,100.0,0.9507168656453189,129.78905433468893,2,1.1897996893595733,123.39264293214545
96.17214152082384,100.0,3.8278584791761574,129.78905433468893,2,1.3838672653528479,496.81413213929403
95.61652933538753,100.0,4.383470664612474,129.78905433468893,3,1.198332600143538,568.9265122639034
99.23176712578574,100.0,0.768232874214263,207.8232640390197,1,1.2906403521891332,159.6566634612858
97.79666980022604,100.0,2.2033301997739585,191.8223954920574,2,0.9196316951896397,422.64807698063413
91.88600458213246,100.0,8.113995417867542,191.8223954920574,2,1.053102546874078,1556.4460380669293
96.75652550621196,100.0,3.2434744937880424,191.8223954920574,3,1.4285714285714286,622.1710471158106
97.25842504785864,100.0,2.741574952141363,191.8223954920574,2,1.3869670555219957,525.8954747407789
95.30059018034166,100.0,4.699409819658342,191.8223954920574,2,1.4285714285714286,901.4520490057607
95.79091598096818,100.0,4.20908401903182,985.9069762997246,1,1.1509895892796091,4149.765298195155
98.03374209523471,100.0,1.9662579047652855,141.34942440438226,1,1.1784867776674026,277.9294230691398
99.95147832141622,100.0,0.04852167858378209,240.69296675367394,3,1.0990133850729065,11.678826770198716
96.52401619032788,100.0,3.4759838096721154,141.34942440438226,2,1.255718427235687,491.3283107361053
92.72228488936796,100.0,7.277715110632045,141.34942440438226,3,1.4285714285714286,1028.7008418669147
93.21900369396324,100.0,6.780996306036755,895.2743345105511,2,1.0588085648164862,6070.851955205561
92.9691885031391,100.0,7.030811496860906,141.34942440438226,2,1.291487773943469,993.8011581770023
97.6198578215166,100.0,2.3801421784833963,123.07909842453094,1,1.362857587563171,292.9457534499354
91.63913432497542,100.0,8.360865675024584,141.34942440438226,2,1.3061635283210113,1181.803550687082
91.3691509021426,100.0,8.630849097857407,141.34942440438226,2,1.3996939806602853,1219.9655521032264
96.02621359964702,100.0,3.973786400352978,124.49438582117918,1,1.3804241910869948,494.71409729649844
99.45987177305211,100.0,0.5401282269478855,141.34942440438226,3,1.4285714285714286,76.34681398364317
98.92186065188756,100.0,1.078139348112444,141.34942440438226,2,1.3019443534431676,152.39437628340985
88.29577266800774,100.0,11.704227331992257,48.99688021660704,3,1.1545456175439346,573.4706246135628
88.84086962655508,100.0,11.159130373444924,48.99688021660704,2,1.3947396156743237,546.7625742291823
99.66566894414208,100.0,0.3343310558579162,48.99688021660704,1,1.157420092868447,16.381178696562078
91.49780633089895,100.0,8.502193669101047,300.6404580773326,1,1.2373375025265834,2556.103399340736
92.33067138063852,100.0,7.66932861936148,720.4048245122269,2,1.4285714285714286,5525.021338157706
97.19936064690584,100.0,2.800639353094155,112.92721802111016,2,1.3090655577352595,316.2684108253646
89.34036363696417,100.0,10.65963636303583,300.6404580773326,3,1.3431364507096215,3204.7179591208833
99.09997630016876,100.0,0.9000236998312374,300.6404580773326,1,1.4285714285714286,270.5835373977189
96.3874826710676,100.0,3.612517328932398,300.6404580773326,3,1.367288243175642,1086.0688645825383
93.09960508559396,100.0,6.900394914406036,300.6404580773326,3,1.239833737477806,2074.5378879815266
94.38496743921928,100.0,5.615032560780719,416.9707528096589,1,1.2760916862484364,2341.304353919483
90.47228057163814,100.0,9.527719428361863,145.88948936932786,3,1.230615490818337,1389.9941222579364
92.19240705867604,100.0,7.807592941323961,145.88948936932786,2,1.237721081278085,1139.0457474133211
93.61012525737216,100.0,6.389874742627839,391.68430176514244,2,1.3221380065619663,2502.8136269329043
99.16565439547408,100.0,0.8343456045259217,84.05789123304568,2,1.111871581029969,70.13333207600967
99.1922327217724,100.0,0.8077672782276011,145.88948936932786,3,1.4285714285714286,117.84475574987651
98.66854910901448,100.0,1.331450890985522,145.88948936932786,3,1.0917688044636378,194.24469060621442
89.28346227088159,100.0,10.716537729118414,145.88948936932786,2,1.2378240203999746,1563.4302171082218
98.52334143584578,100.0,1.4766585641542207,145.88948936932786,3,1.244659036662769,215.42896389730413
98.84737590527789,100.0,1.152624094722114,1750.1858699207253,2,1.350287023255553,2017.3064039128117
95.18353755044784,100.0,4.816462449552162,145.88948936932786,3,1.4285714285714286,702.671247331707
97.10710059836848,100.0,2.8928994016315244,477.2572167350304,1,1.4285714285714286,1380.6571167170962
98.2753280797576,100.0,1.7246719202424003,477.2572167350304,2,1.3274880863836853,823.1121204359483
92.64544574335368,100.0,7.354554256646324,477.2572167350304,3,1.3401393121781886,3510.014094853795
99.52961051572984,100.0,0.47038948427015725,87.15654256382675,2,1.4285714285714286,40.99752110736847
97.98345903322624,100.0,2.0165409667737606,477.2572167350304,3,1.3122435349349364,962.4087292346123
97.68748123175614,100.0,2.312518768243862,477.2572167350304,1,1.2555954885867613,1103.6662709795864
99.64366489575347,100.0,0.3563351042465257,298.9121048155542,1,1.3922070866934446,106.51287602999892
97.1871668816082,100.0,2.8128331183917936,477.2572167350304,3,1.373221285958657,1342.4449052237837
97.19754875316453,100.0,2.8024512468354743,54339.45032115033,3,1.3432028420837543,152283.66030486207
98.49722284318447,100.0,1.502777156815526,477.2572167350304,2,1.173017235864331,717.2112432347602
93.02561055441728,100.0,6.974389445582716,148.90799191848117,1,1.332941294352322,1038.5423271991715
91.10433752268592,100.0,8.895662477314076,148.90799191848117,1,1.356889025756469,1324.6352362814207
94.33565058376982,100.0,5.664349416230181,148.90799191848117,3,1.1456389028237222,843.4668970954573
91.46778124501746,100.0,8.532218754982537,148.90799191848117,3,1.2664528308698668,1270.5155614136531
93.30705454041563,100.0,6.692945459584365,326.21579484744814,2,1.4285714285714286,2183.344522968933
98.11334435120126,100.0,1.8866556487987367,115.57500145196867,3,1.3225879806193601,218.0502293492789
91.6671903730768,100.0,8.332809626923193,148.90799191848117,2,1.4285714285714286,1240.821948584121
91.9390283499246,100.0,8.060971650075402,1885.317386396217,3,1.2202401524617,15197.490003134157
96.15938462974758,100.0,3.840615370252422,148.90799191848117,2,1.1956115885601972,571.8983225155423
96.37533862239292,100.0,3.624661377607083,148.90799191848117,2,1.4183435475943547,539.7410471239464
99.415907229262,100.0,0.5840927707379961,293.77911995750287,2,1.4285714285714286,171.59426016094798
90.79343483416513,100.0,9.206565165834874,283.7547038353964,2,1.3559221328515572,2612.406171972752
96.72590360928676,100.0,3.2740963907132397,81.3619429117931,2,1.1492313947796227,266.3868436289184
87.39474641664694,100.0,12.605253583353061,283.7547038353964,2,1.2465070178082767,3576.7999973144174
97.22859010827943,100.0,2.771409891720566,283.7547038353964,3,1.369536709602023,786.4005930316573
97.86816747012637,100.0,2.131832529873634,820.2914156265216,1,1.2491424275049903,1748.7239238087122
96.82137118680684,100.0,3.178628813193157,283.7547038353964,3,1.1847328173641896,901.9508774902819
99.59443071634593,100.0,0.4055692836540743,283.7547038353964,2,1.4285714285714286,115.08219196799573
92.94928568558376,100.0,7.05071431441624,141.39890141919284,2,1.1868583210070018,996.9632582790338
82.27883424700764,100.0,17.721165752992363,141.39890141919284,2,0.9603578898937081,2505.7533693405435
97.14157183766063,100.0,2.858428162339365,36.661752572091636,2,1.2973666859343942,104.79498603278438
89.94462123484719,100.0,10.05537876515281,141.39890141919284,2,1.4050446077773464,1421.8195107464871
97.37350873975902,100.0,2.6264912602409822,141.39890141919284,1,1.3563933780149617,371.3829787851862
92.26617717272092,100.0,7.733822827279084,141.39890141919284,3,1.3831269841833962,1093.5540515479386
98.69025895876187,100.0,1.3097410412381265,91.3192933769177,3,1.396768117373304,119.60462639261414
99.1121613379236,100.0,0.8878386620764047,1064.8989319087796,3,1.0697223641406917,945.4584429524832
97.38730542089009,100.0,2.612694579109913,141.39890141919284,3,1.2795375951770243,369.4321432300221
99.57842062652657,100.0,0.42157937347343477,141.39890141919284,1,1.367576029192957,59.610860270135284
99.10689538684731,100.0,0.893104613152687,603.6252042284542,2,1.2522003130620956,539.1004545116652
95.96733576312964,100.0,4.03266423687036,603.6252042284542,3,1.4285714285714286,2434.2177735656546
99.50497834546032,100.0,0.49502165453968416,603.6252042284542,2,1.214117023600846,298.80754731902414
97.75800109787002,100.0,2.2419989021299784,179.1982092966267,2,1.3542256726839936,401.7621885066951
94.82905193907555,100.0,5.170948060924445,179.1982092966267,3,1.2889438441345213,926.6246328835247
99.6166078074042,100.0,0.3833921925958066,84.54294290831565,2,0.9637001486820945,32.413104250121236
95.57688380299028,100.0,4.423116197009719,179.1982092966267,3,1.2099831166687725,792.6145020150472
97.53150828795664,100.0,2.4684917120433596,179.1982092966267,2,1.3563304296875962,442.3492944617343
93.3463558885725,100.0,6.6536441114274965,179.1982092966267,1,1.207517949471983,1192.3211100648523
94.11004117659115,100.0,5.889958823408847,785.6639500764453,3,1.4285714285714286,4627.5283149870065
87.40368676962858,100.0,12.596313230371422,179.1982092966267,2,1.3848508743689936,2257.2367746219657
88.6155000540858,100.0,11.3844999459142,195.56733976417303,3,1.4285714285714286,2226.4363689678116
93.65025493477484,100.0,6.349745065225164,96.34610981916857,1,1.1549501110653828,611.7732353779074
91.018219694456,100.0,8.981780305544007,195.56733976417303,3,1.2362351457053133,1756.5428807014825
96.70574103588758,100.0,3.294258964112416,101.55003197392644,2,1.3751618430351595,334.5321031360096
95.96442290863232,100.0,4.035577091367685,195.56733976417303,2,1.315362498790752,789.2270761720172
96.18451177278176,100.0,3.815488227218239,2370.6475762131895,2,1.2422693627318993,9045.177917924877
96.7582448799294,100.0,3.241755120070593,195.56733976417303,2,1.3127859632704364,633.9814249990932
97.26587261715422,100.0,2.7341273828457844,974.773125596369,1,1.1781473239381879,2665.1538947552053
99.60662905972156,100.0,0.39337094027844444,232.90679193772684,1,1.298043032728393,91.61876374177963
94.82602243613287,100.0,5.173977563867126,98.86766383825388,2,1.1694992353342069,511.5390744910828
91.32526584607236,100.0,8.674734153927645,98.86766383825388,2,1.3899679151231152,857.6507002167381
94.0025857389981,100.0,5.997414261001893,167.75308123950956,2,1.0693539559574492,1006.0847217528437
86.18526662833484,100.0,13.814733371665156,98.86766383825388,3,1.0894593996068065,1365.8304150048982
92.7695945374699,100.0,7.230405462530101,69.77226505175703,2,1.0938177906282196,504.4817663633221
93.57092257315522,100.0,6.429077426844785,572.0407249330954,3,1.0914101677205748,3677.69411190329
97.80644974367648,100.0,2.193550256323519,98.86766383825388,3,1.4055189538755415,216.87118935450928
84.91030713291609,100.0,15.089692867083912,98.86766383825388,3,1.3065084835198613,1491.8826818053494
99.64387598620571,100.0,0.35612401379428604,36.76290819804935,3,1.2896400932931567,13.0921544262402
94.986879626848,100.0,5.013120373152006,98.86766383825388,3,1.227298023840291,495.63549983349435
98.23911538012244,100.0,1.760884619877558,98.86766383825388,3,0.99051532551146,174.09454865600586
99.69938439648374,100.0,0.30061560351626326,80.70141437141802,1,1.3056024965864987,24.26010438587987
95.90519777752066,100.0,4.094802222479345,99.57543026278084,2,1.263152789572892,407.741693144372
94.93149828305326,100.0,5.0685017169467415,99.57543026278084,1,1.3006516360156368,504.6982392526152
99.42650322653522,100.0,0.5734967734647824,111.46914689403775,3,1.192986586510515,63.92719608460253
91.97998246841428,100.0,8.020017531585722,99.57543026278084,2,1.1720359521140085,798.5966964226939
90.63691611919783,100.0,9.363083880802165,99.57543026278084,2,1.2683690433377282,932.3331060173834
96.66249892026224,100.0,3.3375010797377627,99.57543026278084,2,1.4285714285714286,332.33310601738333
89.25979683643459,100.0,10.740203163565411,99.57543026278084,2,1.2966570722653394,1069.4603511217058
93.45367686893084,100.0,6.546323131069158,128.721345033486,3,1.2853378064095182,842.6515184550434
95.77996821628842,100.0,4.220031783711576,210.78045002409732,2,1.1674684216266544,889.5001984867201
94.54322894966978,100.0,5.456771050330218,99.57543026278084,3,1.4285714285714286,543.360325182118
94.96900404032792,100.0,5.030995959672083,70.32708085449785,2,1.227088697113692,353.8152596345106
96.2489404366747,100.0,3.751059563325299,468.77329351093545,3,1.4285714285714286,1758.3965456556916
97.48210336868851,100.0,2.517896631311487,370.0619010302307,2,1.0865395688120105,931.7776139807427
95.8986042779045,100.0,4.1013957220955035,220.45184711876408,2,1.3914430991065994,904.160262700951
98.0907635155978,100.0,1.9092364844022,169.73586560868915,2,1.2834091302049198,324.065907331698
94.19416738524824,100.0,5.805832614751765,167.2746627056904,2,1.122610165856115,971.1686923582979
93.63214409740232,100.0,6.367855902597682,167.2746627056904,3,1.1060328812828286,1065.180948265467
97.27262346552126,100.0,2.7273765344787364,164.8134598026916,2,1.4285714285714286,449.50836283211555
93.7425773290035,100.0,6.257422670996505,167.2746627056904,3,1.2835185457276097,1046.7082666978806
94.6538802393289,100.0,5.346119760671101,167.2746627056904,2,1.2340482384348015,894.2703797504846
97.41033914383738,100.0,2.5896608561626238,167.2746627056904,2,1.1503771101477367,433.1846462367323
92.33165080140624,100.0,7.668349198593759,167.2746627056904,3,1.4285714285714286,1282.7205257042224
87.68567118649635,100.0,12.31432881350365,96.13218613164842,3,1.0799652713640757,1183.803349586054
87.8428636207135,100.0,12.157136379286499,96.13218613164842,2,0.8308900974280901,1168.692097241404
95.7839236545916,100.0,4.216076345408396,72.81783237616774,2,1.376787567704811,307.0055406050745
94.15098832386428,100.0,5.849011676135717,96.13218613164842,2,1.1654075326258617,562.2782791364637
97.92767675930833,100.0,2.0723232406916736,128.52462071218685,2,1.1557082112227337,266.3445585029472
94.91182918655169,100.0,5.088170813448315,96.13218613164842,3,1.218741004220094,489.1369837080344
94.65376177286984,100.0,5.346238227130158,1774.9317866083964,2,1.1979678649895666,9489.208168114237
92.45237455317483,100.0,7.547625446825165,201.8010234751713,2,1.4263657773101652,1523.1185399765654
93.81597738805364,100.0,6.184022611946361,201.8010234751713,2,1.3059492493582414,1247.9420922843776
95.27075786620983,100.0,4.729242133790166,334.2254076508126,2,1.1576776151290438,1580.6328800454169
93.17736815725696,100.0,6.822631842743036,201.8010234751713,3,1.0703105208947874,1376.8140886598385
90.44637023423994,100.0,9.553629765760064,201.8010234751713,3,1.129650746451374,1927.9322646332419
91.91302319028584,100.0,8.086976809714159,291.26688548226946,2,1.0171129490258444,2355.4685483327826
94.01491531911688,100.0,5.985084680883119,240.5855559846364,3,1.204011634367968,1439.9249255653954
90.55545814928762,100.0,9.444541850712383,201.8010234751713,1,1.3649175985697035,1905.9182117278474
93.91452397490612,100.0,6.085476025093882,163.0164909657062,3,1.3037693424170256,992.0329474667385
97.80111282121878,100.0,2.19888717878122,162.8887443928636,2,1.2820772620446228,358.17397161323913
95.09890928704483,100.0,4.901090712955167,162.8887443928636,1,1.2552658473006504,798.3325123887918
92.21674158699672,100.0,7.783258413003281,162.8887443928636,3,1.3354029186575693,1267.8051901792967
96.70848254993834,100.0,3.2915174500616615,162.8887443928636,3,1.0943494940036067,536.1511445877442
95.78214362427984,100.0,4.21785637572016,162.8887443928636,2,1.4285714285714286,687.0413290704912
96.8415943301585,100.0,3.1584056698414997,528.4499851243618,3,1.3330159756227922,1669.0594292444405
95.05023938908886,100.0,4.949760610911142,205.61999025757896,2,1.334994980449549,1017.7697285928971
90.17644902164746,100.0,9.823550978352543,122.12149963540782,2,1.4285714285714286,1199.6667772212902
88.36049633798874,100.0,11.639503662011265,122.12149963540782,2,1.2728124030478933,1421.4336422166366
95.46427170905812,100.0,4.535728290941876,122.12149963540782,2,1.04758289328783,553.9099408285672
84.86001839135106,100.0,15.139981608648938,1201.102848416862,2,1.3431115441322226,18184.675035127144
95.62520372581793,100.0,4.374796274182074,52.667088872527074,1,1.3499308874752176,230.40778417154763
98.561372579677,100.0,1.4386274203230016,177.34796870221737,3,1.2398180523776767,255.1376507135954
95.01054324671564,100.0,4.989456753284358,196.53681637076835,1,1.226131991066871,980.6119457101379
96.00573579368508,100.0,3.9942642063149236,552.8574115194673,1,1.3099989892404462,2208.2585700281284
99.0204344061026,100.0,0.979565593897405,171.65627144682585,2,1.2321236270083593,168.14857748602415
95.50547800301392,100.0,4.49452199698608,196.53681637076835,2,1.3504784908242804,883.3390443960323
94.07099461206998,100.0,5.929005387930019,196.53681637076835,2,1.4277966451281114,1165.2678431888983
96.35230020109492,100.0,3.64769979890508,232.01540963986704,2,1.2602334541698554,846.3225630862228
97.26011559589932,100.0,2.7398844041006782,495.4530768310515,1,1.0709045965486585,1357.484158173093
95.63438168116804,100.0,4.365618318831963,196.53681637076835,2,1.3393189804682688,858.0047258731399
90.50176349273056,100.0,9.49823650726944,80.5561268963153,2,1.4285714285714286,765.1411453708116
98.84652161441136,100.0,1.1534783855886417,80.5561268963153,2,1.278753138107154,92.91975120163553
96.63925408905168,100.0,3.3607459109483244,80.5561268963153,2,1.2431655814742186,270.728674068626
94.20447097624329,100.0,5.795529023756714,80.5561268963153,3,1.0841340445006966,466.86537146902424
96.02329051415718,100.0,3.976709485842818,80.5561268963153,1,1.4285714285714286,320.34831397133485
95.5663521306776,100.0,4.4336478693223995,99.8367919572519,2,1.3623785727123525,442.6411799412536
93.9418548051039,100.0,6.058145194896099,99.8367919572519,2,1.346866046730193,604.8257814696672
92.53296924145332,100.0,7.467030758546684,99.8367919572519,1,1.361161489678144,745.4843963794262
94.32628527616434,100.0,5.6737147238356584,99.8367919572519,2,1.0422270669326983,566.4454765083776
99.71980532522836,100.0,0.28019467477163573,99.8367919572519,2,1.4285714285714286,27.973737452705656
94.03335489451138,100.0,5.966645105488624,102.46195988585521,3,1.3648088530579126,611.3541514517096
99.5132140787496,100.0,0.48678592125040154,102.46195988585521,2,1.2405433277147915,49.87703953615772
95.45024180989978,100.0,4.549758190100221,218.55607626584253,2,1.4285714285714286,994.3772979866856
94.80374197746688,100.0,5.196258022533115,150.44409670674122,2,1.389135927795372,781.7463444551519
96.89821569441617,100.0,3.101784305583834,229.69563246583326,1,1.1454558692803087,712.4663078436741
90.57578370896732,100.0,9.424216291032678,150.44409670674122,3,1.2220811506859022,1417.8177070733664
98.90672907020284,100.0,1.093270929797157,55.557325528945654,3,1.1020120080905276,60.739208938073745
91.50533633832876,100.0,8.49466366167124,150.44409670674122,2,1.4285714285714286,1277.9720014077084
91.1867028225814,100.0,8.813297177418605,150.44409670674122,3,1.3510096044722257,1325.9085328648139
96.38977726685522,100.0,3.6102227331447807,100.49344735567472,2,1.2449402089364001,362.80372817554513
92.97921014567164,100.0,7.020789854328356,150.44409670674122,1,1.2230846452934803,1056.236387802283
93.12467031410114,100.0,6.875329685898862,150.44409670674122,1,1.2321343950969879,1034.3527641560972
96.7398101800088,100.0,3.260189819991197,150.44409670674122,2,1.2949439323690672,490.47631256108895
98.20132016066994,100.0,1.7986798393300631,118.30166516952488,1,1.4285714285714286,212.78682009959994
98.34324398136366,100.0,1.6567560186363437,3222.797636624534,2,1.089027985505817,5339.3893813246805
94.78440795166333,100.0,5.215592048336674,222.1689472035071,2,1.315217559120036,1158.742594421942
90.16264144476972,100.0,9.837358555230281,222.1689472035071,1,1.4285714285714286,2185.555593478925
89.07598986486299,100.0,10.92401013513701,222.1689472035071,2,1.2863211645437975,2426.9758309638305
99.78508929518274,100.0,0.21491070481725671,49.84879183969551,3,1.271037305458598,10.713038988557676
93.6287196647553,100.0,6.371280335244705,222.1689472035071,2,1.204367926677207,1415.5006444197238
98.24310974338522,100.0,1.7568902566147813,222.1689472035071,3,1.1793732527124763,390.32645866420535
98.82722255368824,100.0,1.1727774463117555,222.1689472035071,2,1.0709013454729872,260.5547305511003
92.30258363963192,100.0,7.697416360368081,447.00565936233875,2,1.4169243827049642,3440.7886755527875
96.9082954125402,100.0,3.0917045874598017,112.56138715756225,1,1.2343459666820744,348.00655704587405
97.75552415068668,100.0,2.244475849313318,708.1912746640819,2,1.4285714285714286,1589.5182126779464
85.06846433089294,100.0,14.931535669107063,447.00565936233875,2,1.4285714285714286,6674.480947061483
95.80433945818574,100.0,4.195660541814263,55.2630327295497,2,1.4126119489046205,231.86492584436184
96.41454690405207,100.0,3.5854530959479263,846.7574628398289,3,1.2302326396851224,3036.0091666560756
99.33530208766696,100.0,0.6646979123330397,447.00565936233875,2,1.2258624219747465,297.1237285792004
96.04099439183712,100.0,3.959005608162883,447.00565936233875,1,1.341432374976735,1769.6979122960465
98.6577351149068,100.0,1.3422648850932006,215.8671912347955,3,1.3449249287589529,289.75095063816474
88.68017124865784,100.0,11.319828751342158,319.9554123895811,1,1.0859176384270062,3621.840476315117
90.28517838945812,100.0,9.714821610541875,319.9554123895811,1,1.222692194340421,3108.3097546921404
93.2386133998612,100.0,6.761386600138806,175.87878743688043,2,1.2367775438174338,1189.1844766243848
94.35650508726974,100.0,5.643494912730262,536.7246279385957,3,1.4285714285714286,3029.0027073085075
99.98788247454988,100.0,0.012117525450122457,94.47856722867633,2,1.2667725406528434,1.144846442884591
96.87717435236388,100.0,3.1228256476361196,319.9554123895811,3,1.221030402266573,999.1649679101754
97.10950267672244,100.0,2.8904973232775575,2473.998329799967,3,1.368523539115018,7151.085550079953
94.26494616302725,100.0,5.735053836972753,150.9548233970017,2,1.294234183450736,865.7340391325189
92.27953802737288,100.0,7.72046197262712,150.9548233970017,3,1.0262582355469336,1165.4409736211942
96.98569050737665,100.0,3.0143094926233545,150.9548233970017,2,1.2514990802726391,455.0245571228642
96.46062854861394,100.0,3.53937145138606,150.9548233970017,3,1.206094134076034,534.2851923803722
99.06124112949604,100.0,0.9387588705039605,150.9548233970017,1,1.399697329360269,141.71017950929414
98.70700054461918,100.0,1.2929994553808228,150.9548233970017,3,1.328848002285375,195.18450443943146
89.09083872184226,100.0,10.90916127815774,1036.1453934628587,2,1.1407735613793566,11303.477204906534
89.3606041147226,100.0,10.639395885277395,2224.154824285159,3,1.4285714285714286,23663.663685719388
99.30531787500912,100.0,0.6946821249908766,54.321927766863354,1,1.2862286251152768,37.736472214685534
89.83529660888499,100.0,10.164703391115012,329.0790835629662,3,1.0499049997123135,3344.9912766375032
91.38814015791802,100.0,8.611859842081984,329.0790835629662,2,1.2166865048391737,2833.9829446050503
91.4329502816326,100.0,8.5670497183674,12673.995951145667,2,1.3521983964975417,108578.75344385205
94.03732578815556,100.0,5.962674211844444,329.0790835629662,2,1.4285714285714286,1962.1913652183016
96.62580703684576,100.0,3.3741929631542433,231.79615471566828,2,1.4285714285714286,782.1249541278202
96.7695956771064,100.0,3.2304043228936052,4172.791389586908,3,1.4285714285714286,13479.803343454761
99.58233388138994,100.0,0.4176661186100574,213.31526662746424,2,1.4285714285714286,89.0945594525625
98.2711212407753,100.0,1.728878759224699,329.0790835629662,2,1.1455895907565488,568.937837677142
84.2744229311873,100.0,15.725577068812697,295.24279920688343,3,1.0299634012984935,4642.8633929398375
99.55922707835362,100.0,0.44077292164638493,39.254673741517024,1,1.4285714285714286,17.302397233324086
96.81576460178574,100.0,3.1842353982142555,295.24279920688343,3,1.1977853937462906,940.122572302422
95.40997642678327,100.0,4.590023573216726,295.24279920688343,2,1.4285714285714286,1355.1714081820874
95.22237052841815,100.0,4.777629471581847,295.24279920688343,3,1.3132030758104902,1410.5606987631277
98.24902669568942,100.0,1.7509733043105769,175.49131922323315,2,1.264647341975166,307.2806150981268
97.7989026285116,100.0,2.2010973714884017,295.24279920688343,1,1.1294998991416323,649.8581492851491
98.73653852123331,100.0,1.2634614787666862,295.24279920688343,2,1.2572975669788988,373.0279036811448
92.80035214092868,100.0,7.1996478590713195,167.5092165531675,3,1.4285714285714286,1206.0073723317264
95.10991470995944,100.0,4.89008529004056,238.90829531710693,1,1.3137468007031834,1168.2819405988505
96.77756466747331,100.0,3.222435332526686,338.8779005948593,2,1.3455469441176373,1092.0121202893406
89.70970202716228,100.0,10.29029797283772,167.5092165531675,2,1.246896976115407,1723.7197515286944
86.23428627716288,100.0,13.76571372283712,167.5092165531675,1,1.2743485552958163,2305.8839210076326
94.57039355789516,100.0,5.429606442104841,167.5092165531675,2,1.4128887851008112,909.5091213090133
98.61052774626845,100.0,1.3894722537315545,142.83740189527808,2,1.3740054066084006,198.46860672859185
91.96216192289074,100.0,8.037838077109257,167.5092165531675,2,1.3992195126367004,1346.41195907779
95.35760794445738,100.0,4.642392055542615,167.5092165531675,1,1.4285714285714286,777.6434561565924
97.17952162314975,100.0,2.8204783768502466,312.7334825060799,2,1.3566033561022082,882.0580251254733
94.31806179930892,100.0,5.681938200691079,140.23636543163227,2,1.2228563130654084,796.8143618720652
99.17647559252995,100.0,0.8235244074700461,117.35194310321698,2,1.3574864262713313,96.64218940953532
91.11720286720394,100.0,8.882797132796057,140.23636543163227,1,1.1682468787742004,1245.6911847698432
95.87154204644116,100.0,4.128457953558836,140.23636543163227,2,1.105624767124721,578.9599382444056
93.65219825768251,100.0,6.347801742317486,140.23636543163227,3,1.0577747953451753,890.192644823187
98.6694446147225,100.0,1.3305553852775063,119.58751022024389,2,1.4285714285714286,159.11780573547432
99.60848538930516,100.0,0.3915146106948413,140.23636543163227,1,1.4019790548363618,54.904586017225
93.31487776737131,100.0,6.685122232628686,233.8505520974714,1,1.209793210583626,1563.3195249392988
90.98377422957437,100.0,9.016225770425635,233.8505520974714,2,1.3701688397539549,2108.449374249484
98.6174987625218,100.0,1.3825012374781949,72.10933817943449,2,1.3106257712260774,99.69124926680182
99.97230430489796,100.0,0.027695695102039508,332.59681753988724,3,1.0728666947135956,9.211500050493383
99.22694282700644,100.0,0.7730571729935605,233.8505520974714,3,0.8859669473876401,180.77984670745457
99.3676645544072,100.0,0.6323354455928012,233.8505520974714,2,1.273304680115181,147.87199306267715
97.35540882188316,100.0,2.6445911781168405,233.8505520974714,3,1.2970684762739546,618.4391070747255
95.81257509069906,100.0,4.187424909300944,233.8505520974714,3,1.2035875767953084,979.2316269067298
91.67915839642136,100.0,8.320841603578643,193.30272488918357,3,1.1111905496522738,1608.4413553430354
97.83339255472184,100.0,2.16660744527816,120.99132077158728,3,1.4285714285714286,262.1406963977591
95.45602904151843,100.0,4.543970958481566,120.99132077158728,3,1.0397529492419795,549.78104781442
91.45659881369129,100.0,8.543401186308714,120.99132077158728,3,1.3133928767930882,1033.677393413037
98.60179278059071,100.0,1.3982072194092865,74.83201492313383,1,1.2730696703802469,104.63066350846918
99.41402537284635,100.0,0.5859746271536466,618.3370667739234,3,1.1957940919846013,362.32983215812925
95.04096660674772,100.0,4.959033393252284,120.99132077158728,3,1.2954721971858485,600.0
98.49641699373169,100.0,1.5035830062683146,120.99132077158728,3,1.104410872515415,181.9204938181172
89.94466878669756,100.0,10.055331213302438,120.99132077158728,2,1.2761118520242805,1216.6078042932293
94.68765714716996,100.0,5.312342852830042,284.7556615126645,1,1.217789368515295,1512.7197032396941
96.64584558810158,100.0,3.3541544118984206,284.7556615126645,3,1.3600810231526914,955.114458375757
91.60634678227052,100.0,8.39365321772948,284.7556615126645,2,1.2939389458393937,2390.140274522463
98.99789648287933,100.0,1.0021035171206734,284.7556615126645,3,1.132051523093345,285.3546499218651
97.60139515486304,100.0,2.3986048451369584,284.7556615126645,1,0.8529424721703469,683.0163093844568
98.77366378128096,100.0,1.226336218719041,492.77577260371123,2,1.3753942335290013,604.3087776511892
99.7075702630628,100.0,0.2924297369371942,284.7556615126645,3,1.3217162977776427,83.2710231875252
88.65783507917776,100.0,11.342164920822242,159.60765909295446,2,1.391627305839192,1810.2963920586633
99.6352813685808,100.0,0.36471863141919414,159.60765909295446,2,1.3882596334685293,58.21188698840365
96.31756440950832,100.0,3.6824355904916786,159.60765909295446,1,1.264968804361775,587.7449243589583
96.99490083066296,100.0,3.0050991693370435,159.60765909295446,1,1.278943590242178,479.63684376006745
92.5232973907368,100.0,7.476702609263199,159.60765909295446,2,1.3167320482789915,1193.339001198684
96.14253134132488,100.0,3.857468658675117,134.3082457977588,3,1.1573641977028042,518.0898487664886
98.8377323400066,100.0,1.1622676599934039,184.9070723881501,2,1.1865755384853667,214.91151034080616
96.62668976195442,100.0,3.373310238045576,159.60765909295446,2,1.399775430577128,538.4061504887513
95.7726151603046,100.0,4.227384839695404,159.60765909295446,2,1.1049932313834308,674.7229983488279
91.23348458478743,100.0,8.766515415212567,107.40085703581498,1,1.2213004884698784,941.5312688115131
95.250032830504,100.0,4.749967169496003,149.38199749993498,2,1.4285714285714286,709.5595838384252
90.20992309641548,100.0,9.79007690358452,107.40085703581498,2,1.3011741963060464,1051.4626498915152
92.41638034346592,100.0,7.583619656534083,271.9291301936949,3,1.4285714285714286,2062.2070969211204
91.14811551948137,100.0,8.851884480518635,107.40085703581498,3,1.330188782597865,950.6999795897312
89.69081883081076,100.0,10.309181169189245,107.40085703581498,3,1.3078801624960783,1107.2148929084099
96.55047504522688,100.0,3.449524954773125,76.68953089625712,2,1.2525328980789696,264.5424505964835
96.63171651850614,100.0,3.3682834814938616,6257.888373550437,3,1.2104763597247854,21078.342037662424
94.84066391441888,100.0,5.159336085581117,107.40085703581498,1,1.163205315387394,554.1171173272188
97.68660645232696,100.0,2.3133935476730443,107.40085703581498,2,1.1503935643831873,248.46044968120947
85.68839676259012,100.0,14.311603237409884,107.40085703581498,3,1.2441184245864954,1537.0784532543657
93.3385086548814,100.0,6.6614913451186055,78.43022539377453,3,1.4285714285714286,522.4622676563305
95.47005407274996,100.0,4.52994592725004,299.6511071816889,2,1.3439361292564975,1357.4033125736566
96.7173814159501,100.0,3.2826185840498994,299.6511071816889,1,1.2752809990982918,983.6402931657401
96.19648237296202,100.0,3.8035176270379765,299.6511071816889,3,1.1405054904325804,1139.7282681269996
98.09831343433684,100.0,1.9016865656631552,299.6511071816889,2,1.305237606025065,569.842484913508
99.85464903853956,100.0,0.14535096146043713,299.6511071816889,1,1.253066448528488,43.55457653154298
97.47988319212284,100.0,2.5201168078771587,299.6511071816889,2,1.2574354250966187,755.1557917075742
98.97526556956016,100.0,1.0247344304398354,342.9389195398569,2,1.2210114686126146,351.42131839032777
99.15451973896462,100.0,0.8454802610353767,299.6511071816889,3,1.2553998635556844,253.34909631951393
92.12940242171186,100.0,7.870597578288141,299.6511071816889,1,1.3923353070002324,2358.4332785155607
95.67211570833187,100.0,4.327884291668127,169.36171557152463,3,1.4285714285714286,732.9779084319666
96.91619602931134,100.0,3.0838039706886633,401.1406241513179,2,1.1882170391716047,1237.0390495623628
95.75879021761408,100.0,4.241209782385923,299.6511071816889,1,1.4032773307491173,1270.8832070817514
98.9919223794956,100.0,1.0080776205043946,146.39629199401656,2,1.104690158836833,147.57882568399478
95.90153553872442,100.0,4.098464461275583,146.39629199401656,3,1.4224895204220869,600.0
91.787283585181,100.0,8.212716414818999,146.39629199401656,3,1.268166784255235,1202.3112303278951
91.39454612070034,100.0,8.60545387929966,146.39629199401656,3,1.279826227310725,1259.8065388549956
89.82642267621787,100.0,10.173577323782126,146.39629199401656,2,1.0218239746525148,1489.3739965161137
98.79245564260566,100.0,1.2075443573943403,53.42683411419531,3,1.1405398951371588,64.51527206803999
99.17927724977126,100.0,0.8207227502287395,146.39629199401656,3,1.1508818558008613,120.15076738861887
98.66547857804191,100.0,1.3345214219580868,146.39629199401656,2,1.0785769113229207,195.36898776124625
91.50753522614364,100.0,8.492464773856355,168.00210152066967,2,1.162854781859663,1426.7519290981263
97.18805525961422,100.0,2.8119447403857833,105.62413237955326,2,1.4285714285714286,297.0092235024965
96.758530654366,100.0,3.241469345634002,168.00210152066967,2,1.2153683733655447,544.5736620813423
98.9562808225776,100.0,1.0437191774224033,168.00210152066967,1,1.208031890007771,175.34701520438844
93.32271094023608,100.0,6.677289059763922,168.00210152066967,3,1.4285714285714286,1121.7985945013154
99.16354387575984,100.0,0.8364561242401578,168.00210152066967,3,1.4285714285714286,140.52638670218087
96.87032850036384,100.0,3.12967149963616,89.85948676685467,3,1.4285714285714286,281.23067470615774
83.20404812513863,100.0,16.795951874861373,89.85948676685467,2,1.2598798726386178,1509.2756152358336
89.43702489787931,100.0,10.562975102120689,80.79233129929027,3,1.1989922009620153,853.4073839566892
96.11411622777676,100.0,3.885883772223238,89.85948676685467,2,1.4285714285714286,349.18352140762937
89.38391692385531,100.0,10.61608307614469,89.85948676685467,3,1.1131863775957325,953.9557766966536
98.30625090601094,100.0,1.6937490939890552,56.627342243707396,2,1.2029715714766378,95.91250962028755
99.40949124867711,100.0,0.5905087513228864,476.63969528600364,2,1.2520193827514974,281.4599112942591
99.02271007798842,100.0,0.9772899220115789,89.85948676685467,2,1.2867825583870793,87.81877081437992
97.90393045169296,100.0,2.0960695483070424,89.85948676685467,3,1.3638512113090038,188.35173383850372
88.21475913542658,100.0,11.785240864573424,89.85948676685467,3,1.3618441528066731,1059.0156955143304
99.07293338060376,100.0,0.9270666193962427,347.59063803908214,3,1.4285714285714286,322.2396777406749
94.58742736377692,100.0,5.412572636223075,347.59063803908214,3,1.2632095233240135,1881.3595760576554
98.9622218815955,100.0,1.0377781184045034,120.20215480874833,1,1.2520469711602178,124.74316604558967
99.41812426298628,100.0,0.5818757370137178,1194.1573602749534,2,1.2962361531063942,694.8511941203442
99.05649358550508,100.0,0.9435064144949195,347.59063803908214,2,1.2437297203418605,327.95399660825575
98.38138191201506,100.0,1.6186180879849417,347.59063803908214,2,1.2977958784460168,562.616493944285
98.10667906424167,100.0,1.8933209357583252,347.59063803908214,2,1.1293134318136584,658.1006320729883
93.4433480738614,100.0,6.556651926138599,129.64914446101807,2,1.420515228187051,850.0643127525556
92.7038821569146,100.0,7.296117843085398,129.64914446101807,3,1.2915476767551042,945.9354362427903
99.74536516152762,100.0,0.2546348384723842,78.10480205310931,2,1.3094610386562686,19.88820365471103
97.90051619184923,100.0,2.099483808150765,129.64914446101807,2,1.1740197636210994,272.1962795365069
94.1500486081751,100.0,5.849951391824902,129.64914446101807,2,1.3536507173762355,758.4411930886405
96.5569469118177,100.0,3.443053088182296,191.4864694642069,2,1.097353472675979,659.2980800338624
94.388573225922,100.0,5.611426774077998,129.64914446101807,1,1.059020080981132,727.5166804648629
95.5888663689265,100.0,4.411133631073497,499.87788691195584,3,1.4285714285714286,2205.0281583872825
92.3034294891941,100.0,7.696570510805898,129.64914446101807,3,1.3319695415546253,997.8537820098855
99.7486746331728,100.0,0.25132536682720286,129.64914446101807,2,1.3156723308159584,32.58411879049838
95.04955029955562,100.0,4.950449700444381,129.64914446101807,3,1.4085645737205217,641.8215683599171
91.07668834516356,100.0,8.92331165483644,209.14390886735896,1,1.2929336685071378,1866.2562795341544
98.56118742817242,100.0,1.438812571827583,78.31301782502685,2,1.3955564526168325,112.67775458440623
98.92441206936486,100.0,1.0755879306351375,1651.8703082209252,2,1.4285714285714286,1776.7317664969717
94.25798603401012,100.0,5.742013965989884,209.14390886735896,2,1.2955557481595554,1200.9072456180907
98.22366315119535,100.0,1.7763368488046467,144.2630345158774,3,1.3621443210364739,256.2597441309296
97.13116196761663,100.0,2.8688380323833655,209.14390886735896,3,1.028986934086802,600.0
92.39620753297176,100.0,7.603792467028242,209.14390886735896,2,0.9767603495636603,1590.2868787704651
98.51896140670272,100.0,1.481038593297285,209.14390886735896,2,1.4285714285714286,309.75020058560887
93.60071368354636,100.0,6.39928631645364,114.27880099760138,3,1.2350703841886967,731.3027674846791
91.5841348476271,100.0,8.415865152372902,80.64968595190402,3,1.2177496048327427,678.7368815524474
99.46375825900084,100.0,0.5362417409991593,80.64968595190402,2,1.1764913438075855,43.247728005884454
95.67297946922412,100.0,4.327020530775883,80.64968595190402,3,1.2878785914500674,348.97284691451597
92.56041740376008,100.0,7.439582596239916,80.64968595190402,1,1.3306331090677836,600.0
92.14452439762226,100.0,7.855475602377737,80.64968595190402,2,1.0818297974882305,633.5416403346086
92.51401593216536,100.0,7.485984067834636,1297.6827107416425,3,1.1416256574809072,9714.432097716399
99.59729285265485,100.0,0.4027071473451542,69.70742888032125,3,1.17561195755867,28.071679833159386
98.71187687951225,100.0,1.2881231204877537,80.64968595190402,3,1.3042492918562034,103.88672513472396
98.16745261146396,100.0,1.8325473885360424,80.64968595190402,3,1.1119105039982426,147.79437137741365
90.59187331895843,100.0,9.408126681041566,135.8311710875322,1,1.2025491205052208,1277.9168648257335
99.75404956010908,100.0,0.24595043989091891,135.8311710875322,2,1.4285714285714286,33.40773627987721
91.59365436169465,100.0,8.406345638305353,135.8311710875322,3,1.4285714285714286,1141.8437726175846
98.49993792936954,100.0,1.500062070630463,75.68547115789394,2,1.2445364899273685,113.53290458175258
97.8818617867431,100.0,2.1181382132568984,135.8311710875322,2,1.1455922992818952,287.70919403193756
92.98963833054307,100.0,7.010361669456927,135.8311710875322,2,1.4285714285714286,952.2256353094816
93.333845702006,100.0,6.666154297993998,1278.1359063666275,1,1.0474852397686782,8520.251165646348
93.2884555156443,100.0,6.711544484355699,135.8311710875322,2,1.0255495940078,911.636947116102
85.87177221424207,100.0,14.128227785757929,135.8311710875322,3,1.4285714285714286,1919.0537255309114
97.28302097970403,100.0,2.716979020295966,44.078133269031845,3,1.1975870091669225,119.75936334576917
94.49387141665385,100.0,5.506128583346154,135.8311710875322,1,1.0784840639270448,747.9038936344427
96.8473054373806,100.0,3.152694562619402,50.11666456553727,2,1.2907947752087006,158.0025358723898
93.85824381807728,100.0,6.141756181922716,164.00845713857296,3,1.3099196520818521,1007.2999555184373
89.36518486044413,100.0,10.634815139555869,164.00845713857296,2,1.1559131255914283,1744.1996229924955
93.26804153997335,100.0,6.731958460026647,153.7335468009997,2,1.4285714285714286,1034.9278509768924
94.21610601780962,100.0,5.783893982190378,547.3264876945977,2,1.235478097052709,3165.6783784701797
97.65877532520707,100.0,2.341224674792926,174.28336747614625,2,1.4285714285714286,408.0365203411565
94.42686457950128,100.0,5.573135420498716,164.00845713857296,3,1.4285714285714286,914.0413417403264
90.75615830393453,100.0,9.243841696065473,164.00845713857296,3,1.1000629735472978,1516.0682146049078
92.65838769492852,100.0,7.341612305071479,164.00845713857296,3,1.117330748045499,1204.0865070643356
98.89464370351536,100.0,1.1053562964846435,92.10483527484767,3,1.3675936485777846,101.80865960773377
99.7515244718966,100.0,0.24847552810339835,164.00845713857296,2,1.4101918909094295,40.75208800093049
92.5474437577094,100.0,7.452556242290598,195.6039952387611,2,1.2124764332799345,1457.7497757336093
96.63607317171744,100.0,3.3639268282825583,195.6039952387611,3,1.4285714285714286,657.9975273029222
97.5876348825486,100.0,2.412365117451401,595.9469400288356,2,1.3501911662343618,1437.641609977465
98.38360151931724,100.0,1.6163984806827614,349.4158831396983,2,1.2443569814552522,564.7953026334336
99.8211408971672,100.0,0.17885910283280282,349.4158831396983,2,1.1866469194446903,62.49621137389791
98.54571216800956,100.0,1.4542878319904418,349.4158831396983,2,1.1732804070396041,508.15126715425737
96.997870007652,100.0,3.002129992348003,349.4158831396983,2,1.3681521653464122,1048.9919025764532
98.42902496355738,100.0,1.5709750364426185,280.86551114712455,2,1.213459101997316,441.23270660982865
98.0318326977504,100.0,1.9681673022495971,280.86551114712455,1,1.4285714285714286,552.7903153693903
99.751532421015,100.0,0.24846757898500016,280.86551114712455,2,1.4285714285714286,69.78597357511062
98.40532119923256,100.0,1.59467880076744,280.86551114712455,2,1.1579083370644778,447.8902764930306
92.61286307570327,100.0,7.387136924296726,280.86551114712455,3,1.257744917225504,2074.7919881563976
97.0801083429714,100.0,2.9198916570286,128.30263568715333,3,1.3646651001225294,374.62979551769894
98.2395745661822,100.0,1.760425433817801,409.4167989268205,1,1.1302498799303233,720.7477458630433
89.31587146786975,100.0,10.684128532130245,280.86551114712455,1,1.170781786394053,3000.803221338339
99.33186647532204,100.0,0.6681335246779554,54.413358202422245,3,1.2976283907004151,36.35538880534851
91.35524643468354,100.0,8.644753565316464,49.88266849881133,1,1.4275147180125576,431.22337635259845
85.13564950676465,100.0,14.86435049323535,49.88266849881133,3,1.1770077093004971,741.4734681042016
96.18752076335718,100.0,3.8124792366428153,49.88266849881133,3,1.3126115004384447,190.17663792005482
86.87887883492292,100.0,13.121121165077085,49.88266849881133,2,1.1192209606683465,654.5165374102772
98.88647855080144,100.0,1.1135214491985579,42.72507681763429,3,1.2214895720388423,47.57528945509184
99.24606026970358,100.0,0.7539397302964232,49.88266849881133,1,1.4285714285714286,37.6085256344597
91.46852539146496,100.0,8.531474608535035,49.88266849881133,1,1.3351080111060416,425.5727197035793
91.6000130873921,100.0,8.3999869126079,635.9872277695601,2,1.329693485201076,5342.284389850085
81.20162587908248,100.0,18.798374120917515,137.4685306089819,2,1.1252674899844908,2584.1848682404425
92.02049072183566,100.0,7.979509278164343,52.00722274262565,3,1.3396645564272043,414.99211640634104
88.48792124124043,100.0,11.512078758759571,137.4685306089819,2,0.932722729871621,1582.5485512215505
93.32888301424096,100.0,6.671116985759042,120.68328842204396,3,1.391007585455029,805.092335289555
95.30215713263884,100.0,4.69784286736116,137.4685306089819,2,1.0862136853643938,645.805556008025
93.95383341283188,100.0,6.046166587168116,137.4685306089819,1,1.2511223934098197,831.1576365551238
95.5662116055464,100.0,4.4337883944536,331.00260375863564,2,1.2707175715051142,1467.5955030789623
98.30095348748335,100.0,1.6990465125166452,187.79509080828026,2,1.2227883334656136,319.07259410555525
94.52842705547566,100.0,5.47157294452434,137.4685306089819,1,1.1363092846483347,752.1690928036214
99.68427041631038,100.0,0.3157295836896168,91.42128294523363,1,1.1222709874099417,28.864403604669278
96.41744520782642,100.0,3.582554792173582,137.4685306089819,3,1.010605766430396,492.4885431062688
93.7731390144658,100.0,6.226860985534202,137.4685306089819,3,1.2875728731844653,855.9974299877837
93.24029819525644,100.0,6.759701804743557,128.62647800800895,1,1.3327307468568679,869.4766355285454
99.2268153401179,100.0,0.773184659882105,128.62647800800895,2,1.4035897991502129,99.45201965045545
91.41356900458707,100.0,8.586430995412925,128.62647800800895,3,1.2242460806438138,1104.442377598767
97.97481831967792,100.0,2.0251816803220777,74.76015338792148,1,1.167904774315682,151.4028930592871
96.40056703434593,100.0,3.5994329656540742,128.62647800800895,3,1.3164401508994672,462.98238519800617
97.0611920812263,100.0,2.938807918773705,263.42372318907127,3,1.3577650146020406,774.1517237008951
96.49165977423462,100.0,3.50834022576538,263.42372318907127,2,1.1758827012194175,924.1800444851033
97.3308648486598,100.0,2.6691351513401997,263.42372318907127,3,1.40779083264824,703.1135192608606
98.1405901706934,100.0,1.8594098293065997,619.765175686619,3,1.1948560868287104,1152.397459533631
95.1230469029771,100.0,4.876953097022906,697.0279422819043,1,1.1708823105843151,3399.3725818232365
92.54019216714886,100.0,7.459807832851141,697.0279422819043,3,0.9000475904953628,5199.694503550662
98.27509079614136,100.0,1.724909203858644,78.97775549516494,3,1.0784033850241095,136.2294573537076
99.06240219177798,100.0,0.9375978082220229,697.0279422819043,1,1.3066143857992576,653.5318709530202
99.32986210152166,100.0,0.6701378984783446,2198.150249134455,3,1.3998025410393935,1473.0637884946132
96.7713151559094,100.0,3.228684844090594,697.0279422819043,1,1.065059738685895,2250.483553153238
96.19618495650688,100.0,3.803815043493117,92.53310035290299,2,1.168023050731885,351.97879914343065
89.77371122681518,100.0,10.22628877318482,92.53310035290299,3,1.2579223858327373,946.2702052868761
98.6244635863306,100.0,1.3755364136693942,1990.8132824143904,2,1.221893850907336,2738.4361627776852
98.10130322349842,100.0,1.8986967765015805,187.15590906476953,3,1.4285714285714286,355.35232124450084
87.26019487116594,100.0,12.739805128834064,187.15590906476953,1,1.2283705271043328,2384.3298101949526
87.5672570571644,100.0,12.432742942835603,1341.3894915881217,1,0.980690451339079,16677.150735136056
98.88260428119284,100.0,1.1173957188071597,53.02532817781181,3,1.4285714285714286,59.250274694231564
90.6968718395784,100.0,9.303128160421593,187.15590906476953,2,1.4285714285714286,1741.1354080097603
87.00493106787195,100.0,12.99506893212805,187.15590906476953,3,1.1937368391577505,2432.103939351769
93.93739960796732,100.0,6.062600392032678,86.54925680942877,3,1.4285714285714286,524.7135582629797
96.97282237031756,100.0,3.0271776296824413,176.1073936131814,1,1.272762836170532,533.1083623675031
98.06427133371172,100.0,1.9357286662882842,341.795616293059,3,1.2296295210132127,661.6235724701453
99.09188713582462,100.0,0.9081128641753793,447.27324225813976,2,1.0943453609684237,406.17458509604757
95.88330343074082,100.0,4.116696569259176,341.795616293059,1,1.359025532821829,1407.0688409814618
96.11988030182444,100.0,3.8801196981755623,2334.4118915098925,3,1.3149234788423578,9057.797563902808
98.72929243392998,100.0,1.2707075660700156,341.795616293059,3,1.3870399268188616,434.32227567315397
97.46104814463224,100.0,2.538951855367756,341.795616293059,3,1.289085087119441,867.8026141438279
97.79533317787786,100.0,2.2046668221221353,341.795616293059,3,1.4285714285714286,753.5454551880952
96.83068149705238,100.0,3.1693185029476183,341.795616293059,2,1.324966980949259,1083.2591709439764
99.49755980554217,100.0,0.502440194457833,341.795616293059,2,1.4285714285714286,171.73185591511944
97.69209197851056,100.0,2.307908021489439,95.87680635066192,2,1.4285714285714286,221.27485045148222
97.46107584597648,100.0,2.538924154023519,95.87680635066192,2,1.0845820089473617,243.42393945433108
99.9683896025167,100.0,0.03161039748330552,95.87680635066192,2,1.382529645161359,3.0307039581743345
93.44713887293788,100.0,6.5528611270621155,95.87680635066192,2,1.1601512369981293,628.2673973221147
92.91071033403972,100.0,7.08928966596028,95.87680635066192,2,1.140303820497239,679.6984524670225
96.21102706262108,100.0,3.788972937378915,95.87680635066192,1,1.216000320602193,363.27462458497695
94.11275274246842,100.0,5.887247257531584,95.87680635066192,3,1.4285714285714286,564.4504652488212
94.54364886412677,100.0,5.456351135873234,95.87680635066192,2,1.3051078596558316,523.1375212353323
93.38634072178368,100.0,6.613659278216318,112.74078818210486,1,1.4285714285714286,745.6291597939984
92.47113299174964,100.0,7.528867008250359,112.74078818210486,3,1.3554642170769984,848.8104006283912
99.4631830996876,100.0,0.5368169003124024,112.74078818210486,3,1.2534389749350685,60.52116045069466
98.47271581108244,100.0,1.5272841889175623,112.74078818210486,2,1.3493259259312118,172.18722323663272
91.74923613995432,100.0,8.25076386004568,112.74078818210486,3,1.3190399587951116,930.197620685976
98.4145762375242,100.0,1.5854237624757985,76.21043797339202,3,1.2094487811366956,120.82583931170365
95.01784767754717,100.0,4.9821523224528335,112.74078818210486,3,1.062520402428023,561.6917796766367
95.2694144000497,100.0,4.730585599950302,112.74078818210486,2,1.4285714285714286,533.3299491013125
99.55783972844624,100.0,0.44216027155376025,112.74078818210486,1,1.4285714285714286,49.84949751778445
88.55725033661273,100.0,11.442749663387275,269.2474197268828,3,1.2656996130627844,3080.9308214476805
99.6548764882314,100.0,0.34512351176860534,44.48022431321258,2,1.1752973823051727,15.351171219231228
94.00726099566344,100.0,5.992739004336556,269.2474197268828,2,1.4187883384724818,1613.5295140142666
92.86032893578388,100.0,7.139671064216117,269.2474197268828,1,1.1807834363943381,1922.338011738877
97.7566871873537,100.0,2.2433128126462947,269.2474197268828,2,1.4285714285714286,604.0061864452709
98.0781389095458,100.0,1.9218610904542004,1703.3089086336665,3,1.3036466240605444,3273.5231165270525
92.60875790690665,100.0,7.391242093093354,256.11851413607036,2,1.2167540118029943,1893.0339425030484
92.93841460228452,100.0,7.061585397715476,1237.2930617175155,3,0.9711474808089829,8737.25061731908
98.30585725361948,100.0,1.6941427463805212,85.31482063153751,1,1.0902914453540613,144.5354845316745
91.8635139176098,100.0,8.136486082390206,159.02541390013056,2,1.0917217287623788,1293.9080669447544
90.24303345509684,100.0,9.756966544903165,159.02541390013056,3,1.3343205518890187,1551.6056432129526
93.222589569398,100.0,6.7774104306020035,201.37227727316247,1,1.4285714285714286,1364.78257242521
97.0802744124679,100.0,2.919725587532099,137.17526325312258,1,1.2599498426087976,400.5141260965937
90.2669444711839,100.0,9.733055528816095,159.02541390013056,2,1.4285714285714286,1547.8031839829337
96.91434600146864,100.0,3.085653998531356,79.37323327196748,2,1.2562517912279147,244.91833462200853
96.96731638054602,100.0,3.0326836194539766,10626.934004748426,2,1.3402683872900434,32228.128681218997
99.004164396864,100.0,0.9958356031360012,44.82139500216294,2,1.2400469251442028,44.63474092537588
97.97026086659648,100.0,2.029739133403524,469.2539907198458,3,1.2947983216371497,952.463188469845
98.72137475255226,100.0,1.278625247447735,622.3685663367448,2,1.1130230294236323,795.7761621360125
92.00719531537592,100.0,7.992804684624076,469.2539907198458,1,1.1225539782264007,3750.655495304126
98.28021592233318,100.0,1.7197840776668158,83.97423774444007,2,1.2542193424390493,144.41755700709578
86.26702159490584,100.0,13.732978405094158,469.2539907198458,3,1.3983256787656944,6444.254921059896
99.97813085864306,100.0,0.02186914135694451,469.2539907198458,2,1.0195335928346458,10.262181855362634
96.25001802942732,100.0,3.7499819705726765,469.2539907198458,2,1.2351033512376777,1759.6940048186998
92.92973435412608,100.0,7.070265645873917,469.2539907198458,3,1.26499894375093,3317.7503697757634
98.22557041021958,100.0,1.774429589780425,256.09193110151955,2,1.0990434026922618,454.4171002505462
96.97028495250272,100.0,3.0297150474972767,256.09193110151955,2,1.1698713522779638,775.8855772009097
97.4920088928972,100.0,2.5079911071027965,256.09193110151955,3,1.0932492097476691,642.2762858033931
92.65162773246996,100.0,7.3483722675300385,330.5644658125615,2,1.3741799168354383,2429.110753207908
96.34609248804688,100.0,3.653907511953122,330.5644658125615,2,1.4285714285714286,1207.8519848172893
98.46212607004804,100.0,1.5378739299519566,278.28868795301645,2,1.4020671647610143,427.97291820347914
98.98112945751724,100.0,1.0188705424827589,330.5644658125615,2,1.4285714285714286,336.8023966079679
99.4961624316772,100.0,0.503837568322794,447.5153468527344,3,1.3252535849435216,225.47504414541345
98.1204388132368,100.0,1.8795611867631976,281.41811987343584,1,1.3255680128706306,528.9425753659829
97.979510093185,100.0,2.0204899068150013,281.41811987343584,2,1.2495480920811288,568.6024707991312
97.87885860839064,100.0,2.121141391609356,281.41811987343584,3,1.2345945301222365,596.9276224124284
92.190532261909,100.0,7.809467738091001,198.97889806609493,2,1.220260063015225,1553.9192850080663
94.89361124633652,100.0,5.106388753663481,198.97889806609493,2,1.1095457459647533,1016.0636073010593
98.73802551694412,100.0,1.2619744830558801,130.45045440372837,2,1.1940609250403322,164.62514476054977
93.46429825777147,100.0,6.535701742228525,198.97889806609493,1,1.1708485309195438,1300.4667307572888
94.55071614687556,100.0,5.449283853124442,542.9574692798396,2,1.4044731134483304,2958.72937027994
96.4612859652768,100.0,3.538714034723199,198.97889806609493,3,1.296946652170949,704.129419200247
91.87752884159931,100.0,8.122471158400685,198.97889806609493,2,1.2818022705832213,1616.200360672206
94.33747190668718,100.0,5.662528093312815,198.97889806609493,2,1.165420858086944,1126.7236002756895
95.42913727181632,100.0,4.570862728183684,472.046102384397,3,1.2269437636124907,2157.6579353732195
95.2528126674446,100.0,4.747187332555399,198.97889806609493,3,1.0544631763234587,944.5901043451977
97.09073161942526,100.0,2.909268380574744,305.4109442362842,1,1.3364775298908893,888.522403148098
99.16372982041084,100.0,0.8362701795891638,100.4574988725994,2,1.379583782293031,84.00961062326692
90.92138611735012,100.0,9.078613882649876,347.41124526240395,1,1.3870322266270205,3154.0125542279416
96.86378028741927,100.0,3.1362197125807256,94.82344048804468,3,1.3416149046239423,297.38714327333105
97.22899813031314,100.0,2.771001869686856,203.92065498454932,2,1.4285714285714286,565.0645162299544
88.2219035633858,100.0,11.778096436614206,203.92065498454932,2,1.1536245188386753,2401.7971398255554
98.83794590290792,100.0,1.1620540970920814,41.296732989171,3,1.0438282521356652,47.98903776658388
96.45671056563332,100.0,3.5432894343666845,203.92065498454932,2,1.3474357852576588,722.5499022558876
97.7553580983202,100.0,2.244641901679799,203.92065498454932,2,1.4285714285714286,457.72884679630897
98.31343435679922,100.0,1.6865656432007796,203.92065498454932,2,1.159354688387358,343.9255706359407
93.2808367374078,100.0,6.719163262592204,218.52420861048734,3,1.1795413612187207,1468.2998344826215
95.39234831034396,100.0,4.607651689656038,237.06397220135835,3,1.1918174305461566,1092.3082120701608
99.83777564499104,100.0,0.16222435500895926,227.79409040592284,2,1.2414236802632406,36.95374939095339
99.40378085625996,100.0,0.5962191437400435,227.79409040592284,2,1.2347656648543437,135.81519753086138
97.27415659591746,100.0,2.7258434040825392,227.79409040592284,2,1.2735761974782087,620.9310188219664
96.74619237748576,100.0,3.2538076225142447,227.79409040592284,3,1.1293177192459278,741.1981477264908
98.70871125055088,100.0,1.291288749449123,68.77739380343185,2,1.4011498850840851,88.81147483480338
94.26392602751994,100.0,5.736073972480057,141.9005567415723,2,1.4285714285714286,813.9520902057624
98.02891057905713,100.0,1.9710894209428744,159.36320369628865,2,1.4285714285714286,314.11912489331894
96.02816970366148,100.0,3.971830296338524,141.9005567415723,1,1.1563486763070618,563.6049303334806
99.77696078803856,100.0,0.22303921196143506,124.43790978685593,2,1.1106945875416334,27.754533336988494
98.84823975596318,100.0,1.1517602440368222,141.9005567415723,1,1.1454409489388377,163.43541986163424
94.1204872516126,100.0,5.879512748387398,141.9005567415723,3,1.4285714285714286,834.3061323653437
99.84644852754025,100.0,0.1535514724597533,913.6729847370001,2,1.4285714285714286,140.29583215306408
95.2266878144544,100.0,4.773312185545606,913.6729847370001,2,1.0306801502664051,4361.246391648947
95.5723783629052,100.0,4.427621637094802,1727.2719352481388,3,1.4216704348085976,7647.706593651271
91.18066531291844,100.0,8.819334687081565,76.62724059839958,2,1.2432660531994666,675.8012809848101
96.89248150600773,100.0,3.1075184939922735,76.62724059839958,2,1.1403044834522087,238.12056730312227
99.28377628131418,100.0,0.7162237186858249,76.62724059839958,1,1.4177926673761612,54.882247214019166
93.30743975443748,100.0,6.692560245562518,76.62724059839958,1,1.4285714285714286,512.8324241560033
97.24976043091714,100.0,2.750239569082865,199.9250984398204,3,1.078093211766767,549.841916581981
94.87674058845305,100.0,5.123259411546954,199.9250984398204,3,1.2917943266643017,1024.268142186261
94.73042966218128,100.0,5.26957033781872,199.9250984398204,2,1.0886479070556307,1053.5193685239653
98.4513612531135,100.0,1.5486387468864962,159.54641077014273,3,1.4134792382249366,247.079753645312
97.82994341311436,100.0,2.170056586885636,199.9250984398204,3,1.2876643434027344,433.84877675309144
98.037702981516,100.0,1.9622970184839943,199.9250984398204,1,1.2810128577931148,392.3124245885786
98.57460561224131,100.0,1.4253943877586863,58.680465237628965,3,1.2617171975995805,83.64280582078501
98.56407516764168,100.0,1.4359248323583245,106.40739309282961,2,1.0709473042682576,152.7930180885077
95.2997407983545,100.0,4.700259201645494,106.40739309282961,2,1.3178281087876909,500.14232850768155
98.68550089388616,100.0,1.3144991061138427,106.40739309282961,2,1.3160444806071279,139.8724231044288
97.2257535955152,100.0,2.774246404484799,106.40739309282961,2,1.4285714285714286,295.2003276983832
93.21728593758404,100.0,6.7827140624159625,106.40739309282961,3,1.3128789507543726,721.7309214757586
98.39643688888248,100.0,1.6035631111175235,106.40739309282961,2,1.2307629780651712,170.63097031384314
93.22360944689686,100.0,6.776390553103141,106.40739309282961,3,1.1287996412846488,721.058053334583
98.21797579587952,100.0,1.782024204120475,106.40739309282961,3,1.1622376601956916,189.6205499887842
99.4760439632677,100.0,0.5239560367323008,162.52667745427308,2,1.4285714285714286,85.15683378220992
99.01695428443914,100.0,0.9830457155608627,339.8120681719949,2,1.2925091341316919,334.0507977123554
99.51577453575636,100.0,0.4842254642436359,339.8120681719949,3,1.1322599143050653,164.54565646617428
96.7303024161451,100.0,3.2696975838549065,339.8120681719949,3,1.3821378318048758,1111.0826982667104
98.0638582991632,100.0,1.9361417008367994,132.27336246026306,1,1.2940253570677929,256.09997296921614
92.62520026411072,100.0,7.374799735889283,132.27336246026306,2,1.4285714285714286,975.4895585371354
98.2612881230458,100.0,1.7387118769541985,93.18142276237457,1,1.2504254416888492,162.01564646843096
93.3807426419148,100.0,6.619257358085207,132.27336246026306,3,1.3658006845546544,875.5514277437678
98.41428809510288,100.0,1.5857119048971242,132.27336246026306,3,1.0024550357787207,209.7474455540115
89.92947705333172,100.0,10.070522946668277,132.27336246026306,3,1.4129902014433178,1332.0619318890494
95.61949377686122,100.0,4.380506223138781,132.27336246026306,2,1.4285714285714286,579.424287412674
94.88797007087088,100.0,5.112029929129122,132.27336246026306,2,1.3714735347180025,676.1853877234092
98.01927605465558,100.0,1.9807239453444225,171.36530215815156,2,1.2776123715735548,339.42735738583303
95.84148407922928,100.0,4.158515920770725,371.1536961968312,3,1.1848897827170628,1543.4485546874234
99.1039599181152,100.0,0.8960400818848058,371.1536961968312,2,1.2760420839851132,332.56858833205695
99.02911738844044,100.0,0.9708826115595599,371.1536961968312,1,1.240195978123462,360.346669853563
99.38210620405457,100.0,0.6178937959454345,371.1536961968312,1,1.2593246565430842,229.3335662222386
95.45047853546777,100.0,4.5495214645322335,371.1536961968312,2,1.4038848842045122,1688.5717074879592
99.7053130173353,100.0,0.2946869826647003,81.25491983843244,1,1.4285714285714286,23.944767153849753
92.61583174048978,100.0,7.3841682595102185,81.25491983843244,3,1.3084919303657507,600.0
99.92589754426142,100.0,0.07410245573858276,961.1000289776001,2,1.3824048671841016,71.21987235766322
98.49620866599072,100.0,1.5037913340092786,961.1000289776001,3,1.1049201161555133,1445.2938946925815
99.8932675139541,100.0,0.10673248604589958,961.1000289776001,2,1.4285714285714286,102.58059543156538
98.57532632185396,100.0,1.4246736781460356,961.1000289776001,3,1.2531323994263772,1369.253913349779
99.4322848454676,100.0,0.5677151545323937,961.1000289776001,3,0.963181319193678,545.6310514721064
98.3851725847267,100.0,1.6148274152732967,94.88897868854775,3,1.2642943220282614,153.2293241935505
87.15956600794681,100.0,12.840433992053192,92.79408289827303,2,1.2999556355123318,1191.516296308387
96.81130279046982,100.0,3.1886972095301758,57.22393801360344,2,1.315024731825508,182.46981146230502
98.67357399265104,100.0,1.3264260073489567,92.79408289827303,2,1.371428953940612,123.0844848843644
92.6131246662482,100.0,7.386875333751803,92.79408289827303,2,1.1975808682911357,685.458322079373
98.8277905455551,100.0,1.1722094544448964,90.37502842816401,3,1.337263346461673,105.93846276922015
93.93905987260032,100.0,6.060940127399675,92.79408289827303,1,1.3880155066502515,562.419380623395
98.6196627259503,100.0,1.380337274049694,132.29193811930733,3,1.289367487200859,182.60749324235547
90.99802841218064,100.0,9.001971587819355,162.58571541435003,2,1.2062063772119522,1463.5919907452624
94.10987447746612,100.0,5.890125522533879,145.15863550064554,1,1.0755031636306964,855.0025837785447
97.82535109193223,100.0,2.1746489080677662,124.61351569319581,2,1.1023776271535117,270.9906458326937
96.95020709953587,100.0,3.0497929004641264,162.58571541435003,3,1.4285714285714286,495.8527605875656
96.16565315566316,100.0,3.834346844336835,162.58571541435003,2,1.3254620879995376,623.4100248332597
97.11824057595354,100.0,2.8817594240464643,629.8099465255419,2,1.4284500767475772,1814.9607487581802
99.41222668304025,100.0,0.5877733169597548,162.58571541435003,2,1.4285714285714286,95.56354523936724
91.10020846017738,100.0,8.899791539822616,71.42552992162557,3,1.1207882634245014,635.6723269238303
92.12896051355142,100.0,7.871039486448581,71.42552992162557,2,1.164329003738487,562.1931663536294
99.15113630949308,100.0,0.8488636905069171,71.42552992162557,3,1.1941967319713005,60.63053892568332
90.05270566712679,100.0,9.947294332873213,71.42552992162557,1,1.2471791396253973,710.4907690118521
96.90796205586432,100.0,3.092037944135683,71.42552992162557,2,1.2563005164167327,220.85044869766483
94.77676582592316,100.0,5.223234174076836,71.42552992162557,2,1.1349597848421675,373.07226878818227
98.43583690870004,100.0,1.5641630912999602,175.22242786317193,1,1.4285714285714286,274.0764544315433
95.43877673302578,100.0,4.561223266974224,175.22242786317193,3,1.1408081649094053,799.2286148652124
97.98235394395404,100.0,2.0176460560459617,175.22242786317193,1,1.0611708913244893,353.5368405089269
93.22068091621462,100.0,6.779319083785381,175.22242786317193,2,1.2966104673854812,1187.888749120009
98.57645879339316,100.0,1.423541206606842,109.67410941599036,2,1.398548021212904,156.12561405156973
96.93376785560122,100.0,3.066232144398782,175.22242786317193,2,1.2506536543221816,537.2726407336546
99.64623585004163,100.0,0.3537641499583657,175.22242786317193,1,1.1781139741670577,61.98741324665607
95.12133978652614,100.0,4.878660213473864,339.5865168614937,2,1.4285714285714286,1656.7272288443407
95.87647966024838,100.0,4.123520339751622,794.5547849863551,2,1.4285714285714286,3276.362816938212
96.30694706181762,100.0,3.693052938182376,339.5865168614937,3,1.3217123592862206,1254.1109838624582
95.19871621330526,100.0,4.801283786694739,339.5865168614937,1,1.2030260570606308,1630.4512375872293
96.72151217221838,100.0,3.2784878277816176,323.15848139145567,3,1.1716772132176427,1059.47114768628
96.5810363903387,100.0,3.4189636096613043,339.5865168614937,2,1.249347171511498,1161.033943481082
97.04512685029503,100.0,2.954873149704966,339.5865168614937,2,1.1563205539970471,1003.4350806758604
98.6221577581705,100.0,1.377842241829498,356.0145523315317,3,1.3367760778101758,490.5318889084028
95.88274326332998,100.0,4.117256736670015,520.3649880347302,2,1.241012740882349,2142.4762525132046
98.72932888822568,100.0,1.2706711117743197,520.3649880347302,3,1.4285714285714286,661.2127578745212
97.87340895268524,100.0,2.1265910473147613,520.3649880347302,1,1.1019211099979425,1106.60352489071
99.07692954613977,100.0,0.9230704538602339,422.52936134465665,2,1.210768542184485,390.024369345687
94.43894509526774,100.0,5.561054904732259,520.3649880347302,2,1.4285714285714286,2893.77826896148
98.93376466875552,100.0,1.066235331244485,110.02854062407128,2,1.1775200905699295,117.31631745865391
99.57596318545978,100.0,0.4240368145402158,520.3649880347302,2,1.1310286429858576,220.6539119245045
94.9398556497224,100.0,5.0601443502775965,93.75832614863407,2,1.4106158012204197,474.43066435249494
93.93660760236634,100.0,6.063392397633663,93.75832614863407,2,1.2191538282224457,568.4935219844853
87.77829635779892,100.0,12.221703642201078,93.75832614863407,2,1.1165753349555358,1145.8864761774375
92.4187801637341,100.0,7.581219836265902,113.60380285265603,1,1.255182398643816,861.2554036617968
92.59567035978738,100.0,7.404329640212623,93.75832614863407,3,1.330237731551362,694.2175533190534
91.882331630989,100.0,8.117668369011,93.75832614863407,2,1.3023371231498755,761.0989985081836
97.92777536703906,100.0,2.072224632960939,93.75832614863407,2,1.4128468349121857,194.28831299038524
96.88172287299136,100.0,3.118277127008639,93.75832614863407,2,1.3356836537593686,292.3644438959016
91.07367334026854,100.0,8.926326659731458,93.75832614863407,2,1.3147391135348006,836.9174462723494
98.48495192808691,100.0,1.5150480719130854,67.50855057969652,2,1.1912492271570438,102.27869939341622
94.34854841605318,100.0,5.651451583946823,243.79654812168417,2,1.1609654467774173,1377.8043880430598
95.88327377782336,100.0,4.116726222176638,321.08251886434874,3,1.1732702021956427,1321.8088248913893
93.11638394925193,100.0,6.883616050748074,243.79654812168417,3,1.066992507201376,1678.2018317674003
95.9417657441139,100.0,4.058234255886106,212.3606802773048,3,1.4285714285714286,861.8093873046353
97.53893152047203,100.0,2.4610684795279667,314.03755940324436,3,1.1942143865949952,772.8679388352161
93.32329869529173,100.0,6.676701304708274,243.79654812168417,1,1.0801179053413492,1627.7567309274223
96.56169864363363,100.0,3.4383013563663667,145.88536770925515,2,1.1248456363178383,501.59785766873813
98.59843461385016,100.0,1.4015653861498407,278.8156453066971,2,1.3520806044173395,390.77835757889795
94.08582837058132,100.0,5.914171629418675,119.49401976368078,3,1.3636942769272429,706.7081415715553
99.89738172376325,100.0,0.10261827623675401,103.24262095460074,1,1.4285714285714286,10.594579796525707
86.13957821916232,100.0,13.860421780837683,119.49401976368078,3,1.3672560459049452,1656.2375142123697
95.55692306557825,100.0,4.443076934421754,63.71222566287876,2,1.4285714285714286,283.07832028341033
99.61680508738432,100.0,0.3831949126156786,135.74541857276083,3,1.312167581919267,52.0169538079678
93.00832280200105,100.0,6.991677197998953,119.49401976368078,3,1.1096958973711495,835.4636132789632
95.4565839674658,100.0,4.543416032534196,215.01198426110372,2,1.2533464075618568,976.8888964788889
98.87193115021178,100.0,1.128068849788221,241.04491214029719,2,1.3771031413227042,271.91525678540785
99.32976195291003,100.0,0.6702380470899669,241.04491214029719,2,1.2985874559895,161.55747117388543
97.99391079119673,100.0,2.0060892088032745,241.04491214029719,2,1.1143566728055139,483.5575970815836
99.21659273332592,100.0,0.7834072666740752,415.9063300995146,2,1.2107646653092914,325.8240412557064
94.5803518146692,100.0,5.4196481853308,241.04491214029719,2,1.2236093293851944,1306.3786206643838
90.37368753730212,100.0,9.626312462697882,241.04491214029719,3,1.2905498571080556,2320.373641806059
95.66370296814029,100.0,4.336297031859715,110.4013114086691,2,1.390534859372927,478.7328789748319
97.1850424224916,100.0,2.8149575775083946,241.04491214029719,2,1.3201033538036557,678.5312019491748
98.18499539799224,100.0,1.815004602007761,214.0649525595284,2,1.24707117709613,388.5288740241171
90.75404941872668,100.0,9.24595058127332,214.0649525595284,3,1.1940840880830081,1979.2339725480172
94.98204470831692,100.0,5.01795529168308,109.67804223410049,2,1.104091061755372,550.3595124100449
97.86478045733011,100.0,2.135219542669887,214.0649525595284,3,1.3954708517891974,457.07567010580726
98.70838187864416,100.0,1.2916181213558389,593.8158143886515,2,1.1927234881357747,766.9832666120575
95.01166481994431,100.0,4.988335180055685,214.0649525595284,3,1.1518968807046939,1067.8277336696467
93.7120570159324,100.0,6.287942984067598,134.37632169816038,2,1.12623934895558,844.9506492467582
87.23303518973307,100.0,12.766964810266927,134.37632169816038,2,1.4285714285714286,1715.5777704535217
94.87789839624932,100.0,5.122101603750679,72.83798054938362,2,1.3258009465212595,373.0835369859586
97.04542472089858,100.0,2.9545752791014195,134.37632169816038,3,1.189424154583595,397.02495818596435
97.71011236645543,100.0,2.2898876335445664,134.37632169816038,2,1.1992104722038,307.70667729782383
99.64839204191284,100.0,0.3516079580871576,242.54396850116925,2,1.1193286775014246,85.280389511052
97.76796148390252,100.0,2.232038516097475,134.37632169816038,2,1.1245379202674308,299.93312568179886
93.89131867856896,100.0,6.108681321431035,195.1814246135652,2,1.137028649199895,1192.3011228271855
94.38667305936556,100.0,5.613326940634437,1211.25405015116,2,1.4285714285714286,6799.164991666082
85.91040534840343,100.0,14.08959465159657,195.1814246135652,1,1.3106818700372886,2750.0271563262877
94.55360314409576,100.0,5.44639685590424,57.61271888133327,3,1.1856145829499563,313.78173097538837
99.46584917168953,100.0,0.534150828310473,100.1973351785402,2,1.1718903850149174,53.520489580119346
97.7949590947476,100.0,2.205040905252403,195.1814246135652,2,1.4151101848257304,430.38302521834953
92.38366899266636,100.0,7.616331007333642,195.1814246135652,2,1.3318950989502927,1486.5663363398505
95.68036519990738,100.0,4.319634800092615,182.00039138642205,2,1.4285714285714286,786.1752242632649
98.18241037010534,100.0,1.8175896298946554,211.44614199911496,3,1.2596376151092321,384.3223149788241
97.12556448541832,100.0,2.874435514581677,195.1814246135652,2,1.2447597218141788,561.0364186958781
89.56727589813339,100.0,10.432724101866611,195.1814246135652,3,1.2897028126216787,2036.273952802603
98.29887001434304,100.0,1.7011299856569622,94.72166827692453,3,1.3953966632405783,161.13387019732815
91.26287967150024,100.0,8.737120328499756,94.72166827692453,3,1.130137870444496,827.5946134517278
96.31646114479037,100.0,3.6835388552096333,107.50215504357598,3,1.2935021406356617,395.9883651217824
93.2874185664785,100.0,6.712581433521507,94.72166827692453,2,1.2503534867514643,635.8269118278668
99.70341766218854,100.0,0.2965823378114578,94.72166827692453,2,1.4023255113413438,28.09277381897168
86.5018248659117,100.0,13.4981751340883,94.72166827692453,3,1.2118091560865285,1278.5696673949433
96.26676523934394,100.0,3.7332347606560603,141.04998898994853,3,1.3489154562575578,526.5727218874305
99.54846452854471,100.0,0.45153547145528705,141.04998898994853,3,1.4285714285714286,63.68907327733946
99.10175815729836,100.0,0.898241842701637,141.04998898994853,2,1.0469369913228932,126.69700202337698
89.22982120391333,100.0,10.770178796086668,141.04998898994853,2,1.229950649183112,1519.1336006078018
96.86945154996287,100.0,3.130548450037125,141.04998898994853,3,1.054384621257774,441.5638244102369
97.2250844543409,100.0,2.7749155456590984,141.04998898994853,3,1.270501028804168,391.40180716325284
89.87322580432604,100.0,10.12677419567396,141.04998898994853,3,1.290585987332434,1428.381388803507
98.95593096041964,100.0,1.0440690395803642,64.55276525359476,2,1.3959850804974394,67.39754362057738
91.5993815583044,100.0,8.400618441695599,137.85881159861125,2,1.349806217497918,1158.0992750655328
96.96048750190192,100.0,3.0395124980980768,111.04164417933036,1,1.4173952823729743,337.5124652924342
96.66702487691003,100.0,3.332975123089966,137.85881159861125,1,1.2015010657080563,459.47998955691776
94.8303848719718,100.0,5.169615128028198,137.85881159861125,1,1.4285714285714286,712.6769979721699
97.4062392968977,100.0,2.593760703102305,458.0825103091613,2,1.4230806839471837,1188.156414018359
99.36993506474651,100.0,0.6300649352534862,252.74935611770604,2,1.1817210498448887,159.24850669766278
95.58101251032068,100.0,4.418987489679324,296.5784637229438,3,1.083464282084643,1310.576520900002
98.2374070069624,100.0,1.7625929930376003,219.24231868403706,2,1.3866525923410644,386.4349746898003
96.14973220738588,100.0,3.850267792614119,296.5784637229438,2,1.3215249338339485,1141.9065068554255
99.18644896428168,100.0,0.8135510357183193,296.5784637229438,1,1.3298921639771166,241.28171633354893
97.73319560107362,100.0,2.266804398926382,296.5784637229438,3,1.3125741538295166,672.2853661939974
96.02988504056242,100.0,3.9701149594375806,418.044537462581,3,1.047139959032497,1659.6848718913568
94.76123450176009,100.0,5.238765498239914,418.044537462581,1,1.293892706710413,2190.0372995866323
99.79760523825937,100.0,0.20239476174063498,418.044537462581,2,1.3188876452513998,84.61002455671303
99.73429358713854,100.0,0.2657064128614621,418.044537462581,2,1.2742523190374737,111.07711446551151
97.73441294785032,100.0,2.2655870521496837,418.044537462581,1,1.2141725741156366,947.1162912971268
99.0178766334912,100.0,0.9821233665088016,418.044537462581,2,1.2774880543184808,410.5713084833649
92.17685085585376,100.0,7.823149144146242,76.69545715473885,1,1.4285714285714286,600.0
92.89047613212276,100.0,7.109523867877243,106.95424686509092,2,1.4285714285714286,760.3937708581988
97.75871097799384,100.0,2.241289022006157,106.95424686509092,2,1.3514773895243324,239.7153793556647
98.52961470695404,100.0,1.4703852930459647,720.0178866758993,1,1.3215820803725902,1058.7037112982782
97.4226072915901,100.0,2.577392708409903,106.95424686509092,1,1.4199152921957474,275.66309600355805
93.0387887453692,100.0,6.961211254630797,106.95424686509092,2,1.3508936709619555,744.5311070078316
91.99831688171707,100.0,8.001683118282926,106.95424686509092,1,1.206191740513734,855.8139915690626
95.53878480140482,100.0,4.461215198595184,169.46912487570796,2,1.4285714285714286,756.0382355881335
96.1537733800034,100.0,3.8462266199965995,940.6077520285447,1,1.3772929153305822,3617.7905748273492
94.96219354068896,100.0,5.037806459311042,106.95424686509092,2,1.1990259981814457,538.8147957077028
93.08715856732728,100.0,6.912841432672721,106.95424686509092,2,1.1271736887552781,739.357749129307
96.07442668090296,100.0,3.9255733190970403,302.8899853260005,3,1.206744301205091,1189.0168450174417
95.0284365713956,100.0,4.971563428604398,228.1311899346258,2,1.3048021136617172,1134.1686808029895
94.58476823599374,100.0,5.415231764006265,228.1311899346258,1,1.081417811882861,1235.383266094532
98.1588299593239,100.0,1.8411700406761042,153.37239454325112,2,1.305148582744108,282.38465789978915
99.7269039804953,100.0,0.2730960195047061,228.1311899346258,1,1.2836551981497195,62.301719896018376
95.33081536534866,100.0,4.669184634651344,121.57769940658153,3,1.4285714285714286,567.6687259854704
87.16982845709363,100.0,12.83017154290637,121.57769940658153,2,1.422327049133621,1559.862739178347
93.83044469480151,100.0,6.169555305198486,82.71365982091822,3,1.3117236801987002,510.3064987605289
88.17471099883767,100.0,11.825289001162332,121.57769940658153,3,1.1631772658956183,1437.6914315792687
94.28275551907284,100.0,5.717244480927164,98.2311111211251,1,1.4285714285714286,561.6112779125954
99.78300668050332,100.0,0.21699331949668021,104.57960124657343,2,1.3695573171866724,22.693074826133124
95.25783007011164,100.0,4.742169929888362,121.57769940658153,1,1.27684617776046,576.5421102708972
93.88207027649946,100.0,6.117929723500538,121.57769940658153,2,1.1040557472149362,743.8038209143389
97.03517289768908,100.0,2.9648271023109203,186.46001175706803,2,1.3998275043291861,552.8216963545682
98.67186719679,100.0,1.3281328032099964,331.7209573519059,1,1.2926804756908692,440.5694849712904
93.9983562806357,100.0,6.001643719364296,81.22505940800396,1,1.2737712407868185,487.48386765103874
85.36309190021902,100.0,14.636908099780982,81.22505940800396,3,1.2016605271242415,1188.8837299542045
87.24731718142289,100.0,12.752682818577114,81.22505940800396,3,1.1187378893659672,1035.8374195503575
88.76271519697396,100.0,11.237284803026043,81.22505940800396,3,1.3961218392187542,912.7491257104504
96.01486971881394,100.0,3.985130281186059,75.92539191047051,3,1.3110063672999799,302.57257841333507
93.06556609355098,100.0,6.934433906449016,81.22505940800396,2,1.4285714285714286,563.2498060121983
99.1507199367348,100.0,0.8492800632651978,81.22505940800396,1,1.2307415869474416,68.98282359274904
93.49498755929416,100.0,6.5050124407058405,183.12644847591608,3,1.4285714285714286,1191.239825558111
91.69976267638764,100.0,8.300237323612365,183.12644847591608,2,1.1482126953878975,1519.9929825803752
95.78334343310948,100.0,4.216656566890521,125.12126799066404,2,1.2165304814840774,527.5934163305022
98.10578117978592,100.0,1.8942188202140784,258.3492284598967,2,1.4285714285714286,489.369970736523
98.35994271742422,100.0,1.640057282575782,1834.9119184702436,1,1.110390558641032,3009.3606547722225
94.09324572547636,100.0,5.906754274523635,183.12644847591608,2,1.3197606547283172,1081.6829323134496
98.13443866700852,100.0,1.8655613329914758,139.18373017037248,3,1.3392102570014903,259.65578518736595
99.87844887953376,100.0,0.12155112046623628,344.03468264743134,3,1.4285714285714286,41.817801155041295
91.49921416028944,100.0,8.50078583971056,183.12644847591608,2,1.3565898806649124,1556.7187200805527
97.82743554293592,100.0,2.172564457064084,183.12644847591608,2,1.1136910291009996,397.8540131071525
95.40976589951076,100.0,4.590234100489241,174.21449850001534,3,1.4285714285714286,799.685331814402
97.81496016914632,100.0,2.1850398308536825,187.6568252858281,2,1.0746455257987495,410.03763778108487
97.72267928278268,100.0,2.2773207172173215,174.21449850001534,2,1.3673932779234101,396.7422866737109
96.91942534304046,100.0,3.0805746569595414,174.21449850001534,2,1.2560007719354345,536.6807689540633
92.21243724698824,100.0,7.7875627530117555,174.21449850001534,1,1.3318611006508587,1356.7063395533419
96.80666072600296,100.0,3.19333927399704,123.11862443013395,3,1.3467487501450381,393.15953875323817
98.56138279488025,100.0,1.4386172051197548,174.21449850001534,3,1.4285714285714286,250.62797492343176
96.92771624898562,100.0,3.072283751014382,185.2918895651272,2,1.4285714285714286,569.2692615056916
96.01113553634268,100.0,3.988864463657322,185.2918895651272,3,0.9069226922952315,739.1042336902528
99.61014485226096,100.0,0.3898551477390413,185.2918895651272,1,1.3829252840808626,72.23699698125878
95.97968800501062,100.0,4.020311994989385,185.2918895651272,3,1.212464439213445,744.9312061929293
99.17246198518464,100.0,0.8275380148153602,238.29291714731806,3,1.1246108099379948,197.19644760065268
93.4031537735376,100.0,6.596846226462404,156.91414431505302,2,1.4285714285714286,1035.1384808033345
95.83557021231476,100.0,4.164429787685236,226.28483491886462,3,1.3105213150062471,942.3473070375561
98.92561472229136,100.0,1.0743852777086431,156.91414431505302,3,1.2642897643470563,168.58624651634236
96.37784162348612,100.0,3.6221583765138803,156.91414431505302,2,1.2912249659882895,568.3678822242772
99.9076077661025,100.0,0.09239223389749895,169.98293251100762,2,1.4285714285714286,15.705102859139796
96.91897855178708,100.0,3.0810214482129226,156.91414431505302,2,1.4285714285714286,483.4558441626562
95.83531659450844,100.0,4.164683405491559,156.91414431505302,2,1.0691181785191066,653.4977329158089
96.5183447350032,100.0,3.481655264996803,153.7765325482238,2,1.2419052993017874,535.3968741794756
95.02749022459494,100.0,4.972509775405058,153.7765325482238,2,1.339327569905764,764.6553113239369
99.16080465339604,100.0,0.8391953466039581,132.58218300942423,3,1.3047710715114316,111.26235102410317
98.43842187578214,100.0,1.56157812421786,153.7765325482238,2,1.4285714285714286,240.134069245382
95.05666913220736,100.0,4.943330867792639,153.7765325482238,2,1.0848243273203333,760.1682800877542
95.4301095894341,100.0,4.569890410565904,1606.6818374628028,1,1.4285714285714286,7342.359921851669
96.35522609086703,100.0,3.644773909132965,153.7765325482238,1,1.3724719049035254,560.4806936687023
95.37396728369598,100.0,4.6260327163040245,153.7765325482238,3,1.1531442832431955,711.3752705678739
99.6756567901955,100.0,0.32434320980449627,153.7765325482238,3,1.3488397973175645,49.8763741592965
84.66442690591367,100.0,15.335573094086328,184.56207283853155,2,1.3401250136643643,2830.3651584113854
98.68074958113728,100.0,1.3192504188627225,33.662810080555275,2,1.123401924390078,44.409676298868824
92.72356226526888,100.0,7.276437734731118,118.09248453686422,1,1.1142752825339712,859.2926106721899
97.41815583623644,100.0,2.581844163763563,118.09248453686422,2,1.3199909968722578,304.8963919858417
90.9789223001085,100.0,9.021077699891507,118.09248453686422,2,1.1692924012246837,1065.3214787802883
88.17336149029418,100.0,11.826638509705816,118.09248453686422,2,1.0592223568375707,1396.637125330517
89.74553592571556,100.0,10.254464074284442,118.09248453686422,3,1.3914943700613203,1210.9751401262652
97.17953929665062,100.0,2.820460703349383,118.09248453686422,3,1.2983078701953037,333.07521199712016
97.72931769913738,100.0,2.2706823008626174,247.03322065415662,3,1.194764519976696,560.933961864483
89.6814407664112,100.0,10.3185592335888,247.03322065415662,2,1.1749599396365074,2549.0269199841273
95.23796438891588,100.0,4.762035611084116,247.03322065415662,1,1.284414205140709,1176.3809938758939
97.06423924153157,100.0,2.935760758468433,308.7564807959167,2,1.3425576106183321,906.4351602434646
98.87165322084786,100.0,1.1283467791521389,247.03322065415662,2,1.0630745151567844,278.73913886869724
99.9828117158848,100.0,0.017188284115206898,247.03322065415662,2,1.2598286334244242,4.246077182498241
97.0579554035456,100.0,2.9420445964543944,247.03322065415662,2,1.2568197646919865,726.7827519702876
95.04819936315452,100.0,4.951800636845476,247.03322065415662,2,1.3473870932137626,1223.259259357242
93.06081052326957,100.0,6.939189476730434,247.03322065415662,3,1.2264764309007856,1714.2103251661508
92.61557940518556,100.0,7.3844205948144435,254.30353933067022,3,1.3916056171125013,1877.884293167606
97.21189203019571,100.0,2.7881079698042868,122.43748416257853,3,1.3399070338831922,341.36892539647135
87.11896286236245,100.0,12.881037137637549,254.30353933067022,2,1.2565117692943655,3275.693334351034
99.76039191100352,100.0,0.23960808899647645,254.30353933067022,3,1.2397628154125135,60.93318508406218
96.16918354926452,100.0,3.830816450735483,254.30353933067022,2,1.4216442955833606,974.1901819481894
98.3334048829829,100.0,1.6665951170170956,254.30353933067022,1,1.3027971159577223,423.82103688865993
97.75412325797828,100.0,2.2458767420217214,254.30353933067022,2,1.3476760559380463,571.1344043965584
98.25745753469316,100.0,1.7425424653068404,254.30353933067022,1,1.3504597089316845,443.13471636152116
97.95383968799932,100.0,2.04616031200068,254.30353933067022,1,1.3419344695937883,520.3458093797213
95.13331774678758,100.0,4.866682253212417,148.83393147911917,3,1.2660134106285619,724.3274530052622
95.15343577517756,100.0,4.846564224822444,25669.897507297876,2,1.2295898257607594,124410.80691372872
96.88263015745952,100.0,3.1173698425404837,346.9823902667321,1,1.4285714285714286,1081.6724393101233
99.88296903119073,100.0,0.11703096880927433,148.83393147911917,1,1.3366981982021502,17.418179192694467
95.95229044188112,100.0,4.047709558118882,148.83393147911917,1,1.2258096564006185,602.4365270204414
95.33418912597524,100.0,4.665810874024757,148.83393147911917,3,1.1908925536575141,694.4309759191299
99.5253671174456,100.0,0.4746328825544026,117.57775229524263,2,1.1733078278723188,55.80626749615854
96.44910418824716,100.0,3.550895811752838,148.83393147911917,3,1.30024814448678,528.4937839359131
97.33146765250432,100.0,2.6685323474956846,148.83393147911917,2,1.2046130258806038,397.16816055698575
91.78473870717022,100.0,8.21526129282978,148.83393147911917,3,1.4285714285714286,1222.7096363400874
95.30809206697776,100.0,4.691907933022236,148.83393147911917,3,1.12303166469678,698.3151038097672
95.44079354405494,100.0,4.559206455945059,118.54128342867342,1,1.372527611360356,540.4541847040209
95.03203520797234,100.0,4.967964792027658,118.54128342867342,3,1.4088204200158398,588.9089224754213
99.80227756039318,100.0,0.1977224396068209,549.9848410940292,2,1.1726351346390218,108.74434452788118
91.51083487781403,100.0,8.489165122185966,129.14686867530293,2,1.4285714285714286,1096.349093197913
89.76233894118734,100.0,10.237661058812662,129.14686867530293,2,1.1766349775478502,1322.1618683047416
93.78638833311597,100.0,6.213611666884034,129.14686867530293,2,1.4285714285714286,802.4684899424025
93.39706322363423,100.0,6.602936776365766,129.14686867530293,2,1.115580288393863,852.7486087286376
94.09476189181537,100.0,5.9052381081846335,822.7922017159224,2,1.3668119603024305,4858.783864690003
91.47380681642704,100.0,8.526193183572957,129.14686867530293,3,1.088408852839761,1101.1311513791597
91.66642100330978,100.0,8.333578996690221,2985.0568622415963,3,1.368962619808085,24876.207171102582
91.0020754093295,100.0,8.997924590670493,129.14686867530293,2,1.2047662794638074,1162.053785461601
95.35412661449422,100.0,4.64587338550578,129.67571502447845,3,1.343703218697327,602.4569531786565
92.80455189262152,100.0,7.195448107378482,128.6621146741889,3,1.1823651694893855,925.7815695237057
97.24978928510586,100.0,2.7502107148941377,128.6621146741889,3,1.2975100785869458,353.8479263778926
95.69178321650344,100.0,4.308216783496562,128.6621146741889,3,1.3521365306778939,554.3042818394998
98.73606796823996,100.0,1.263932031760035,177.42843761642266,2,1.2860540170478834,224.25748564853373
91.30671512511736,100.0,8.693284874882636,128.6621146741889,3,1.3026985214565474,1118.4964154675415
97.29346964205092,100.0,2.7065303579490774,79.89579173195516,3,1.1388487905601559,216.24038579491352
91.26428141117658,100.0,8.735718588823417,105.23269892631731,2,1.0887187714438464,919.2832441626882
98.95564799968685,100.0,1.044352000313154,105.23269892631731,2,1.2062869020880778,109.89997962205136
89.6759011996196,100.0,10.324098800380398,105.23269892631731,3,1.381789949602107,1086.432780745984
98.86960078102118,100.0,1.1303992189788232,57.84313584883854,1,1.266172413905765,65.38583558681306
95.26041903618923,100.0,4.739580963810766,105.23269892631731,2,1.3567505375947555,498.7588966016032
99.05371700614847,100.0,0.9462829938515256,138.73795111606887,2,1.253034257916401,131.28536374294026
98.03195823673096,100.0,1.9680417632690421,105.23269892631731,3,1.2020864200426633,207.10234634850977
96.8910359868776,100.0,3.108964013122403,105.23269892631731,2,1.2717330382911147,327.16467396566503
99.1280969021784,100.0,0.8719030978216011,241.1614376465099,3,1.2845067296113302,210.2694045591029
95.28262531054295,100.0,4.717374689457046,105.23269892631731,2,1.4285714285714286,496.42207041826293
88.03819071189841,100.0,11.961809288101591,105.23269892631731,2,1.1841094103725154,1258.7734754288208
97.93125587676724,100.0,2.0687441232327615,54.39881219942254,2,1.2813595094770205,112.53722304839802
99.52267719837906,100.0,0.477322801620943,110.63354579139315,2,1.3335512878587268,52.807914030406664
90.56007844654634,100.0,9.439921553453658,125.41194102759076,2,1.4285714285714286,1183.878885166813
94.83147178202827,100.0,5.168528217971726,123.8761252197209,3,1.2598182278305743,640.2572487311265
98.83193687540302,100.0,1.1680631245969835,125.41194102759076,3,1.382390175287505,146.48906369846028
96.38684415918412,100.0,3.613155840815878,125.41194102759076,2,1.213947623857795,453.132887231896
99.92053417497613,100.0,0.079465825023874,125.41194102759076,3,1.0551593425483168,9.965963361602933
98.5125860723419,100.0,1.4874139276580962,125.41194102759076,2,1.3589259092088952,186.5394677790743
99.73283387809668,100.0,0.26716612190331546,136.3978901957942,3,1.3639355885560558,36.440895359404585
97.20844275588304,100.0,2.7915572441169587,96.67452291168105,3,1.3499369302883462,269.87246475565416
93.74204189918888,100.0,6.257958100811123,96.67452291168105,2,1.3033750392003325,604.985113797205
90.75689348517986,100.0,9.243106514820141,96.67452291168105,1,1.3124031299647938,893.5729125420881
94.82881103419392,100.0,5.171188965806081,125.8039867790274,3,1.2196749083367961,650.5561882861206
96.24859315456597,100.0,3.7514068454340332,96.67452291168105,2,1.4285714285714286,362.6654670299496
89.26201338849968,100.0,10.737986611500318,96.67452291168105,3,1.2293129690490254,1038.089732698812
97.72807992712376,100.0,2.2719200728762416,96.67452291168105,3,1.1824551161394257,219.63678913878232
97.44453441162068,100.0,2.5554655883793203,96.67452291168105,2,1.25841203113746,247.0484165737891
99.806230533812,100.0,0.19376946618800162,301.36507159473814,2,1.1292165147721638,58.3953490506213
98.34916385666784,100.0,1.6508361433321568,301.36507159473814,3,1.4285714285714286,497.5043525264768
98.55192205244003,100.0,1.448077947559966,301.36507159473814,2,1.1663797920598533,436.40011434117065
94.06351938497798,100.0,5.93648061502202,301.36507159473814,2,1.354232985742133,1789.0479055668864
95.88448918847328,100.0,4.115510811526718,301.36507159473814,1,1.3066111790529,1240.2712103646684
98.5898239513686,100.0,1.4101760486313992,301.36507159473814,2,1.0854633147578414,424.97780585698655
96.78217712714016,100.0,3.2178228728598413,301.36507159473814,2,1.308156686005448,969.739420458592
99.83624167198772,100.0,0.1637583280122783,168.41136910037275,1,1.2246171221873448,27.57876422213571
98.44182591262688,100.0,1.5581740873731178,301.36507159473814,2,1.222909680062269,469.5792453982654
99.84997806924734,100.0,0.1500219307526578,177.87923248245286,2,1.2356208234881627,26.685785897818462
98.409725115429,100.0,1.5902748845710022,148.04247992787765,1,1.2724633662637126,235.42823767891053
85.55368636532847,100.0,14.446313634671526,148.04247992787765,2,0.9275648320628507,2138.668096292685
97.10851994836682,100.0,2.891480051633181,43.68060428978817,3,1.2017193175596503,126.30159594720524
91.78322338575056,100.0,8.21677661424944,148.04247992787765,3,1.209802210013215,1216.4319869868773
96.45080050787465,100.0,3.5491994921253536,118.20572737330247,3,1.3136532114087225,419.5357075596331
95.19977725848808,100.0,4.8002227415119165,148.04247992787765,2,1.063576882254565,710.6368788596197
99.29007323505344,100.0,0.7099267649465588,148.04247992787765,3,1.2674926970034133,105.09931884986405
90.95207054002012,100.0,9.047929459979883,118.83358956675072,2,1.2147632937995996,1075.1979358761619
95.38835906264632,100.0,4.611640937353684,118.83358956675072,2,1.3184573525896646,548.0178463787132
99.07087219323397,100.0,0.9291278067660329,118.83358956675072,2,1.202689930109561,110.41159244429002
98.35705165137232,100.0,1.6429483486276837,118.83358956675072,3,1.1163813125778959,195.23744974019303
95.30567957389538,100.0,4.694320426104625,110.12428491621517,3,1.4285714285714286,516.9586800923544
97.17592549329956,100.0,2.824074506700441,110.12428491621517,3,1.3169191696616451,310.9991856004992
97.91523460176349,100.0,2.084765398236513,799.1286564517789,3,1.406674034641289,1665.9957717099023
93.16431263529464,100.0,6.835687364705365,110.12428491621517,2,1.0872050122831272,752.7751829489856
91.0659671320951,100.0,8.934032867904904,110.12428491621517,3,1.2524841238704951,983.8539809959906
96.5143566535934,100.0,3.4856433464066043,110.12428491621517,2,1.4285714285714286,383.8539809959906
90.72209444786245,100.0,9.277905552137554,110.12428491621517,2,1.0843185018746273,1021.7227144493306
97.93211916077138,100.0,2.0678808392286214,110.12428491621517,2,1.2781898929298883,227.72389871199485
94.70568035555463,100.0,5.294319644445366,110.12428491621517,1,0.9860757568581908,583.0331649624165
98.98400318016606,100.0,1.0159968198339442,140.24187154565524,2,1.4285714285714286,142.48529549794623
92.68780383102342,100.0,7.312196168976584,110.12428491621517,2,1.3980381811311506,805.2503742756344
98.7627690061044,100.0,1.2372309938955937,325.3850610025508,3,1.2756989443326359,402.5764824229643
83.40964807455984,100.0,16.59035192544016,142.21666546037594,2,1.1628746342146017,2359.424529650227
96.86157932666713,100.0,3.138420673332874,36.66432789137866,3,1.174300043332251,115.06808462815789
96.0781897049346,100.0,3.9218102950653986,142.21666546037594,3,1.1598505966485144,557.7467827323741
85.45983587377883,100.0,14.540164126221171,142.21666546037594,3,1.1628237471470584,2067.8536572777557
96.90262670890462,100.0,3.09737329109538,39.123260116353904,1,1.0659030530944211,121.17934094497171
97.71534846564266,100.0,2.2846515343573373,142.21666546037594,1,1.4285714285714286,324.915522955232
92.73411021838444,100.0,7.265889781615556,142.21666546037594,2,1.1329713473077454,1033.3306163439834
94.9250449881736,100.0,5.074955011826404,229.71749556528565,2,1.1983239244354038,1165.8059554232561
99.25162809994828,100.0,0.7483719000517226,142.21666546037594,1,1.104808769392354,106.43095614960173
96.9092935137217,100.0,3.090706486278293,139.2154132467827,1,0.9875525944170694,430.2739807117443
98.56072722386796,100.0,1.439272776132043,316.29609587417656,2,1.2436715121768225,455.2363599885529
90.60713562173405,100.0,9.392864378265955,97.02760047114823,2,1.4285714285714286,911.3670921740692
88.45425168146636,100.0,11.54574831853364,97.02760047114823,2,1.3775466116825668,1120.2562549911136
93.01209893178452,100.0,6.9879010682154785,117.63902551343449,1,1.2766207356345607,822.0498720491568
88.65520665583846,100.0,11.344793344161545,97.02760047114823,3,1.251061454873106,1100.758076025048
98.80333513597505,100.0,1.196664864024953,51.432402687265714,1,1.2427205488392736,61.54734916823346
95.53496215315108,100.0,4.465037846848915,97.02760047114823,1,1.4285714285714286,433.2319082926125
94.50219880070004,100.0,5.497801199299957,97.02760047114823,2,1.2809362896606902,533.4384582354758
99.09186437594484,100.0,0.9081356240551628,108.19250853397023,3,1.1823034093279567,98.25347125559058
87.5014810464186,100.0,12.498518953581396,97.02760047114823,2,1.303099180616283,1212.7013035091693
99.97917071171037,100.0,0.02082928828963304,353.9771926328922,1,1.4285714285714286,7.37309299330548
98.57273843115097,100.0,1.4272615688490333,353.9771926328922,1,1.0948519061502222,505.21804329399816
93.93167382342676,100.0,6.068326176573237,353.9771926328922,3,1.2741217666904439,2148.0490639640866
99.6892162300742,100.0,0.3107837699258056,353.9771926328922,3,1.1859730041920642,110.01036639420333
95.55431158910032,100.0,4.4456884108996775,353.9771926328922,3,1.3070395183949965,1573.6723030108515
98.61163572186874,100.0,1.388364278131263,120.192680527796,1,1.3868235568289402,166.871224137635
98.63480292762752,100.0,1.3651970723724816,21903.180816500615,3,1.2081797541611086,29902.15832633174
94.20913659355574,100.0,5.7908634064442595,287.33455739401006,3,1.4285714285714286,1663.9151738198307
91.121577542534,100.0,8.878422457466002,287.33455739401006,1,1.288543488278531,2551.0775871730325
98.69999471551934,100.0,1.3000052844806618,74.3266332504755,3,1.3411386519894921,96.62501600327421
95.7676715942359,100.0,4.232328405764093,287.33455739401006,3,1.1558087214611892,1216.094209216322
98.40945894539928,100.0,1.5905410546007204,227.11896161353636,2,1.4285714285714286,361.24203272461466
98.53252535113732,100.0,1.4674746488626766,287.33455739401006,2,1.342261453663686,421.65617871788754
96.491195797241,100.0,3.508804202758995,287.33455739401006,2,1.2126506058611746,1008.2007025819981
94.96487889771568,100.0,5.035121102284322,82.31668728101556,2,1.250983529218338,414.4744891987809
90.86115623642206,100.0,9.138843763577938,82.31668728101556,2,1.2798288221569882,752.2793441965044
93.96158211333275,100.0,6.038417886667247,179.30824954678377,2,1.3236474686628765,1082.7381412902935
96.06280534142525,100.0,3.9371946585747537,82.31668728101556,2,1.3203119990934629,324.0968214743828
91.2521393869014,100.0,8.747860613098595,82.31668728101556,3,1.3686582271263759,720.0949064663502
94.78677843886096,100.0,5.2132215611390365,82.31668728101556,3,1.1892730023163687,429.1351289749298
90.1210241742666,100.0,9.878975825733406,82.31668728101556,2,0.971925392485737,813.2045637036092
97.1931158682509,100.0,2.8068841317491007,82.31668728101556,2,1.139169735850211,231.0534033072356
95.20878745925592,100.0,4.791212540744084,82.31668728101556,2,1.4285714285714286,394.3967444133108
98.6870625232326,100.0,1.3129374767674022,73.58545956086739,1,0.924160138724479,96.61310760261495
99.54539548446684,100.0,0.4546045155331626,555.502012889212,2,1.135251637368519,252.53372344719688
92.36885025427472,100.0,7.631149745725281,80.75665222559599,1,1.2857301333464217,616.2661060969817
93.2663829003864,100.0,6.733617099613596,80.75665222559599,1,1.3271672611987566,543.7843743338215
94.48439758776384,100.0,5.515602412236163,80.75665222559599,2,1.1515139688567895,445.4215858196141
97.9359137448204,100.0,2.0640862551796033,171.97553781861853,1,1.413277017617746,354.97234383853055
94.63376311485298,100.0,5.366236885147018,80.75665222559599,2,1.2743700822343105,433.35932589398317
90.85896245733228,100.0,9.141037542667718,80.75665222559599,2,1.130310127876008,738.1995898143334
97.35289692572074,100.0,2.647103074279258,83.35955528543047,2,1.2888844984228343,220.66133506661475
90.07280390681656,100.0,9.92719609318344,80.75665222559599,2,1.0711963474292037,801.6871224725102
97.23558255776425,100.0,2.7644174422357537,80.75665222559599,2,1.1833175094107309,223.24509798900434
98.44552946883395,100.0,1.5544705311660465,420.0242149124071,2,1.2100166700184425,652.9152644574912
94.27536649843202,100.0,5.724633501567979,987.9957167757552,3,1.1391494079415578,5655.913379660157
89.15822577328503,100.0,10.841774226714975,161.0226526898379,2,1.4285714285714286,1745.7712458499614
91.58251231951728,100.0,8.417487680482722,231.59282236197652,3,1.3367794368002277,1949.4297291201608
97.58093568915602,100.0,2.4190643108439787,161.0226526898379,1,1.2591062464332148,389.5241523594121
97.76938241697565,100.0,2.2306175830243546,2956.564855102851,2,1.3265594584062692,6594.965551144273
95.54802545087716,100.0,4.451974549122838,161.0226526898379,2,1.0881308796280025,716.8687516074044
98.27782363172732,100.0,1.7221763682726845,161.0226526898379,2,0.8629384224230751,277.30940721901885
97.8056417025808,100.0,2.1943582974191997,161.0226526898379,2,1.3472999733505173,353.3413940023958
92.83520868610428,100.0,7.164791313895719,161.0226526898379,2,1.239832021756218,1153.6937033325978
95.695527552093,100.0,4.304472447907003,177.26272346773214,3,1.2072093146935596,763.022509207811
99.54651320312831,100.0,0.4534867968716867,144.7825819119437,2,1.3275134415779537,65.65698931405996
91.86589726611923,100.0,8.134102733880766,161.0226526898379,2,1.4285714285714286,1309.7747994611436
96.34483972695264,100.0,3.6551602730473576,162.10920650403742,3,1.213138992653829,592.5351315087879
92.86694791582916,100.0,7.133052084170842,162.10920650403742,3,1.3100041900266086,1156.3334133169055
96.29879133369852,100.0,3.7012086663014827,168.78132408891142,2,1.3791216098423948,624.6948994277182
97.08630001041617,100.0,2.913699989583833,162.10920650403742,2,1.2691757918064415,472.33759330225723
95.39192979094896,100.0,4.608070209051036,162.10920650403742,2,1.2295358294315402,747.0106051041572
97.81295870787868,100.0,2.1870412921213216,180.08745137804368,3,1.1429615507046929,393.85869235667235
99.54308124307954,100.0,0.4569187569204587,273.0893897872818,3,1.3105682512152028,124.77966450977141
97.92192294532651,100.0,2.0780770546734857,521.2570646723374,2,1.4285714285714286,1083.2123456820375
98.82046258159582,100.0,1.1795374184041805,332.82832589664486,2,1.4285714285714286,392.5834642999137
98.97872529525564,100.0,1.021274704744357,3151.320606878331,2,1.187467978230205,3218.364022344476
94.469203933282,100.0,5.530796066717997,332.82832589664486,2,1.3275615218472065,1840.805595761499
97.53309891184206,100.0,2.4669010881579396,174.28660844120017,2,1.271418724841086,429.9478240149534
99.20858610756645,100.0,0.7914138924335532,135.51571696663103,2,1.2881203711277787,107.24902105048517
93.64989215666384,100.0,6.350107843336161,135.51571696663103,3,1.2419428494342937,860.539417205127
94.09507426622996,100.0,5.9049257337700425,135.51571696663103,2,0.9942178753411193,800.2102444465571
99.95532439602673,100.0,0.04467560397327475,135.51571696663103,3,1.4285714285714286,6.054246503355597
94.54239731881458,100.0,5.457602681185421,135.51571696663103,3,1.0785027021531073,739.5909402598501
97.43531269953029,100.0,2.564687300469714,168.72795576683842,2,1.162180234272872,432.7344453894262
99.03512403400076,100.0,0.9648759659992407,508.0000875275116,3,1.213236698983705,490.1570751808066
91.00967072297288,100.0,8.990329277027115,119.719128055895,1,1.1975540687949526,1076.3143819810712
95.17162649407504,100.0,4.828373505924958,144.16299283284064,3,1.4285714285714286,696.0727751289373
93.86258483850244,100.0,6.137415161497557,119.719128055895,2,1.415821306933562,734.7659916515175
98.59344187546684,100.0,1.4065581245331629,119.719128055895,2,1.2867957564052652,168.39191222904523
96.8029796609818,100.0,3.197020339018195,119.719128055895,1,1.335293204162505,382.7444873642201
93.1846728272901,100.0,6.8153271727099,119.719128055895,3,1.2886628433792857,815.9250265324773
85.73916317863183,100.0,14.260836821368173,362.3179904191687,1,1.256732428619458,5166.957738813802
93.35504928276214,100.0,6.644950717237862,78.50200372394367,3,1.423481712637068,521.6419459500288
99.21384413960804,100.0,0.7861558603919576,99.88474224258813,2,1.3933433669720336,78.52497547775079
98.52887327656076,100.0,1.471126723439241,362.3179904191687,3,1.2210725835717895,533.015678088442
94.47637454312498,100.0,5.523625456875024,362.3179904191687,2,1.4217700175731836,2001.3088753631214
95.85069701861684,100.0,4.149302981383158,380.01162053092213,2,1.2434726453422198,1576.7833500292006
95.5453450923133,100.0,4.454654907686702,362.3179904191687,3,1.4285714285714286,1614.0016141639335
92.85385388742344,100.0,7.1461461125765595,410.80261262663123,1,1.4285714285714286,2935.6554932580952
99.15265361006584,100.0,0.8473463899341596,410.80261262663123,2,0.9695054093692317,348.09211078469696
92.37220724660249,100.0,7.6277927533975145,410.80261262663123,3,1.3817301181404835,3133.517191670184
99.82077509006844,100.0,0.1792249099315626,80.55239780440924,3,1.4285714285714286,14.436996241266646
98.71051982088504,100.0,1.2894801791149604,410.80261262663123,3,1.4285714285714286,529.7218265106821
98.76277611454046,100.0,1.2372238854595423,186.86190006342304,2,1.3107348768033478,231.19000604082095
95.58863620391296,100.0,4.411363796087045,186.86190006342304,3,1.3104093638683068,824.3158208078198
97.66244263735496,100.0,2.337557362645043,186.86190006342304,3,1.2723161894169999,436.8004102910968
99.44392754125607,100.0,0.5560724587439267,263.8725437326425,3,1.1192498886040232,146.73225418842486
99.24917287131278,100.0,0.7508271286872201,186.86190006342304,1,1.0507776592676827,140.30098388565818
93.2936565769157,100.0,6.706343423084306,186.86190006342304,2,1.12312241000253,1253.160074515374
97.65529151138666,100.0,2.3447084886133354,186.86190006342304,1,1.3564490021557793,438.13668327712475
99.10552945999376,100.0,0.8944705400062389,186.86190006342304,1,1.2049707473105882,167.14246465632186
97.93707206115424,100.0,2.0629279388457604,821.6419239253119,2,1.350200087288871,1694.9880805925086
93.83840344481554,100.0,6.16159655518446,141.9593041063138,2,1.0745074297570232,874.6959591578462
93.7483591409988,100.0,6.251640859001199,141.9593041063138,2,1.428435490561547,887.478585866408
99.10537285747536,100.0,0.8946271425246408,141.9593041063138,1,1.2016417987498256,127.00064658741802
96.14335671476044,100.0,3.8566432852395565,141.9593041063138,2,1.039202320705041,547.4863969588953
90.60445212555176,100.0,9.39554787444824,363.9606892678334,3,1.1298658427675232,3419.6100804331086
91.59231506215518,100.0,8.40768493784482,607.371708936653,1,1.4285714285714286,5106.589968899766
91.3604285435159,100.0,8.639571456484106,363.9606892678334,2,1.1787119355794056,3144.4643822806543
95.65987956838018,100.0,4.340120431619823,102.90231127625086,3,1.0533891611370956,446.60842363095924
99.71598164493456,100.0,0.2840183550654416,363.9606892678334,1,1.159210095112345,103.37151627433437
99.73079695233469,100.0,0.26920304766531444,34262.15243119572,3,1.2085817153766154,9223.47585405145
92.2520340664769,100.0,7.747965933523105,363.9606892678334,3,1.109539975764541,2819.9550215887616
87.86417651571728,100.0,12.135823484282724,363.9606892678334,2,1.2372978889264215,4416.9626801723
97.7321179211976,100.0,2.2678820788024012,264.5640201526005,3,1.2737273344958682,600.0
97.63140248434502,100.0,2.368597515654983,264.5640201526005,2,1.2423831827829641,626.6456808651444
95.80041748536476,100.0,4.199582514635239,264.5640201526005,3,1.3448424165167054,1111.0584330344661
97.95526241671467,100.0,2.0447375832853254,264.5640201526005,1,1.2635050558757606,540.9639951910785
98.29456954679716,100.0,1.7054304532028368,1470.552608863637,1,1.1880213936877073,2507.9252021929265
96.21925808098554,100.0,3.78074191901446,175.65974998116226,2,1.4199264867483534,664.1241802373796
90.49054869335356,100.0,9.50945130664644,258.0307734395878,2,1.3334443229388098,2453.73107564008
92.6853163395408,100.0,7.314683660459195,272.1688018909515,1,1.4222554302185861,1990.8286880784988
93.67867727859309,100.0,6.321322721406915,258.0307734395878,1,1.151771925170182,1631.0957909658662
88.16061868983508,100.0,11.839381310164924,258.0307734395878,1,1.3883302416793526,3054.9247165080556
92.3116265941917,100.0,7.688373405808306,131.87490699435384,2,1.3033661459996586,1013.9035278288338
92.594142886341,100.0,7.405857113658996,1784.58210517349,1,1.2004131414038688,13216.360078507638
96.50699061370985,100.0,3.4930093862901543,121.00650917315429,2,1.1273334390833658,422.6768723440336
98.83229465400672,100.0,1.1677053459932836,258.0307734395878,2,1.4285714285714286,301.30391357618845
98.94285887615978,100.0,1.0571411238402249,5426.710271333476,3,1.4285714285714286,5736.798594992762
96.43560211644323,100.0,3.564397883556765,258.0307734395878,2,1.009116226617936,919.7243427405818
98.46544900240464,100.0,1.5345509975953604,252.62866919935726,1,1.2209464701878314,387.671576341062
96.26028269404756,100.0,3.739717305952439,73.686491299255,2,1.218421456308891,275.56664672673776
96.6916067545556,100.0,3.3083932454444067,1391.065453880068,3,1.4285714285714286,4602.1915515878745
92.98050753811232,100.0,7.01949246188768,95.88533082349429,2,1.4285714285714286,673.0663569211246
89.2139988691083,100.0,10.786001130891705,95.88533082349429,2,1.4285714285714286,1034.2192866981347
92.89194977170388,100.0,7.108050228296122,163.13431470131135,3,1.4285714285714286,1159.5669028555876
97.84901239055613,100.0,2.150987609443874,95.88533082349429,2,1.102992324506715,206.24815852876296
95.68820992125652,100.0,4.311790078743485,95.88533082349429,1,0.9064916620650235,413.4374181417795
99.58937279902511,100.0,0.41062720097488636,139.65113441882082,2,1.2971471938880388,57.344554439368004
94.51690141110188,100.0,5.483098588898116,95.88533082349429,1,1.2095720813777464,525.7487221343306
99.70759112787792,100.0,0.2924088721220812,95.88533082349429,3,1.185026192131381,28.037721439150594
91.57642599638028,100.0,8.42357400361972,95.88533082349429,1,1.2657616961868925,807.6971800532631
97.25189660463175,100.0,2.748103395368247,95.18513468539605,1,1.286239129165293,261.57859181752076
88.88970763039737,100.0,11.110292369602632,100.3252913494879,3,1.4285714285714286,1114.6433189583763
93.34863370146898,100.0,6.651366298531016,123.04867635376166,2,1.3063451214396224,818.4418189782607
98.94153920088016,100.0,1.0584607991198425,100.3252913494879,3,1.335975889806141,106.19038805370998
92.76786388675436,100.0,7.2321361132456445,100.3252913494879,2,1.1194543763277502,725.5661626405223
90.61016134292603,100.0,9.389838657073966,100.3252913494879,3,0.9061169736179117,942.0382989956298
98.91336217805927,100.0,1.0866378219407267,67.69175841166384,2,1.3382339642270586,73.55642492378826
95.11936647833728,100.0,4.880633521662716,100.3252913494879,1,1.4285714285714286,489.6509800308892
95.36959912514598,100.0,4.630400874854018,100.3252913494879,2,1.2210370656292981,464.54631683465306
93.6008653282506,100.0,6.399134671749394,100.3252913494879,2,1.067047792415476,641.9950503278676
92.24144164730588,100.0,7.7585583526941235,75.12308584340046,3,1.2897125111711036,582.8468451504723
98.95984954594404,100.0,1.0401504540559614,89.3068728562345,2,1.4285714285714286,92.89258435173033
96.4811631689637,100.0,3.518836831036296,75.12308584340046,2,1.1855502674458862,264.3458813268589
92.7233368156073,100.0,7.276663184392703,75.12308584340046,3,0.8872633775208819,546.6453930546447
86.86951096406288,100.0,13.130489035937117,75.12308584340046,2,1.4285714285714286,986.4028550125327
95.80846397180976,100.0,4.191536028190242,66.29207368764844,2,1.4109088844761488,277.8656152452208
91.6491430540202,100.0,8.3508569459798,75.12308584340046,3,1.4018780402464086,627.3421432187974
96.45233496607176,100.0,3.54766503392824,75.12308584340046,3,1.4285714285714286,266.5115448874214
95.96876780111464,100.0,4.0312321988853625,347.8417310326587,1,1.3437305105529358,1402.2307862548755
98.32636691794116,100.0,1.673633082058842,347.8417310326587,2,1.2797306697920667,582.1594283768713
97.6145479200641,100.0,2.3854520799359022,347.8417310326587,2,1.205723560056374,829.7597807803603
98.85175307924136,100.0,1.1482469207586377,347.8417310326587,3,1.2345372842902833,399.40819656960457
97.945402833488,100.0,2.0545971665119964,347.8417310326587,1,1.416419781650157,714.6746349743285
99.14910556730293,100.0,0.8508944326970749,386.7791006633351,2,1.1084930020260315,329.1081834380133
97.31780770142532,100.0,2.6821922985746767,347.8417310326587,3,1.4285714285714286,932.9784120986812
98.02615648009362,100.0,1.9738435199063815,115.09433377604319,2,0.9101052882786423,227.17820490178502
93.63689020173275,100.0,6.363109798267246,115.09433377604319,2,1.0410110191450723,732.3578829753812
94.59887533252912,100.0,5.4011246674708815,545.1578820329444,2,1.2486518486955498,2944.4656843143166
90.14298263118629,100.0,9.857017368813715,115.09433377604319,3,1.389270243818402,1134.4868470825006
86.03484971839981,100.0,13.965150281600188,115.09433377604319,2,1.222677905336484,1607.3096677430956
91.1713128090966,100.0,8.828687190903395,116.81189748773339,2,1.4285714285714286,1031.2957030950722
87.5500571623481,100.0,12.449942837651903,115.09433377604319,2,1.071174503051275,1432.9178764493665
92.67920103724212,100.0,7.320798962757877,115.09433377604319,2,1.2011763254254597,842.5824793269659
91.0956354985374,100.0,8.904364501462595,115.09433377604319,2,1.1796176788846005,1024.8418999948863
94.86529993597192,100.0,5.134700064028081,125.33525953430994,2,1.1249330252931269,643.5589651557974
93.62450073754036,100.0,6.375499262459641,130.35271450691374,3,1.119102859492692,831.0636351984407
99.10561391418828,100.0,0.8943860858117176,102.39666424962091,2,1.3363040611033108,91.58215173839508
95.27950621937448,100.0,4.720493780625517,130.35271450691374,2,1.3299656760803196,615.32917811754
98.5115766275758,100.0,1.4884233724241938,130.35271450691374,3,1.2579934867988742,194.02002693102867
95.66727034961966,100.0,4.332729650380344,130.35271450691374,2,1.4165435925685264,564.7830711516691
97.8778953312561,100.0,2.1221046687439014,130.35271450691374,2,1.3863377433612263,276.62210403856255
97.13972454246264,100.0,2.8602754575373552,130.35271450691374,2,1.0206833038518484,372.84467012749894
91.12901535098622,100.0,8.870984649013778,133.362443528307,2,1.1970727098991538,1183.0561892945784
99.3449196764564,100.0,0.6550803235436007,65.62910323360163,3,1.2838153169849438,42.99233418014412
93.77897179331733,100.0,6.221028206682675,133.362443528307,2,1.0800932535372783,829.6515229017233
92.51507063215853,100.0,7.484929367841474,133.362443528307,3,1.051008459348057,998.2084701321253
99.98761949077266,100.0,0.012380509227341463,69.69336789052146,2,1.2399692778173594,0.8628393842531041
95.50098225462818,100.0,4.499017745371816,133.362443528307,2,0.9877526861022091,600.0
99.0000438389073,100.0,0.9999561610926975,133.362443528307,1,1.2409667340818422,133.35659706450753
98.10738596624644,100.0,1.89261403375356,133.362443528307,2,1.3096491063567366,252.40363219734047
97.9212521743028,100.0,2.0787478256972065,133.362443528307,3,1.110764875097291,277.2268895141347
95.5381388927648,100.0,4.461861107235194,100.99975521208208,2,1.147564103778757,450.6468796210641
95.53652125106478,100.0,4.463478748935216,100.99975521208208,3,1.3296271814774951,450.8102610367872
91.34641556792955,100.0,8.653584432070446,100.99975521208208,2,1.4285714285714286,874.0099093461993
98.68865428872698,100.0,1.3113457112730202,100.99975521208208,3,1.1310366261443139,132.4455958369887
96.99907183003867,100.0,3.000928169961327,223.96460395635748,3,1.3451302876227023,672.1016890868652
96.65404551951136,100.0,3.3459544804886434,223.96460395635748,2,1.317699812487408,749.3753700786389
96.74038827691844,100.0,3.259611723081562,6949.048397553173,3,1.4285714285714286,22651.19962092547
96.80721215849609,100.0,3.1927878415039146,223.96460395635748,1,1.2823364992102497,715.0714644390977
98.12058075651456,100.0,1.8794192434854438,223.96460395635748,3,1.3972654623446041,420.9233865351744
99.94343455054262,100.0,0.05656544945738062,223.96460395635748,2,1.3220160239448817,12.668658485335607
89.57778213356194,100.0,10.42221786643806,114.41058363636841,2,1.147123771906694,1192.412028884565
94.65281131024616,100.0,5.347188689753835,114.41058363636841,3,1.3824691668477154,611.7749788085245
94.27016285542771,100.0,5.729837144572286,114.41058363636841,3,1.2816564077696213,655.5540118518579
96.7695235349088,100.0,3.2304764650912006,219.11342461980328,3,1.3039130424789982,707.8407614198094
94.5609843875616,100.0,5.439015612438396,114.41058363636841,1,1.0301440563690323,622.2809506263967
93.70900382736436,100.0,6.290996172635644,114.41058363636841,2,1.2472479546419468,719.756543765404
97.58079742807487,100.0,2.419202571925126,114.41058363636841,3,1.3733522024006741,276.78237818855723
89.49295093583257,100.0,10.507049064167433,114.41058363636841,2,1.1770925494839095,1202.1176157273546
96.49739038576158,100.0,3.5026096142384233,72.1484280236234,2,1.2032364178548367,252.7077776477322
99.08962073546238,100.0,0.9103792645376245,157.8997778666377,3,1.4285714285714286,143.7486836448839
91.080560748542,100.0,8.919439251458002,157.8997778666377,3,0.9882162092712578,1408.3774765001876
99.5030745906946,100.0,0.49692540930540474,157.8997778666377,2,1.3016273550955897,78.46441174561143
90.35070839419824,100.0,9.649291605801764,254.38428114079508,1,1.1520078913169238,2454.62810865979
98.44400263179894,100.0,1.5559973682010622,64.6061518705812,1,1.244944277732692,100.52700228022248
90.82140306647368,100.0,9.178596933526322,254.38428114079508,3,1.195510895195017,2334.8907828161996
94.82716869905472,100.0,5.172831300945276,149.75815769439782,2,1.4283240030735036,774.6736856934797
94.8495724377532,100.0,5.150427562246804,26436.191935641284,2,1.4101655626398983,136157.69158617358
98.62200993942692,100.0,1.377990060573083,254.38428114079508,3,1.1528856509215477,350.5390109780444
97.05560302592576,100.0,2.9443969740742375,254.38428114079508,1,1.1089043720864067,749.0083076430071
98.54565493894872,100.0,1.454345061051285,94.04256767648833,2,1.4285714285714286,136.770343828882
88.90264610666475,100.0,11.097353893335253,94.04256767648833,1,1.4285714285714286,1043.6236545439217
87.0227468055479,100.0,12.977253194452103,94.04256767648833,2,1.4018017103272913,1220.4142117941863
91.4738237719684,100.0,8.526176228031602,106.5075815468699,2,1.12874629279149,908.1024098900594
88.62659813209459,100.0,11.373401867905415,94.04256767648833,2,1.2803607873890681,1069.5839148743937
94.02693965797964,100.0,5.973060342020361,87.9275654234165,2,1.1305687686334545,525.1966540010097
89.54166413463768,100.0,10.458335865362315,94.04256767648833,2,1.1290296426466064,983.5287584017807
99.427160339898,100.0,0.5728396601020052,54.10597908146003,2,1.273486787837302,30.994050666509764
97.94138850126544,100.0,2.058611498734564,94.04256767648833,1,1.2135730984249373,193.5971111893423
98.02497956193224,100.0,1.9750204380677587,703.6640298565984,2,1.3545691753517413,1389.7508404999035
99.58950746856505,100.0,0.41049253143495434,703.6640298565984,2,1.3457670810184257,288.8488288955564
89.37541453060199,100.0,10.624585469398014,177.93477833700763,2,1.3104359025788328,1890.4832604199278
91.98662748265048,100.0,8.013372517349524,177.93477833700763,2,1.106251423365408,1425.8576626064562
92.75885544892422,100.0,7.241144551075777,589.873561298529,2,1.084563953810036,4271.359724220507
95.08593717714126,100.0,4.914062822858739,257.8336603844625,3,1.4285714285714286,1267.0108049768733
99.24826240801804,100.0,0.7517375919819642,177.93477833700763,2,1.3800310361752535,133.7602617969067
93.364542726185,100.0,6.635457273815007,177.93477833700763,2,1.3454304734799016,1180.678619180958
98.68960892305114,100.0,1.3103910769488607,195.80145877708102,2,1.3670366373781815,256.5764844350572
94.81259697949724,100.0,5.187403020502757,220.0599301936378,2,1.4285714285714286,1141.5395465781025
99.18419223390984,100.0,0.8158077660901597,220.0599301936378,1,1.4053082507419876,179.52660005722814
94.92821640275596,100.0,5.0717835972440355,220.0599301936378,2,1.3613954026982562,1116.0963443667597
89.27607560142374,100.0,10.723924398576258,220.0599301936378,2,1.1721527315909588,2359.906054552541
97.05890213606692,100.0,2.9410978639330807,70.00864641150594,2,1.2972979784426675,205.90228041772644
96.90592703988608,100.0,3.0940729601139196,220.0599301936378,1,1.2610967958226158,680.8814796166914
98.57072095174398,100.0,1.4292790482560207,308.60382102698753,3,1.2232422914805083,441.0809756056241
97.92272089802644,100.0,2.0772791019735592,220.0599301936378,2,1.4285714285714286,457.12589417300404
99.78838646537626,100.0,0.2116135346237371,399.4000564161436,2,1.23951372417925,84.51845766714017
96.59656250599046,100.0,3.4034374940095375,238.8706899793288,2,1.08148022120891,812.981462495576
96.40051664919622,100.0,3.59948335080378,238.8706899793288,2,1.3896285768349423,859.8110715756053
93.75088259913872,100.0,6.24911740086128,238.8706899793288,2,1.309647482870837,1492.7309853055638
99.43088605874568,100.0,0.5691139412543151,100.93266891368332,2,1.3649950205168704,57.4421890067832
96.06037898893098,100.0,3.939621011069022,238.8706899793288,2,1.2948419208642616,941.0599891711182
93.22816235767566,100.0,6.771837642324343,238.8706899793288,3,1.2277441496326014,1617.5935300500068
96.91969335517508,100.0,3.0803066448249155,238.8706899793288,2,1.164302923850174,735.7949735972388
98.5060378422027,100.0,1.4939621577972986,334.52571914222005,2,1.2635072150719278,499.76876520840415
96.49559151185878,100.0,3.504408488141223,238.8706899793288,3,1.2066556615480448,837.1004735317105
98.58774365288554,100.0,1.4122563471144645,67.23751152335278,2,1.367657281655992,94.9566024130369
87.80228408413149,100.0,12.197715915868514,120.0879816032722,1,1.3305559312989377,1464.7990845067586
92.13465865137232,100.0,7.86534134862768,121.01555184880833,2,1.2482969025485515,951.8286237834291
89.4973407645517,100.0,10.502659235448306,120.0879816032722,2,0.8963429105924414,1261.243149051953
95.07892960661702,100.0,4.921070393382976,106.02130655567628,1,1.408969861172263,521.7383127589189
98.6376959694514,100.0,1.3623040305486,138.6756494018138,3,1.1750338962747335,188.91839611903552
98.47658025932662,100.0,1.5234197406733756,120.0879816032722,1,1.3676083341468868,182.94440179204602
95.83283326307128,100.0,4.167166736928721,120.0879816032722,2,1.214401161935765,500.42664244206406
95.36215210593902,100.0,4.637847894060982,91.65789871164806,2,1.2152938794944712,425.0953925138718
91.95091514379531,100.0,8.049084856204686,91.65789871164806,2,1.4285714285714286,737.7622044714694
99.06666475142572,100.0,0.9333352485742807,91.65789871164806,1,1.3082177947262519,85.54754767783228
91.6960093432694,100.0,8.303990656730605,91.65789871164806,3,1.2619173100850039,761.1263345170856
90.10929897420267,100.0,9.890701025797327,252.72946725041967,3,1.4285714285714286,2499.671600982938
99.61799432392056,100.0,0.38200567607944436,252.72946725041967,1,1.3188582193651033,96.54409100219436
98.56814060135368,100.0,1.4318593986463242,252.72946725041967,2,1.1008635707404373,361.8730629973918
95.05767684265822,100.0,4.942323157341775,252.72946725041967,1,1.140030116141894,1249.0706985343988
99.12927332274953,100.0,0.8707266772504738,252.72946725041967,3,1.300214948025989,220.05828926224035
97.92258751405606,100.0,2.0774124859439382,59.77890468229439,2,1.2802756469745609,124.18544298305092
98.9958345043352,100.0,1.0041654956647932,147.75023102065362,2,1.2512743662707808,148.36568396744235
95.24477095507277,100.0,4.755229044927233,147.75023102065362,2,1.224744515280234,702.5861899441207
99.9515465794245,100.0,0.048453420575498285,110.07354086069425,2,1.2335510928790487,5.333439569557514
96.06731540374338,100.0,3.932684596256621,147.75023102065362,3,1.2645818644793247,581.0550576282817
94.77400380224744,100.0,5.225996197752565,708.9512331656179,2,1.342602574931332,3704.976448915511
93.47191377211335,100.0,6.5280862278866465,411.0858191299854,3,1.3909237368362835,2683.6036743419586
92.20069361932782,100.0,7.799306380672178,411.0858191299854,1,1.409358795836115,3206.184252144344
85.89139584867891,100.0,14.108604151321089,411.0858191299854,2,1.3295402131513652,5799.847094326542
96.71585324174212,100.0,3.284146758257876,51.88297742734266,3,1.3371549490179309,170.39131212677395
97.80604135026528,100.0,2.193958649734725,515.0967169944138,3,1.3370293228729158,1130.100897699854
98.93008065396344,100.0,1.0699193460365564,490.79271751522276,2,1.3135007248951023,525.1086233633915
89.8110465127078,100.0,10.188953487292196,411.0858191299854,2,1.3875549783685925,4188.534290400834
98.93409383230916,100.0,1.0659061676908408,59.52478039655018,3,1.2929699720157295,63.447830555125684
96.64638154464078,100.0,3.353618455359225,411.0858191299854,2,1.313879769523951,1378.6249897707833
98.24740068729008,100.0,1.7525993127099184,411.0858191299854,2,1.2479565278863447,720.4687240720062
97.21337708751513,100.0,2.786622912484873,411.0858191299854,3,1.1621315541743216,1145.5411625852296
94.4564242603266,100.0,5.5435757396734004,133.5010290471761,2,1.4285714285714286,740.0730658473594
87.2287560290796,100.0,12.771243970920395,133.5010290471761,3,1.1956099640081443,1704.9742123304163
96.96130151683528,100.0,3.0386984831647226,58.0967343785793,1,1.3462597857847187,176.5384586330127
93.84091306048036,100.0,6.159086939519639,133.5010290471761,3,1.4285714285714286,822.2444444168943
90.4535177110298,100.0,9.546482288970196,133.5010290471761,3,1.3642283372213309,1274.4652093581624
97.01048063525492,100.0,2.989519364745078,91.50577896105858,2,1.4285714285714286,273.55829819016736
89.2034815898473,100.0,10.7965184101527,133.5010290471761,1,1.1507698638059012,1441.346317882167
97.9352155944778,100.0,2.0647844055222038,133.5010290471761,3,1.3257928297985202,275.650842897776
99.57417507633878,100.0,0.4258249236612244,133.5010290471761,2,0.9551975671213516,56.848065502708664
97.93005093906986,100.0,2.069949060930142,133.5010290471761,2,1.099106526725093,276.3403297094098
93.244498514079,100.0,6.755501485921002,187.04272010706023,2,1.1220962318065217,1263.5673736139515
96.9737183648788,100.0,3.026281635121194,152.06195068065645,2,1.3501724881658226,460.18228874557536
97.23846234845304,100.0,2.761537651546959,187.04272010706023,2,1.4285714285714286,516.5255140234063
96.9478689865413,100.0,3.0521310134587054,187.04272010706023,2,1.3112618666250917,570.8788868804347
98.85985907396874,100.0,1.1401409260312647,187.04272010706023,2,1.3986942396015911,213.2550601102703
98.26909007722308,100.0,1.7309099227769167,187.04272010706023,1,1.308492726156501,323.75410021649606
89.76084780877025,100.0,10.23915219122975,320.4445510530872,2,1.2503843621879231,3281.080527082851
99.07427765646534,100.0,0.9257223435346589,64.42309759261133,2,1.4285714285714286,59.6379008811942
99.34909672103404,100.0,0.6509032789659557,320.4445510530872,2,1.4285714285714286,208.57840900722803
99.69542120301534,100.0,0.3045787969846572,320.4445510530872,1,1.1561551547963227,97.60061586003786
95.27293182380342,100.0,4.727068176196582,320.4445510530872,2,1.3514228841386984,1514.7632395186492
97.01185908576278,100.0,2.9881409142372206,320.4445510530872,2,1.3267375375536707,957.5334737461077
98.69947411117278,100.0,1.3005258888272238,119.1460258430988,2,1.3915640848419553,154.95249115982745
93.47334083404668,100.0,6.526659165953319,265.55652158673905,3,1.2966315212484827,1733.1969056927708
95.28082951084151,100.0,4.719170489158486,278.4319688922705,3,1.1982443595963572,1313.9679308346965
92.16684649909897,100.0,7.833153500901034,265.55652158673905,3,1.3743582524865459,2080.144996754266
93.61292135398136,100.0,6.387078646018637,369.73323654614325,3,1.2730046104372932,2361.515259867229
92.0867049882152,100.0,7.913295011784797,265.55652158673905,2,1.1989113733531311,2101.427097619264
98.69332563398854,100.0,1.306674366011464,78.563879475661,3,1.2358136860855946,102.6574074052604
97.7683903299766,100.0,2.2316096700234027,265.55652158673905,3,1.305036490612465,592.6185015107453
96.60026195617532,100.0,3.3997380438246836,265.55652158673905,3,1.4285714285714286,902.8226092241875
98.49124593548842,100.0,1.508754064511578,265.55652158673905,2,1.0680434037647137,400.65948130154914
93.7401479172341,100.0,6.259852082765903,196.9962284413259,3,1.2780433030791083,1233.1672509054615
97.84163581741532,100.0,2.158364182584677,196.9962284413259,2,1.2735541485291508,425.18960357202667
96.95425641014896,100.0,3.0457435898510425,196.9962284413259,3,1.1151016152497075,600.0
87.48975810542142,100.0,12.510241894578584,84.83306861115472,3,1.333543608424586,1061.2822089849271
94.54879800783554,100.0,5.4512019921644566,84.99739458829315,2,1.4285714285714286,463.337966708492
96.25599602558714,100.0,3.7440039744128626,282.92408201807484,3,1.150017695227254,1059.2688875327829
91.46124927540068,100.0,8.538750724599325,84.83306861115472,3,1.1946960608635264,724.3684260734816
99.44259369018052,100.0,0.5574063098194841,84.83306861115472,2,1.211032410760655,47.28648772520686
93.30395356208544,100.0,6.696046437914561,84.83306861115472,2,1.354458446145278,568.046166891084
97.7812450379488,100.0,2.218754962051193,84.83306861115472,3,1.2461578748733566,188.22379192702883
97.0378673543742,100.0,2.9621326456258004,84.83306861115472,3,1.306288166447606,251.28680196171476
96.77780013021022,100.0,3.222199869789776,84.83306861115472,3,1.2836997854873464,273.34910263272985
98.4810160283704,100.0,1.518983971629595,440.7409758489149,1,1.4285714285714286,669.4784779548881
96.13065271230272,100.0,3.8693472876972805,440.7409758489149,1,1.1716133578867989,1705.3798994780516
96.2843837501126,100.0,3.715616249887404,440.7409758489149,2,1.277978797809478,1637.62433185546
98.81549395209282,100.0,1.1845060479071776,185.65083061858348,3,1.118815979487618,219.90453166670318
98.83800311567312,100.0,1.1619968843268822,23251.17750100081,3,1.2461060900107424,27017.795813094242
99.42237826226344,100.0,0.577621737736564,440.7409758489149,1,1.2506190130966135,254.58156836155922
97.20292153033294,100.0,2.7970784696670563,440.7409758489149,3,1.3305662400981748,1232.787094247048
99.07850164501158,100.0,0.9214983549884153,315.50816210783654,3,1.4089543687339605,290.74025236778965
96.89968642792888,100.0,3.1003135720711157,78.76714157921519,3,1.2594140388511283,244.20283807128794
96.21191530340704,100.0,3.7880846965929607,78.76714157921519,1,1.4285714285714286,298.37660361059613
93.69345539214127,100.0,6.306544607858726,78.76714157921519,3,1.2919961757377252,496.7484920028444
97.3823656775696,100.0,2.617634322430405,78.76714157921519,3,1.1117832239196348,206.18357327748873
92.3423849006052,100.0,7.657615099394803,78.76714157921519,3,1.3669799260676891,603.1684526931665
99.93457866614736,100.0,0.06542133385264037,347.6182530354663,2,1.4285714285714286,22.74164978510486
96.05946215819792,100.0,3.940537841802083,347.6182530354663,2,1.2938190477096985,1369.8028805873869
98.9547059718645,100.0,1.0452940281355012,347.6182530354663,2,1.1974372035757495,363.3632839688685
99.86664564950595,100.0,0.1333543504940451,347.6182530354663,3,1.294292668707476,46.356406353419224
95.03687183743467,100.0,4.963128162565326,101.87934549841927,1,0.9998146687897113,505.64024882692763
92.85919618368015,100.0,7.1408038163198455,101.87934549841927,3,1.341201158541351,727.5004191392804
95.21869600890226,100.0,4.781303991097744,96.3199315158975,3,1.4285714285714286,460.53487297922203
88.32623470930815,100.0,11.673765290691847,96.3199315158975,3,1.3990181207890846,1124.4162733321
94.70001226942657,100.0,5.299987730573434,87.75318462946215,2,1.3317125690956997,465.0908018548947
96.362327015406,100.0,3.637672984594005,96.3199315158975,3,1.212653838869707,350.380412753325
93.7707596905738,100.0,6.229240309426203,96.3199315158975,3,1.3201783460765133,600.0
99.23699155385827,100.0,0.7630084461417255,96.3199315158975,2,1.2522618381929103,73.49292127842236
95.73286228081672,100.0,4.267137719183282,114.11872527720654,2,1.221180783336813,486.96031709548265
90.03870846817048,100.0,9.961291531829517,173.50941370622246,3,1.0900301409267175,1728.377853444498
91.86841393791713,100.0,8.131586062082874,285.8112032541854,2,1.2451198140691722,2324.0983967688694
95.0173039755459,100.0,4.9826960244541,173.50941370622246,3,1.1639910786046215,864.5446658793563
97.45076720819064,100.0,2.5492327918093594,232.9001021352384,2,1.3494138938697797,593.7165775788988
87.61564100733763,100.0,12.38435899266237,173.50941370622246,2,1.2838279118821505,2148.802867944232
94.95744814059891,100.0,5.042551859401087,173.50941370622246,2,1.2566857812009136,874.9302167079045
97.31424491802876,100.0,2.6857550819712372,254.5828328288518,3,1.4285714285714286,683.7471370527227
97.3355377087693,100.0,2.6644622912307057,25595.690546495105,3,1.2976278158712449,68198.75227914646
91.47084101044108,100.0,8.529158989558923,173.50941370622246,3,1.0738247335615767,1479.8893756855255
93.39057829952591,100.0,6.609421700474087,122.74380556382252,2,1.3471854734946778,811.2655720923005
89.00753735356456,100.0,10.992462646435442,122.74380556382252,3,1.4285714285714286,1349.2566977416539
97.33997198413104,100.0,2.66002801586896,122.74380556382252,3,1.3299018236241016,326.50196157414024
99.7954460308118,100.0,0.20455396918819702,122.74380556382252,3,1.1568247831218679,25.107732621344198
91.99784662932444,100.0,8.002153370675558,122.74380556382252,1,1.0301026386491738,982.2147574220876
99.32422194286336,100.0,0.6757780571366396,74.00490597815846,1,1.2909231339027354,50.01089158049961
99.65636262677376,100.0,0.3436373732262439,1672.0305028504538,2,1.3222603684185539,574.5721699536856
97.94442477177202,100.0,2.05557522822798,122.74380556382252,3,1.4285714285714286,252.30912613542526
94.76739636416733,100.0,5.232603635832675,122.74380556382252,2,1.0641183244457022,642.2696832691965
99.85319072189932,100.0,0.146809278100676,116.2497375603571,1,1.4076720461244994,17.06654005062907
95.55665895140694,100.0,4.443341048593055,122.74380556382252,2,1.4285714285714286,545.3925897222572
86.35857384025002,100.0,13.641426159749983,111.10337497187993,2,1.2953150953419037,1515.6084857779144
96.47643225381354,100.0,3.5235677461864583,55.86633973322948,2,1.3458278940591766,196.84883278150238
98.63266057013432,100.0,1.3673394298656802,111.10337497187993,2,1.4285714285714286,151.9160253902032
93.70671345738192,100.0,6.293286542618077,111.10337497187993,3,1.2297255980495172,699.205374549982
91.19631878844682,100.0,8.803681211553183,111.10337497187993,2,1.4285714285714286,978.1186947800875
99.78205358475078,100.0,0.21794641524921587,111.10337497187993,3,1.4285714285714286,24.214582297210683
94.05402032355288,100.0,5.9459796764471236,111.10337497187993,1,1.3556499814036855,660.6184095674821
97.45533729391416,100.0,2.5446627060858447,154.0534416194407,3,1.2475823460065814,392.0140476331636
96.63858148623372,100.0,3.3614185137662815,111.10337497187993,3,1.1976691553834955,373.46494157239454
90.93711587378804,100.0,9.062884126211955,78.09811326343369,3,1.198833247282865,707.7941509822765
98.72783018700416,100.0,1.2721698129958412,60.48295722201004,1,1.1219177155598847,76.94459237855997
90.4175653560857,100.0,9.582434643914297,78.09811326343369,3,1.2601873926941507,748.3700661598697
99.35289636583548,100.0,0.6471036341645231,78.09811326343369,2,1.201235769411856,50.537572914160485
88.63265100990589,100.0,11.367348990094115,106.95470640555564,2,1.4076291766031386,1215.7914738450054
99.52638744892464,100.0,0.4736125510753624,55.07752123054344,2,1.4285714285714286,26.08540533690511
94.1824054906958,100.0,5.8175945093042,106.95470640555564,2,1.2672329320610995,622.2191127292033
99.21406113568442,100.0,0.7859388643155825,106.95470640555564,3,1.4255794364699454,84.05986048558896
99.71582966378467,100.0,0.2841703362153254,1112.5022919730998,2,1.1221247236238252,316.1401503503159
99.46067526842047,100.0,0.5393247315795264,1112.5022919730998,2,1.3247038906104243,600.0
99.85683821745404,100.0,0.14316178254595968,1112.5022919730998,3,1.292672330688891,159.26781120533465
97.78563812452369,100.0,2.214361875476314,1112.5022919730998,3,1.3588143868305793,2463.482661725251
99.60118905620328,100.0,0.3988109437967182,1112.5022919730998,3,1.4285714285714286,443.6780890378041
93.39774072746376,100.0,6.602259272536244,1112.5022919730998,2,1.4021563914942594,7345.028572897222
96.8909403138495,100.0,3.109059686150502,170.21382835026472,3,1.258173408004128,529.2049517491495
99.98569881721306,100.0,0.014301182786937261,170.21382835026472,2,1.254215934945352,2.4342590721014994
98.6522890455556,100.0,1.3477109544443948,170.21382835026472,2,1.1880511699933876,229.39904106556966
96.01915680341372,100.0,3.980843196586278,170.21382835026472,2,1.4285714285714286,677.5945605530559
90.69931974790194,100.0,9.300680252098061,170.21382835026472,2,1.3468707893598155,1583.1043919713163
94.25144109632969,100.0,5.748558903670315,170.21382835026472,3,1.23704899681203,978.4842184907249
98.04667117643788,100.0,1.9533288235621171,170.21382835026472,3,1.2714929253941591,332.4835770854267
96.05893980325132,100.0,3.94106019674868,170.21382835026472,2,1.2578324148637225,670.8229438474403
98.32891463940184,100.0,1.6710853605981555,247.33483130183495,2,1.336771055139763,413.3176157545108
95.13236152178924,100.0,4.867638478210765,79.8683599759693,2,1.3709763607650494,388.77030221061676
91.80336555109324,100.0,8.196634448906764,101.63019962341943,3,1.4285714285714286,833.0255952825909
97.0808525904771,100.0,2.919147409522907,99.25818267194407,3,1.2472232681047146,289.749266820757
95.6655846076745,100.0,4.334415392325496,101.63019962341943,2,1.3714594275060368,440.50750157286205
92.61328738118831,100.0,7.386712618811686,101.63019962341943,1,1.1965297791731684,750.7130780106629
86.24956594216735,100.0,13.75043405783265,101.63019962341943,2,1.1264638888420426,1397.4593582061973
92.01264714122374,100.0,7.987352858776262,104.00221657489479,1,1.4270790928642065,830.7024018785538
98.35376158189932,100.0,1.6462384181006797,101.63019962341943,2,1.1364687956527322,167.3075390593143
91.25845987181182,100.0,8.741540128188177,101.63019962341943,2,1.0113993887354717,888.4044682438958
98.41111764811666,100.0,1.588882351883342,66.10353545225415,2,1.1257523021281142,105.03074087718144
88.81792637677768,100.0,11.182073623222323,101.63019962341943,3,1.3284777836375812,1136.4363745318576
86.71739717630149,100.0,13.282602823698511,212.8164251047331,3,1.4285714285714286,2826.7560490255505
98.84393167789332,100.0,1.1560683221066768,212.8164251047331,1,1.4285714285714286,246.03032748757005
86.12989837873302,100.0,13.870101621266983,212.8164251047331,2,1.4211282791832172,2951.785442877402
99.45849573767478,100.0,0.5415042623252191,45.01598959304429,1,1.4285714285714286,24.376350237421185
98.62475983150304,100.0,1.3752401684969584,212.8164251047331,1,1.1987567586571026,292.6736963199535
98.25672727036547,100.0,1.7432727296345263,212.8164251047331,2,1.2410148939331174,370.9970703033898
96.91404991670444,100.0,3.0859500832955575,269.588557251078,3,1.2025543416233115,831.9368307044933
96.04053283711674,100.0,3.959467162883257,269.588557251078,2,1.3271377954240686,1067.4270399247164
95.6119315569406,100.0,4.388068443059396,269.588557251078,3,1.285312281646602,1182.9730406833667
96.74421387333189,100.0,3.255786126668113,512.98213831693,3,1.3829538186686832,1670.1601291608038
99.37028707727224,100.0,0.6297129227277622,193.16416053433016,3,1.2077695855734205,121.63796809632771
96.19374220178943,100.0,3.8062577982105665,269.588557251078,2,1.3503664264479702,1026.1235483452513
98.25667840104816,100.0,1.7433215989518374,271.369488868766,3,1.3328998618136099,473.0842912414399
97.01185636832358,100.0,2.9881436316764223,269.588557251078,2,0.9808168085645728,805.5693305226432
96.65600850374054,100.0,3.343991496259463,269.588557251078,2,1.4285714285714286,901.5018429364621
97.91074540982788,100.0,2.089254590172118,339.4678676768333,2,1.4285714285714286,709.2348007597651
95.99372242493432,100.0,4.006277575065681,339.4678676768333,3,1.2495209855876872,1360.002505729061
98.70501044576362,100.0,1.2949895542363805,339.4678676768333,3,1.286029367820252,439.60734264039695
98.80435036055172,100.0,1.195649639448277,339.4678676768333,3,1.2768318098540277,405.8846335920811
94.80091469699089,100.0,5.199085303009113,101.35526963869809,3,1.386225406202891,526.954692761081
96.93072312458028,100.0,3.0692768754197175,101.35526963869809,2,1.3407459051817738,311.08738530398625
93.6695669009994,100.0,6.330433099000601,101.35526963869809,2,1.1074103013147842,641.6227536789451
91.0388176477859,100.0,8.961182352214095,101.35526963869809,1,1.4285714285714286,908.2630535902024
99.6018818078998,100.0,0.39811819210019905,101.35526963869809,2,1.1097379827566403,40.35137670838668
94.86025169387052,100.0,5.139748306129476,101.35526963869809,2,1.318676137973221,520.9405754427949
97.92447563034264,100.0,2.0755243696573586,101.35526963869809,3,1.1366254769168744,210.36533212831048
95.40630972473195,100.0,4.593690275268045,144.8042700069939,2,1.3755532273191837,665.1859669484162
99.2414447983143,100.0,0.7585552016856951,138.94305998112617,2,1.1590830035251312,105.39598088681079
98.6029985717782,100.0,1.3970014282217988,138.94305998112617,3,1.4285714285714286,194.1036532351403
93.7014689923028,100.0,6.298531007697207,138.94305998112617,3,1.380958821629868,875.137171595456
92.30562688652653,100.0,7.694373113473475,138.94305998112617,1,1.1798078150538676,1069.0797450225095
94.79270061775388,100.0,5.20729938224612,201.7129231748099,2,1.1944640773265505,1050.3795802392467
99.30120422062473,100.0,0.6987957793752742,133.08184995525843,3,1.4285714285714286,92.99703506018811
92.35407866021252,100.0,7.645921339787478,138.94305998112617,2,1.0610512978220825,1062.347707325064
99.2883957328307,100.0,0.7116042671693066,138.94305998112617,3,1.2296215556911925,98.8724743761303
92.7049842414547,100.0,7.295015758545304,138.94305998112617,3,1.3065325687259686,1013.5918121028208
97.876868526399,100.0,2.1231314736010063,116.01187631878004,1,1.4285714285714286,246.30846592390915
97.98104264689776,100.0,2.0189573531022376,169.66726349511003,1,1.2050827760086018,342.55096921418726
95.77885847823129,100.0,4.221141521768715,169.66726349511003,3,1.0513722758965336,716.1895308240822
99.31519181466948,100.0,0.6848081853305246,169.66726349511003,1,1.4285714285714286,116.18953082408225
95.27687841485448,100.0,4.72312158514552,169.66726349511003,3,1.3621203618163944,801.3591145063268
94.1297494772642,100.0,5.870250522735802,169.66726349511003,3,1.1542983886956903,995.9893422233226
98.40041170148432,100.0,1.599588298515684,93.89290943016287,2,0.9547259557750417,150.18999923808144
94.98510309902244,100.0,5.014896900977561,96.4048520353126,3,1.4285714285714286,483.4603937110895
85.73407891333655,100.0,14.265921086663454,96.4048520353126,1,1.1217224900279197,1375.3040115072363
96.73911669272344,100.0,3.2608833072765577,45.45056753864594,2,1.1909171734699389,148.20899699301634
91.78513760404766,100.0,8.214862395952338,96.4048520353126,2,1.230568860382643,791.9525937722386
99.18492143962264,100.0,0.8150785603773585,96.4048520353126,1,1.2389789759329763,78.57752801033486
93.17735835405271,100.0,6.822641645947286,96.4048520353126,2,1.2713916740015754,657.7357583675097
97.45776751535658,100.0,2.5422324846434208,96.4048520353126,3,1.4285714285714286,245.0835465214141
95.72972798279352,100.0,4.27027201720648,96.4048520353126,1,1.161126116374929,411.6749419693266
96.74878717021448,100.0,3.2512128297855156,179.48326942740093,2,1.4285714285714286,583.5383082942163
98.3406344141387,100.0,1.6593655858612948,344.2445558808582,2,1.3047255893210987,571.2275691488014
98.03270587040323,100.0,1.967294129596766,179.48326942740093,3,1.224764730847464,353.0963823053606
96.82687316379592,100.0,3.1731268362040765,179.48326942740093,1,1.2346925726210292,569.5231788697325
96.37126030413408,100.0,3.6287396958659173,179.48326942740093,1,1.1410615951389964,651.2980645150074
93.58776182519796,100.0,6.412238174802042,179.48326942740093,2,1.2545050284054169,1150.8894719606603
97.61015637409216,100.0,2.3898436259078437,100.91007966525794,3,1.2007254365592341,241.1593106778694
90.4890483348148,100.0,9.510951665185203,149.18498748504678,2,1.3105092953495336,1418.8912051415393
97.8209856155205,100.0,2.179014384479501,61.800008066839055,1,1.0788423406980248,134.6631065385915
95.816687836543,100.0,4.183312163457003,149.18498748504678,2,1.2037990262642695,624.087372751377
95.89523823754652,100.0,4.104761762453478,6181.602163322376,3,1.156112687555316,25374.00419070539
92.14126513197915,100.0,7.858734868020846,149.18498748504678,2,1.4285714285714286,1172.4052629339908
97.40878836638952,100.0,2.5912116336104845,149.18498748504678,1,1.3543581456668843,386.56987513128774
98.04292627777708,100.0,1.9570737222229155,149.18498748504678,2,1.182866982886322,291.9660187571396
93.1072211973761,100.0,6.892778802623894,78.03630335774018,2,1.225835738331537,537.8869776193593
96.89669756019023,100.0,3.1033024398097666,134.31867680282042,2,1.2118986924494244,416.8314774342121
96.15068404220176,100.0,3.8493159577982397,78.03630335774018,2,1.212531249018785,300.38638780253365
92.31127085493232,100.0,7.688729145067683,78.03630335774018,3,1.405179001538968,600.0
99.87358703943008,100.0,0.12641296056992246,2626.861389532096,2,1.2731103890603948,332.0693252575726
97.29282730079686,100.0,2.7071726992031415,2626.861389532096,2,1.0982731588040378,7111.3674383321195
95.07359954284854,100.0,4.926400457151459,2626.861389532096,2,1.346084945023614,12940.971150264435
86.6762133391855,100.0,13.323786660814505,159.43364644163046,2,1.2836457114126092,2124.259891744012
87.53147934273748,100.0,12.468520657262516,661.9590349437789,2,1.347978710313089,8253.649901458066
87.4924022015679,100.0,12.507597798432101,159.43364644163046,2,1.2178998631748725,1994.1319252293392
93.58131161833762,100.0,6.418688381662378,87.29762961604395,2,1.2655889500733466,560.3362809631668
89.67898405096778,100.0,10.321015949032216,159.43364644163046,2,1.2046034733507784,1645.5172077364314
94.863807570719,100.0,5.136192429280996,85.64268719192333,2,1.057243378208049,439.87732157843715
96.29617101529352,100.0,3.703828984706476,372.45713025513965,2,1.2702237572585535,1379.5175145995815
90.80158448277548,100.0,9.198415517224518,159.43364644163046,3,1.3391701197473367,1466.536927396381
94.29380873555408,100.0,5.70619126444592,171.81027235653846,3,1.4285714285714286,980.3822752629541
88.21094540826995,100.0,11.78905459173005,159.43364644163046,2,1.4000168058944167,1879.5719616589688
94.20766362719932,100.0,5.792336372800676,93.15937918936058,3,1.330120348688068,539.6104605460637
96.09488983830252,100.0,3.905110161697479,262.7539899248234,2,1.180657659185886,1026.0832760819849
93.71720996078818,100.0,6.282790039211818,159.43364644163046,1,1.4285714285714286,1001.6881257786946
98.20889477626277,100.0,1.7911052237372331,129.44871445097309,3,1.3481501675514982,231.85626865920736
93.1249272644962,100.0,6.875072735503807,129.44871445097309,2,1.0482109661662067,889.9693273679027
97.1680750204968,100.0,2.8319249795031993,132.0601356702127,3,1.2712824790289434,373.98439700105683
90.5153249941068,100.0,9.484675005893195,129.44871445097309,1,1.4285714285714286,1227.7789864981496
96.42126033996236,100.0,3.578739660037641,129.44871445097309,2,1.3340311759766112,463.2632483465851
98.90940417252985,100.0,1.0905958274701533,129.44871445097309,2,1.128799642879298,141.17622785160657
98.39191717695952,100.0,1.6080828230404762,129.44871445097309,2,1.2901489212252824,208.16425417328128
96.43804451035564,100.0,3.5619554896443617,189.8967951142007,2,1.2345721867216455,676.4039318228978
94.66523230985004,100.0,5.33476769014996,189.8967951142007,1,1.4285714285714286,1013.0552870382646
93.59383211495668,100.0,6.406167885043317,189.8967951142007,1,1.145368568616918,1216.510750333243
98.52608293961602,100.0,1.4739170603839824,112.03823110775639,1,1.3157158518442966,165.13506024496556
95.5928150021842,100.0,4.407184997815804,189.8967951142007,2,1.0881289225229256,836.9103065606068
95.68783053200896,100.0,4.3121694679910405,5513.801205759894,2,1.247373197413565,23776.445212050003
95.63741255932958,100.0,4.362587440670424,189.8967951142007,2,1.1334990873675557,828.4413733887767
99.1506995369656,100.0,0.8493004630343961,189.8967951142007,3,1.3679988615799754,161.2794360192385
99.49050911136912,100.0,0.5094908886308787,271.9892715618532,3,1.3367460862954659,138.57605566611394
99.08219491152454,100.0,0.9178050884754612,271.9892715618532,2,1.3364602927943967,249.6331374502029
88.69498584349192,100.0,11.30501415650808,271.9892715618532,2,1.2286319714002574,3074.8425654250705
97.938916927552,100.0,2.0610830724479996,52.22608508642034,1,1.14946269364078,107.64229991184989
90.10356359312388,100.0,9.89643640687612,77.47614664703909,2,1.4285714285714286,766.7377583422309
99.132569791579,100.0,0.8674302084209984,77.47614664703909,2,1.3838257269407044,67.20515003369695
95.3844737056732,100.0,4.6155262943267985,77.47614664703909,2,1.2410779093997564,357.59319203252795
90.6264537357344,100.0,9.373546264265599,77.47614664703909,3,1.4118984445876654,726.226244973047
98.12966801621462,100.0,1.870331983785377,77.47614664703909,1,1.068991889482452,144.9061150544034
98.54659701373998,100.0,1.4534029862600164,77.47614664703909,2,1.1620115512057574,112.60406290072557
92.77996341790912,100.0,7.220036582090884,77.47614664703909,1,1.2561159244920248,559.3806130310602
99.33667401405276,100.0,0.6633259859472389,72.4237617674357,2,1.2035991320834145,48.04056318039223
99.07663999830176,100.0,0.9233600016982422,462.02401813552785,3,1.385428474037724,426.61449817024965
99.22181965875292,100.0,0.7781803412470794,4132.810327117653,1,1.4285714285714286,3216.071750665869
94.33220354383398,100.0,5.667796456166016,462.02401813552785,3,1.4089716027238481,2618.658092652128
96.16401497527644,100.0,3.8359850247235556,462.02401813552785,2,1.0472068786075002,1772.3172146304894
98.32322396947598,100.0,1.6767760305240245,462.02401813552785,3,1.2649385396994652,774.7107991360502
92.7679437313251,100.0,7.232056268674896,129.35409664393794,3,1.2300793521824007,935.4961055125697
99.74394628676632,100.0,0.2560537132336833,129.35409664393794,2,1.4285714285714286,33.12159676766904
96.90534966641472,100.0,3.094650333585278,129.35409664393794,1,1.1386723844027515,400.30569832978483
95.07636468185068,100.0,4.923635318149323,129.35409664393794,3,1.3865787738883077,636.8923987833937
97.71491165562716,100.0,2.285088344372838,197.98676007840268,2,1.2438032539349533,452.41723779529946
94.22893652864737,100.0,5.771063471352633,129.35409664393794,3,1.264633603522638,746.5107020116485
97.71064714777896,100.0,2.289352852221043,129.35409664393794,2,1.2249594948511855,296.13717009827576
94.17966554081453,100.0,5.820334459185474,129.35409664393794,2,1.2542172586716887,752.88410613352
95.76733974086424,100.0,4.232660259135756,356.9811792187939,3,1.349451924164295,1510.9800505388077
99.74464995826962,100.0,0.2553500417303809,197.16025211290417,2,1.189172593011268,50.3448786046025
93.45608906950184,100.0,6.543910930498157,197.16025211290417,2,1.3752805627608269,1290.199128861406
99.92358515929688,100.0,0.07641484070312288,91.32174370726985,2,1.4062452865238857,6.978336498122439
99.59301932106214,100.0,0.40698067893785606,197.16025211290417,2,1.4285714285714286,80.24041326446861
98.53126329474156,100.0,1.4687367052584364,197.16025211290417,3,1.3158436726975224,289.57649909622955
93.84521411025662,100.0,6.15478588974338,197.16025211290417,2,1.3642394008211347,1213.47913772275
97.1649249138432,100.0,2.835075086156806,123.34632839428276,3,0.9749384260791378,349.69610259954686
99.6827702085964,100.0,0.3172297914036051,198.8379873805601,1,1.1920078355817607,63.077333259847734
98.97654710049926,100.0,1.0234528995007395,197.16025211290417,2,1.4285714285714286,201.78423169124858
96.76462136263235,100.0,3.2353786373676456,197.16025211290417,3,1.3734953760352646,637.8880678241094
95.80240268793897,100.0,4.197597312061035,197.16025211290417,1,1.084119488380142,827.5993443144025
97.1112454435437,100.0,2.8887545564563055,312.36221781698606,2,0.9734119664628302,902.3377799836154
98.965723621915,100.0,1.0342763780849964,197.16025211290417,3,1.2660634585577217,203.91819145765928
98.73639416558636,100.0,1.2636058344136387,97.32562844226021,2,1.087792334552916,122.98123193761398
85.82383370467095,100.0,14.176166295329054,97.32562844226021,3,1.3111005345092297,1379.704293594888
97.03332774571264,100.0,2.96667225428736,46.55426014693959,1,1.2424992897672005,138.11123189680148
94.3544078830574,100.0,5.645592116942595,97.32562844226021,1,1.262338708831527,549.4608007101083
93.92893705399852,100.0,6.071062946001476,97.32562844226021,2,1.3257679282452284,590.8700165321133
95.08395811036009,100.0,4.916041889639914,97.32562844226021,3,1.0289143068687796,478.456866357681
96.04160563729,100.0,3.9583943627099956,269.1166322223257,2,1.267839125481355,1065.2697599003532
99.8015831428972,100.0,0.19841685710279933,269.1166322223257,2,0.9794900133337688,53.3972763596438
97.48997666337854,100.0,2.510023336621458,269.1166322223257,2,1.4285714285714286,675.4890271510117
99.78911780578896,100.0,0.21088219421103815,269.1166322223257,1,1.3452169133393341,56.75190590172901
98.25621009511872,100.0,1.7437899048812824,269.1166322223257,3,1.3034614412885117,469.28286650494033
99.85517129610956,100.0,0.14482870389043967,269.1166322223257,2,1.353795615377641,38.97581304011956
99.08910925727656,100.0,0.9108907427234385,723.900204885223,2,1.4285714285714286,659.3939952855501
95.58499497119293,100.0,4.415005028807073,438.06748125179314,2,1.1723671470223682,1934.0701326835149
94.11079056651948,100.0,5.8892094334805165,438.06748125179314,3,1.1432097206178617,2579.8711430891094
95.38494350545388,100.0,4.615056494546124,438.06748125179314,3,1.3289642111632358,2021.7061744005505
95.92417094498975,100.0,4.075829055010246,916.219651361649,3,1.1763113729909453,3734.3546757911668
93.36225606300042,100.0,6.637743936999584,438.06748125179314,2,1.4285714285714286,2907.779767675769
99.61489043461712,100.0,0.38510956538287644,438.06748125179314,2,1.283882373801973,168.70397731324942
92.65908069553178,100.0,7.3409193044682155,438.06748125179314,3,1.2445416052903162,3215.8180297810563
89.8067485260392,100.0,10.1932514739608,321.6745678529327,3,1.4285714285714286,3278.909762902609
91.2127967371012,100.0,8.7872032628988,358.9112388034621,3,1.201539298213462,3153.826008704832
95.18236743862887,100.0,4.817632561371127,131.8565274906729,2,1.2462233531717934,635.2363002683929
96.5266833925388,100.0,3.4733166074612,414.55164284166676,2,1.3268771123610061,1439.869105732285
87.47332733367483,100.0,12.526672666325169,321.6745678529327,1,1.2470109401767178,4029.512016575293
87.90333998054558,100.0,12.096660019454418,1344.0416385616184,2,1.3760831011961474,16258.414753670335
97.14574111142385,100.0,2.8542588885761546,62.621202981438415,3,1.3780244696490562,178.7371252231022
91.09392641258457,100.0,8.906073587415435,321.6745678529327,2,1.1521903218561573,2864.857372498278
93.60075247019115,100.0,6.3992475298088465,163.66874610135469,2,0.9768787560539823,1047.3568191960053
98.69429220968684,100.0,1.3057077903131642,117.74246455487827,2,1.4279188624677006,153.73725321997617
98.22329463556278,100.0,1.7767053644372197,321.6745678529327,3,1.0715509982414195,571.5209303073299
98.39135341544862,100.0,1.60864658455138,3286.550409569418,2,1.315080123489389,5286.898091309784
98.6551918577707,100.0,1.3448081422292972,321.6745678529327,3,1.4285714285714286,432.59057799671444
91.01785826519198,100.0,8.982141734808025,134.59076645464373,3,1.3521506766176672,1208.9133404920553
86.93990785558802,100.0,13.060092144411982,134.59076645464373,1,1.0491348626895711,1757.7678116846803
99.90250856341612,100.0,0.09749143658387993,40.02808976511182,1,1.2354003445767747,3.9023959749092527
97.51922947975883,100.0,2.4807705202411654,134.59076645464373,3,1.4285714285714286,333.8888057173437
99.32225990301248,100.0,0.6777400969875202,243.93754204542623,2,1.0472066897181398,165.32625340476446
93.6875133764688,100.0,6.3124866235312,134.59076645464373,1,1.1970189641017428,849.6024128957503
95.5064415528848,100.0,4.4935584471152055,289.8247556259741,3,1.2551676529308673,1302.344478826196
94.56889715648218,100.0,5.43110284351782,134.59076645464373,3,1.4285714285714286,730.9762944030584
92.10284686184296,100.0,7.897153138157037,134.59076645464373,3,1.0810845144498036,1062.8838936742507
99.65395766819788,100.0,0.3460423318021242,134.59076645464373,3,1.2585912185746362,46.574102663000026
91.90069722171866,100.0,8.099302778281341,167.47926081059887,2,1.4285714285714286,1356.4652423877887
94.01443795680392,100.0,5.985562043196083,275.8938782292208,3,1.3884955451756091,1651.379925478986
93.96477770768198,100.0,6.035222292318025,167.47926081059887,3,1.0251476483896236,1010.7745683450709
83.89324693935512,100.0,16.106753060644877,167.47926081059887,3,1.3953987522801075,2697.547096655655
94.13073775302836,100.0,5.869262246971644,57.46647869651833,1,1.4007441613089404,337.28583387987527
91.84791063170346,100.0,8.152089368296544,167.47926081059887,2,1.0406512228318439,1365.305901464247
98.02510573333028,100.0,1.9748942666697218,72.28263714256146,2,1.0631046478326183,142.7505656726125
89.75408369754511,100.0,10.245916302454887,167.47926081059887,2,1.4091134604625846,1715.9784886624088
99.6675254529914,100.0,0.33247454700860146,54.675317085217344,1,1.2905251699639508,18.178151280459286
95.65349032082892,100.0,4.346509679171078,167.47926081059887,2,1.3011364542889112,727.9502281736853
97.48299323215352,100.0,2.517006767846482,303.9360290220915,3,1.3239329760770315,765.0090420409889
94.58091901240572,100.0,5.419080987594285,167.47926081059887,1,1.3685760658874544,907.5836780750609
94.19631750139276,100.0,5.803682498607245,167.47926081059887,1,1.2474645384807388,971.9964548461509
97.40520603046524,100.0,2.594793969534763,167.47926081059887,2,1.279576854458736,434.5741759734817
91.98675606369407,100.0,8.013243936305926,51.6465881782804,2,1.315679953153497,413.85670955049477
99.03507408698688,100.0,0.9649259130131185,68.8104470203861,3,1.4285714285714286,66.39698341598688
96.11967870510068,100.0,3.8803212948993178,68.8104470203861,1,1.0957429997594499,267.00664288474553
96.11221347645083,100.0,3.887786523549167,68.8104470203861,2,1.4285714285714286,267.52032860525105
96.3966324030543,100.0,3.603367596945702,68.8104470203861,3,1.2753522070465586,247.94933512460824
92.3848091197139,100.0,7.615190880286093,68.8104470203861,2,1.0632004737082916,524.0046886180536
94.20236990055211,100.0,5.797630099447886,68.8104470203861,2,1.2878755919361893,398.9375188018546
90.05996863096287,100.0,9.94003136903713,68.8104470203861,3,1.3139473456084017,683.9780019001054
93.59050329128632,100.0,6.409496708713675,125.77528674140079,2,1.3802866119917063,806.1562864065271
94.06121682231196,100.0,5.9387831776880375,125.77528674140079,1,1.0319470680135088,746.9521570687203
95.9897287179381,100.0,4.010271282061893,125.77528674140079,1,1.034680318534172,504.3930204121396
96.51995427489604,100.0,3.480045725103963,125.77528674140079,2,1.2933196086708338,437.703748948137
97.78601392331844,100.0,2.2139860766815644,125.77528674140079,2,1.4218917765862622,278.4647336360927
98.2645858623088,100.0,1.735414137691194,125.77528674140079,1,1.2445773214477747,218.27221078319073
97.56851369439538,100.0,2.431486305604622,175.2751367380701,2,1.4023509462199641,426.179094691595
91.27959595733002,100.0,8.720404042669983,175.2751367380701,2,1.4285714285714286,1528.4700109902005
95.5082798753464,100.0,4.491720124653597,175.2751367380701,3,1.0298990687679326,787.2868590378005
99.88014154342174,100.0,0.11985845657825678,175.2751367380701,2,1.2163993324041387,21.008207365967994
97.4874459134634,100.0,2.5125540865365963,286.512705683338,2,1.4285714285714286,719.878669509328
94.75617320836096,100.0,5.243826791639037,157.88710161194166,2,1.26545453889505,827.9326134869347
94.5187807671986,100.0,5.481219232801394,157.88710161194166,1,1.2916043557615848,865.4138179666426
97.19980087098992,100.0,2.800199129010082,157.88710161194166,3,1.2103804173572907,442.11532441568534
98.12329032485674,100.0,1.8767096751432604,157.88710161194166,1,1.4285714285714286,296.308251175458
86.41064213015868,100.0,13.589357869841322,157.88710161194166,2,1.0931798806840685,2145.5843268366757
99.90590776666626,100.0,0.09409223333373973,157.88710161194166,3,1.1425006994375833,14.855950005258688
98.10855328340332,100.0,1.8914467165966755,122.45743057489872,2,1.3220310726486901,231.62170498375752
97.62156235652576,100.0,2.3784376434742427,122.45743057489872,3,1.145478249407857,291.25736260247277
94.45917228052788,100.0,5.540827719472119,122.45743057489872,2,1.4285714285714286,678.5155257847315
90.72892820955164,100.0,9.27107179044836,122.45743057489872,3,1.155131797160187,1135.311630133732
99.34574053136798,100.0,0.65425946863202,122.45743057489872,1,1.3329239489750404,80.11893345797571
93.51066871730283,100.0,6.489331282697165,122.45743057489872,1,1.4285714285714286,794.6668350284066
95.10033815683384,100.0,4.899661843166157,377.43695958388366,3,1.4285714285714286,1849.3134690738018
96.21418675907825,100.0,3.7858132409217546,71.52372793714447,2,1.1286813925464012,270.77547626452673
95.89114936064249,100.0,4.108850639357513,71.52372793714447,3,1.1724274392531913,293.88031526376886
97.48445342103388,100.0,2.5155465789661235,376.57595616282566,1,1.4285714285714286,947.294358246293
87.65879936364152,100.0,12.34120063635848,71.52372793714447,2,1.4285714285714286,882.6886767326181
99.9279240177828,100.0,0.07207598221719991,42.87296007222296,2,1.2524135509955365,3.0901107077642638
89.17217209041142,100.0,10.827827909588578,71.52372793714447,3,1.4285714285714286,774.4466175556332
99.65318828443648,100.0,0.3468117155635184,50.38093998735364,2,1.2572463044706148,17.472700228716782
99.07739234239666,100.0,0.9226076576033364,71.52372793714447,1,1.4285714285714286,65.98833909514717
94.81053452738684,100.0,5.189465472613165,71.52372793714447,3,1.1263566951075294,371.16991660238887
94.03303581730904,100.0,5.966964182690958,71.52372793714447,3,1.4285714285714286,426.7795228134737
99.65995187777956,100.0,0.3400481222204377,71.52372793714447,3,1.2550093551241566,24.321509379231436
90.20974603137569,100.0,9.790253968624313,71.52372793714447,3,0.9494013992224885,700.2354612874343
96.96314589884418,100.0,3.036854101155825,80.40330422032598,3,1.292846819203757,244.1731041679764
99.82849762145956,100.0,0.17150237854043837,117.94594788052312,2,1.4285714285714286,20.228010600716292
99.1130036646115,100.0,0.8869963353885026,117.94594788052312,1,1.4270619660868067,104.61762354394735
95.12418760581252,100.0,4.875812394187477,117.94594788052312,2,1.2299323461777214,575.0823145200449
98.707841829383,100.0,1.2921581706170002,117.94594788052312,3,1.2416549112594377,152.40482024498482
95.16083764791698,100.0,4.839162352083022,291.0851823119001,2,1.1338825894230424,1408.6084554929698
96.42591899118126,100.0,3.5740810088187374,390.0160380828635,3,1.1747666984582938,1393.9489148466878
98.33059923118086,100.0,1.6694007688191448,291.0851823119001,3,1.4285714285714286,485.93782714334696
94.72257894713334,100.0,5.277421052866657,291.0851823119001,3,1.330015121710972,1536.1790693103508
98.55024621535964,100.0,1.4497537846403645,291.0851823119001,3,1.086437609957034,422.00184470940764
94.64338419857074,100.0,5.356615801429257,128.35772835197307,2,1.2851222733226515,687.5630359257431
88.85489936534495,100.0,11.145100634655051,128.35772835197307,2,1.3237143644184983,1430.5597997184557
94.09495117302228,100.0,5.905048826977719,94.40667263147385,2,1.1778472751889446,557.4760114813542
96.20919602380692,100.0,3.790803976193075,251.7376012412124,3,1.2672260170788363,954.2878997424947
86.49459942636274,100.0,13.50540057363726,128.35772835197307,2,1.3368855299503009,1733.5225381155126
96.83355082758202,100.0,3.166449172417984,52.45175141865137,3,1.2911812114911208,166.08580487146244
90.67413023343032,100.0,9.325869766569681,128.35772835197307,3,1.3547551012541406,1197.0474581432297
99.34683429932691,100.0,0.6531657006730853,69.18257505860961,2,1.4285714285714286,45.18768511252507
92.68706366812896,100.0,7.312936331871043,128.35772835197307,1,1.0544970005039014,938.6718951415777
89.04384899144506,100.0,10.95615100855494,128.35772835197307,3,0.9558885571560175,1406.3066549392906
89.126811207285,100.0,10.873188792714998,6197.274979291545,2,1.2241420582177507,67384.14085020589
92.65728804605784,100.0,7.342711953942157,145.44295684947429,3,1.2225785488564447,1067.9457378753282
96.61789366562272,100.0,3.3821063343772835,109.42417479836193,3,1.0318714324348601,370.084194719547
99.73213803684985,100.0,0.2678619631501533,128.35772835197307,3,1.1055735171318555,34.382153101853596
99.0597051681835,100.0,0.9402948318165016,100.82184757098227,2,1.2322889161089883,94.80226220518574
92.2722542816338,100.0,7.727745718366194,100.82184757098227,2,1.245041850921886,779.1256008844273
98.04830652816032,100.0,1.9516934718396755,100.82184757098227,2,0.9495956561218469,196.77334172310094
96.3646682636332,100.0,3.635331736366794,100.82184757098227,1,1.3882959770008747,366.5208621939272
90.60890470967892,100.0,9.391095290321076,202.0846575467693,1,1.215075008789982,1897.7962757336127
90.4665017243311,100.0,9.533498275668904,202.0846575467693,2,1.2803294383604757,1926.5737342612663
85.91677823131866,100.0,14.08322176868134,202.0846575467693,2,1.325058107635528,2846.0030482791753
98.65738777189311,100.0,1.342612228106887,45.81183807667271,2,1.3896922411212105,61.50753399379347
91.61199828360742,100.0,8.38800171639258,202.0846575467693,3,1.1768372080394365,1695.0864543589078
94.36033035498652,100.0,5.639669645013484,202.0846575467693,2,1.320377204271548,1139.69070888946
96.00938825844662,100.0,3.99061174155338,271.9886817762628,1,1.0679168698448602,1085.4012270659803
93.60359049537972,100.0,6.39640950462028,202.0846575467693,2,1.19011174776094,1292.6162242700896
93.96942648484318,100.0,6.030573515156817,1373.8862282231198,3,1.1967072088386428,8285.32190076104
97.99330192631616,100.0,2.006698073683836,132.1806333172758,2,1.2663771529612653,265.2466222560868
98.99017319409764,100.0,1.0098268059023638,553.0764179129085,2,1.312728547392563,558.5113925209133
98.62027627503102,100.0,1.3797237249689829,202.0846575467693,3,1.4285714285714286,278.82099646950985
98.82345500200344,100.0,1.176544997996558,174.10511121439245,1,1.348613834410971,204.84249772492788
97.6942391185483,100.0,2.305760881451704,235.6759378758946,2,1.4285714285714286,543.4123582536797
95.06739940097214,100.0,4.9326005990278645,235.6759378758946,2,1.150391027041433,1162.4952723430915
97.19924842111648,100.0,2.8007515788835207,235.6759378758946,3,1.3749780809618903,660.0697551107663
97.55825599588653,100.0,2.441744004113474,1369.6107342961461,2,1.1707157811873388,3344.238798437067
88.50504734751753,100.0,11.494952652482468,262.81196542321743,3,1.3651108849537523,3021.011099045744
97.10880023279265,100.0,2.891199767207354,68.28541543706399,2,1.3988353335448789,197.42677721529685
99.67123805519758,100.0,0.32876194480242305,262.81196542321743,3,1.2804055498393023,86.40257286988412
98.41402386928128,100.0,1.58597613071872,262.81196542321743,2,1.2726694872856243,416.81350402849637
99.75174083478372,100.0,0.24825916521628244,213.5096493630093,2,1.4285714285714286,53.00572731648185
97.53280982752376,100.0,2.4671901724762364,213.5096493630093,2,1.4285714285714286,526.7689086372636
93.99243863796598,100.0,6.007561362034025,213.5096493630093,2,1.275700747450683,1282.6723199346472
99.1302493678605,100.0,0.8697506321394997,102.14206966413282,3,1.2494919559381326,88.83812965841634
90.70521385367071,100.0,9.294786146329287,81.80441619087833,2,1.4285714285714286,760.3545543195311
96.39165911059466,100.0,3.6083408894053406,81.80441619087833,2,1.276932712781387,295.17821987547853
98.27152888652168,100.0,1.7284711134783208,319.1710445496801,2,1.4285714285714286,551.6779307628243
93.71933606658791,100.0,6.280663933412086,81.80441619087833,3,1.2204463301372463,513.7860463638812
93.14863361852898,100.0,6.851366381471024,81.80441619087833,2,1.2807286539357314,560.4720269460477
92.63267574317032,100.0,7.367324256829676,81.80441619087833,1,1.1803896984935631,602.6796597188481
99.6203681110454,100.0,0.37963188895460576,73.04933874919993,2,1.215348349657393,27.73185845624365
96.5482776138708,100.0,3.4517223861292052,81.80441619087833,3,1.0503727368718667,282.3661346502851
95.0058879642658,100.0,4.994112035734204,81.80441619087833,3,1.1401679601471695,408.54041947507545
97.1735683111865,100.0,2.8264316888135,160.28367707967334,1,1.4285714285714286,453.03086409753877
97.01037738886016,100.0,2.9896226111398363,160.28367707967334,2,1.232772848150232,479.18770519402733
94.81350986315464,100.0,5.186490136845364,160.28367707967334,2,1.2019092000409572,831.3097102710332
98.18113163582234,100.0,1.8188683641776606,143.47056411659392,3,1.150368084418951,260.95407026239536
99.5796006202434,100.0,0.4203993797566028,281.50562263221696,2,1.4285714285714286,118.34478915258029
94.92275241305242,100.0,5.077247586947578,281.50562263221696,2,1.394033095845981,1429.273743221599
95.56381094941608,100.0,4.43618905058392,799.2451065985532,2,1.2199116624568684,3545.6023906252794
96.65814962533754,100.0,3.3418503746624566,457.2358613635314,3,1.1913592550199446,1528.0138346068284
95.5055731017687,100.0,4.494426898231296,281.50562263221696,3,1.3997015579797873,1265.2064423615845
98.0502423071978,100.0,1.9497576928021942,281.50562263221696,1,1.4285714285714286,548.8677532942365
96.96435166751424,100.0,3.0356483324857635,281.50562263221696,2,1.1426398995297407,854.552073928856
96.72469352233584,100.0,3.2753064776641594,281.50562263221696,2,1.3900125677720354,922.0171893061826
99.23006197106685,100.0,0.7699380289331543,176.2743013363393,1,1.0868327886260478,135.72028812246998
98.7489890351629,100.0,1.251010964837107,522.6958663483745,2,1.1266310588401802,653.8982600768475
99.55498567743156,100.0,0.44501432256844,707.7273707119022,3,1.3581568677033935,314.9488164405003
98.48743428039988,100.0,1.5125657196001185,522.6958663483745,1,1.2092857292858101,790.6118492152364
92.78555605727392,100.0,7.214443942726078,83.16649276968138,2,1.0066082815804251,600.0
94.73722569395112,100.0,5.2627743060488825,78.85908888603262,3,1.2565139697662937,415.0175867878375
94.53568729660196,100.0,5.464312703398036,78.85908888603262,2,1.2819763248409344,430.91072117834295
91.41862531644205,100.0,8.581374683557954,78.85908888603262,1,1.2229194691781948,676.7193889350467
98.71070938848766,100.0,1.2892906115123424,79.15288595911858,2,1.3742607118069792,102.0510727411987
93.32340349747928,100.0,6.676596502520724,78.85908888603262,3,1.1520794675759762,526.5103170484563
97.65687232640474,100.0,2.343127673595262,78.85908888603262,3,1.223051323958747,184.77691348337163
96.13764828487706,100.0,3.8623517151229407,78.85908888603262,2,1.2999792391352702,304.5815372120005
90.16926882029028,100.0,9.830731179709716,78.85908888603262,2,1.3030885818728712,775.2425039154208
96.21886416530836,100.0,3.7811358346916393,78.85908888603262,2,1.3509312210319393,298.17692687811115
89.06069184680298,100.0,10.939308153197018,110.55438346210636,3,1.4121709856118803,1209.3884683786896
93.0852978868342,100.0,6.914702113165802,134.80193948326905,2,1.2917254758387788,932.1152558038091
93.0480586786653,100.0,6.951941321334701,110.55438346210636,2,0.9457014230034131,768.5675866448988
95.75310557388444,100.0,4.24689442611556,168.63926896744667,1,1.4285714285714286,716.1931714020519
98.54203228220868,100.0,1.4579677177913197,212.85316796473361,3,1.4134092502101694,310.3330475221951
97.968453012411,100.0,2.031546987588996,168.63926896744667,2,1.1955151306131235,342.59859886002675
95.11972590416572,100.0,4.880274095834281,168.63926896744667,3,1.1204023433211732,823.0058558822599
99.75440314333608,100.0,0.24559685666392284,168.63926896744667,2,1.3691677089902308,41.41727436850673
98.91361012753949,100.0,1.086389872460515,168.63926896744667,3,1.2849822709288508,183.20799390537886
95.17783230105006,100.0,4.82216769894994,168.63926896744667,3,1.2278470946947688,813.2068355893523
97.73061498159396,100.0,2.269385018406041,317.2290327431348,2,1.1908057592832981,719.9148143107095
96.97042262050314,100.0,3.029577379496857,317.2290327431348,2,1.3665850462788864,961.0699017182689
98.9135742341907,100.0,1.0864257658092953,297.6987790822313,2,1.3773187213487013,323.4276240449053
98.1876448654876,100.0,1.8123551345124014,317.2290327431348,3,1.3482220741629833,574.931666308423
99.84519962707787,100.0,0.154800372922125,317.2290327431348,1,1.251963080328716,49.107172570362266
96.3818308677146,100.0,3.618169132285402,317.2290327431348,3,1.4285714285714286,1147.7882941359653
95.85071246612206,100.0,4.1492875338779385,131.58729967482577,2,1.1982031430987354,545.993542157415
81.81328759622784,100.0,18.186712403772162,131.58729967482577,3,1.3126054729637688,2393.1403751750386
89.27552871852461,100.0,10.724471281475388,131.58729967482577,3,1.4285714285714286,1411.2042163695646
95.2878341750772,100.0,4.712165824922806,94.16648255854531,2,1.3479944212169177,443.72808096556673
97.62476498739012,100.0,2.3752350126098776,256.7470105827235,3,1.4285714285714286,609.8344889190035
94.9540678647296,100.0,5.045932135270405,131.58729967482577,2,1.128111068415728,663.9805840226603
99.4015638261156,100.0,0.5984361738843944,120.16551690784965,1,1.2724658360607708,71.91139217117404
97.98991715416084,100.0,2.0100828458391646,131.58729967482577,3,1.111177097383753,264.5013738066648
97.0633005888809,100.0,2.9366994111190934,110.641968441629,2,1.3301915200498688,324.92220356758924
96.653297192269,100.0,3.346702807731006,131.95887024955474,2,1.2753340844345722,441.6271215691964
93.80592723417688,100.0,6.1940727658231225,131.95887024955474,2,1.2476616842096842,817.3628444215541
96.6837413547787,100.0,3.3162586452212963,195.58405020925633,2,1.3401298606111773,648.6072973738424
96.19129219014394,100.0,3.8087078098560596,131.95887024955474,2,1.2304099754515756,502.59277969926154
99.49569817529066,100.0,0.5043018247093443,131.95887024955474,3,1.1399903694847042,66.54709905343405
98.17311652575152,100.0,1.8268834742484756,131.95887024955474,3,1.2036895123309073,241.07347933941037
92.4459845009374,100.0,7.554015499062601,131.95887024955474,3,1.300972506612652,996.8193511039271
94.67140341876284,100.0,5.328596581237164,170.1935855000444,2,1.4171314698639808,906.8929578440317
88.00767040225404,100.0,11.992329597745965,170.1935855000444,3,1.420181746606877,2041.017572738691
96.74947137344935,100.0,3.250528626550647,170.1935855000444,2,1.3350346024091457,553.2191217231895
98.46281147712202,100.0,1.5371885228779831,170.1935855000444,3,1.3717001529617447,261.619626298121
98.12417992668576,100.0,1.8758200733142445,170.1935855000444,3,1.0618869420181285,319.25254403030743
94.05557427860408,100.0,5.944425721395916,170.1935855000444,2,1.0829423076485807,1011.7031272630591
98.7193624956718,100.0,1.2806375043281975,127.76230990155099,2,1.418705608343352,163.617205699528
94.79432843032993,100.0,5.2056715696700735,1544.45278786229,1,1.203316555563894,8039.913968472409
93.17015599106398,100.0,6.829844008936021,137.53764738706712,1,1.203723842216439,939.3606770097155
93.5267745158554,100.0,6.473225484144606,1284.587510406982,1,1.0907326260162242,8315.42460898035
91.91979686435988,100.0,8.080203135640119,137.53764738706712,3,1.2266578432085975,1111.3321296855447
89.13909238710193,100.0,10.860907612898075,137.53764738706712,3,1.4057840879682426,1493.7836815662884
99.00061726412758,100.0,0.9993827358724161,55.69182606825887,2,1.3076341148074309,55.657449501827294
98.92385736169444,100.0,1.076142638305555,137.53764738706712,2,1.4285714285714286,148.01012672545755
91.39408882996868,100.0,8.60591117003132,137.53764738706712,2,1.427087914358371,1183.63677594819
92.1030082207018,100.0,7.8969917792982045,846.3585674804604,1,1.4285714285714286,6683.6866497318
91.65658881664989,100.0,8.343411183350113,137.53764738706712,2,1.4285714285714286,1147.5331453409203
99.93580341406654,100.0,0.064196585933459,63.06212333682831,2,1.2431067906532343,4.048373019939089
95.70031999114288,100.0,4.299680008857123,137.53764738706712,2,1.1502509174518356,591.3678729354127
96.91527694800364,100.0,3.084723051996363,150.23661579685157,1,1.4285714285714286,463.438352002469
96.17752764688844,100.0,3.8224723531115643,150.23661579685157,1,1.1120855397114948,574.2753103085092
97.39944238943946,100.0,2.600557610560543,428.86137261207256,1,1.2476953183460913,1115.278706421766
86.25863949908234,100.0,13.741360500917665,150.23661579685157,2,1.4285714285714286,2064.455498102399
93.6204517282128,100.0,6.3795482717872005,150.23661579685157,3,1.27143557849308,958.441742665962
93.34147836166312,100.0,6.658521638336879,150.23661579685157,2,1.163083010760309,1000.3537571538403
90.9857642088671,100.0,9.014235791132904,150.23661579685157,2,1.3530612811907379,1354.2682792546625
90.97412625344305,100.0,9.025873746556954,150.23661579685157,3,1.0391852522746465,1356.0167262923662
96.64953414117038,100.0,3.3504658588296223,150.23661579685157,2,1.135419882304825,503.36265197345426
93.45035319985324,100.0,6.5496468001467605,179.9363126774467,2,1.3213412747770967,1178.5192945580457
96.56598405926138,100.0,3.434015940738618,185.15008173415913,3,1.3734745435068714,635.8083321041605
96.3134108944492,100.0,3.6865891055507944,179.9363126774467,3,1.184865322444479,663.3512500096563
86.02031300810886,100.0,13.979686991891143,134.94409912848454,1,1.4285714285714286,1886.4762672189443
89.96294510294382,100.0,10.03705489705618,135.57518503375127,3,1.2726739899458486,1360.7755748623108
92.352851423554,100.0,7.647148576446,175.96080118056554,3,1.0012615021930114,1345.5983902582593
97.558650585713,100.0,2.4413494142870036,134.94409912848454,2,1.3740285682329945,329.44569736881306
99.7827408128238,100.0,0.21725918717619663,134.94409912848454,3,1.4285714285714286,29.317845290878655
94.62571163253229,100.0,5.374288367467713,134.94409912848454,2,0.9580117509839774,725.2285022046244
95.30138124922536,100.0,4.698618750774642,134.94409912848454,1,1.4285714285714286,634.0508744714895
93.95119574988064,100.0,6.04880425011936,134.94409912848454,2,1.2795526616392245,816.2504403369055
97.87511975200408,100.0,2.124880247995918,134.31301322321784,1,1.2548429913907329,285.3990688468302
99.27365911815345,100.0,0.7263408818465535,165.81099964817315,3,1.4285714285714286,120.43530770431266
94.45129573494376,100.0,5.548704265056244,126.71993005890587,3,1.1407785740564578,703.13141638548
95.81661031408116,100.0,4.18338968591884,439.4591614037225,2,1.4285714285714286,1838.4289231988753
90.89168680654988,100.0,9.108313193450115,126.71993005890587,2,1.3424148390472903,1154.2048108286083
93.58785913854852,100.0,6.412140861451476,222.5377038697031,1,1.4285714285714286,1426.9431041965115
92.02534897371572,100.0,7.974651026284278,126.71993005890587,3,0.8944801833285222,1010.5472202949256
97.12087251413908,100.0,2.87912748586092,84.81315089027684,2,1.0289700164259141,244.18787389066563
94.0500451368564,100.0,5.949954863143603,126.71993005890587,3,1.2464208593934816,753.9778641112042
98.75934829678783,100.0,1.2406517032121656,126.71993005890587,1,1.0630411018788737,157.21529705850807
93.16170826861762,100.0,6.838291731382384,126.71993005890587,2,1.201208788238612,866.54784992317
98.69236241347129,100.0,1.3076375865287133,87.62886046963861,1,1.1539164770600256,114.5867916147796
97.61645887277696,100.0,2.3835411272230402,126.71993005890587,1,1.391231837392002,302.04216493422933
99.1495732673203,100.0,0.8504267326796935,56.212427795595936,3,1.4285714285714286,47.80455130620184
97.9890228823948,100.0,2.0109771176051936,82.28653835436604,2,1.4285714285714286,165.47634571757223
95.58296578122643,100.0,4.417034218773566,82.28653835436604,2,1.1848027258166913,363.4624556556583
93.98173697356576,100.0,6.018263026434241,82.28653835436604,2,1.114458114328583,495.22203135134424
95.76596832570677,100.0,4.2340316742932345,251.60466381333896,2,1.0688593560015645,1065.302115985578
87.06201622240202,100.0,12.937983777597978,82.28653835436604,1,1.3583872768802,1064.6218983434817
97.78722753815612,100.0,2.2127724618438833,46.11678981454128,2,1.1776483713456458,102.04596253025943
94.68974494539265,100.0,5.310255054607353,82.28653835436604,3,1.2104236003693587,436.9625062224141
86.17028161927576,100.0,13.829718380724245,82.28653835436604,3,1.2515697859672323,1137.9996519655467
91.54976168398352,100.0,8.450238316016481,82.28653835436604,2,1.0539495063598163,695.3408592944237
94.0542157012026,100.0,5.945784298797406,82.28653835436604,2,1.1686620807254062,489.2580077497802
98.94959276224348,100.0,1.0504072377565166,117.44973277861908,2,1.368954113499605,123.37004938323027
90.69799303707616,100.0,9.30200696292384,63.42238538575388,3,1.3965574057393841,589.9554704635218
99.2428636787092,100.0,0.7571363212908011,70.2175638653474,3,1.4285714285714286,53.164267995011016
88.51128241096757,100.0,11.488717589032433,63.42238538575388,1,1.0246491044235113,728.6418745197041
99.3918293221752,100.0,0.6081706778248019,52.167556845119705,3,1.3514560702295613,31.72677840696034
86.69129678006871,100.0,13.308703219931289,63.42238538575388,1,1.1985598678246419,844.0697045991058
97.56980810198831,100.0,2.4301918980116852,52.64444899775905,1,1.363555320138907,127.93611342964343
95.65406704928068,100.0,4.345932950719316,63.42238538575388,3,0.968599394437236,275.62943446116697
94.13396055900446,100.0,5.866039440995536,63.42238538575388,3,1.2744923818104812,372.03821411485114
89.596502170673,100.0,10.403497829326994,63.42238538575388,2,1.29765607742363,659.8146486914305
92.03228666241864,100.0,7.967713337581358,63.42238538575388,2,1.265580008114515,505.3313859392962
91.7040905311469,100.0,8.295909468853097,154.69079230259564,2,1.4113470398166383,1283.3008086074908
99.27036749007335,100.0,0.7296325099266454,154.69079230259564,1,1.020345565594326,112.86743105028425
99.30262517903157,100.0,0.6973748209684345,18600.216549216722,2,1.4285714285714286,12971.322685984125
99.08317259443032,100.0,0.916827405569677,154.69079230259564,2,1.0643463584338828,141.82475777230653
92.2655618776434,100.0,7.734438122356593,154.69079230259564,2,1.0423751007387725,1196.4463611627416
99.3914383913782,100.0,0.6085616086217982,62.05409273669299,2,1.0528328619369562,37.763738497408134
99.667784637795,100.0,0.33221536220500525,154.69079230259564,3,1.3946147222883638,51.390657594586045
91.55047348743403,100.0,8.449526512565967,154.69079230259564,2,1.4145430158522154,1307.0639508106174
96.65649972679628,100.0,3.3435002732037162,154.69079230259564,2,1.4285714285714286,517.2087063258278
99.69041645536127,100.0,0.30958354463872695,197.76416219696105,2,1.4285714285714286,61.224530335443326
99.63240635266592,100.0,0.3675936473340755,45.926176643931946,2,1.1522858552131165,16.882170780651975
93.9336395052554,100.0,6.0663604947446,351.9081212192388,2,1.4285714285714286,2134.801524344184
99.94119589222832,100.0,0.058804107771678105,351.9081212192388,3,1.2371051923725993,20.69364308590488
98.386402491466,100.0,1.6135975085339993,351.9081212192388,2,1.337267128493145,567.8380676322444
90.0701702468522,100.0,9.9298297531478,156.27872927665476,3,1.3698393434257632,1551.8211757554566
95.14708717891637,100.0,4.852912821083635,101.47903725199102,3,1.2266681963671509,492.468920951411
94.5735671567678,100.0,5.426432843232206,156.27872927665476,3,1.4285714285714286,848.0360292454338
96.08730232391083,100.0,3.9126976760891665,347.24774956340633,2,1.2515265005366838,1358.675462743933
96.36056804799132,100.0,3.639431952008678,156.27872927665476,2,1.41467316540379,568.7658007487714
98.36863973094428,100.0,1.631360269055719,260.01341959457045,3,1.2431561549419594,424.175562147896
90.76820311146112,100.0,9.23179688853888,156.27872927665476,2,1.1643046737878449,1442.7334866810315
99.78403923842797,100.0,0.2159607615720347,156.27872927665476,1,1.3999110297442936,33.7500733920962
96.46063207028558,100.0,3.539367929714416,156.27872927665476,2,1.359030612745024,553.1279224983133
89.83896354711224,100.0,10.161036452887757,2529.3361904555477,3,1.4285714285714286,25700.67723282707
98.69854489119837,100.0,1.3014551088016333,56.92595164710525,3,1.2008097600167675,74.08657059451988
99.49159310447703,100.0,0.5084068955229668,656.5588894200041,2,1.2397210813494282,333.79906669803114
92.00267011369928,100.0,7.997329886300719,127.7504834565573,1,1.317684781614407,1021.6627593364913
98.46381391651072,100.0,1.5361860834892838,92.86281474480141,2,1.4285714285714286,142.65456368460738
99.24087424101153,100.0,0.7591257589884748,127.7504834565573,2,1.3391606221674948,96.97868271510366
93.48320559753654,100.0,6.516794402463461,127.7504834565573,2,1.285961630279637,832.5236355016935
96.35665496176998,100.0,3.6433450382300236,127.7504834565573,2,1.0769365318029431,465.43909003293476
95.22298459997306,100.0,4.77701540002694,127.7504834565573,1,1.2044136097535951,610.266026832861
98.54563514076426,100.0,1.4543648592357385,17409.110016580347,2,1.1349341448784058,25319.19783868336
99.86167386093852,100.0,0.13832613906147628,438.68881815272,1,1.374598739991584,60.68213046450783
96.0438170984527,100.0,3.956182901547294,227.36779368115936,2,1.3656502402420452,899.5085777239354
99.58433450033462,100.0,0.4156654996653799,227.36779368115936,1,1.2883774704025426,94.50894756829412
96.7780471045292,100.0,3.2219528954708068,227.36779368115936,2,1.2074838807103008,732.5683211878204
95.03022761255671,100.0,4.969772387443285,227.36779368115936,3,1.1636407261041875,1129.9661828305277
99.12659217388251,100.0,0.8734078261174858,227.36779368115936,2,1.4285714285714286,198.5848104081904
99.68478725974867,100.0,0.31521274025132584,1074.8930171410784,2,1.4285714285714286,338.8199734100547
93.86739852717892,100.0,6.132601472821079,227.36779368115936,2,1.4054769865031815,1394.3560664011572
96.44800923854976,100.0,3.5519907614502415,227.36779368115936,2,1.3970184852246539,807.6083026068027
91.3553902379834,100.0,8.6446097620166,175.6850067438342,3,1.4285714285714286,1518.7283243377015
91.3800107843872,100.0,8.619989215612804,20228.50555944374,2,1.185802047156482,174369.49977036868
96.92392103085308,100.0,3.07607896914692,108.22686034329041,3,1.4285714285714286,332.9143689987964
97.2136878938558,100.0,2.7863121061441944,1823.0485508699687,2,1.257759665922037,5079.582247377624
97.51395092342982,100.0,2.4860490765701826,1664.38115308256,2,1.1898860175963255,4137.7332286817145
95.88331452741836,100.0,4.116685472581636,175.6850067438342,2,1.1614238807637816,723.2399150127491
97.519882726588,100.0,2.480117273412006,243.143153144378,2,0.9474294101950486,603.0235340252325
91.34627300912572,100.0,8.653726990874276,175.6850067438342,2,1.3038837134886794,1520.3300847510473
96.84206123556812,100.0,3.1579387644318757,99.70587474618804,1,1.3046723155648592,314.8650469025764
92.40825193037446,100.0,7.591748069625538,175.6850067438342,3,1.3939893574791344,1333.756310809653
87.90982259376827,100.0,12.090177406231732,175.6850067438342,2,1.187768420461434,2124.062899147974
95.51640083274978,100.0,4.483599167250219,68.21615568477371,3,1.2354560128066066,305.8538988212627
94.58037689832562,100.0,5.419623101674375,175.6850067438342,2,1.2773604056474215,952.1465211667023
96.0382629673185,100.0,3.961737032681498,205.75239295333506,2,1.14857223411358,815.1368747260632
96.13733060171934,100.0,3.8626693982806586,5925.443215308246,2,1.3976658145645011,22888.028179020916
99.56158071393236,100.0,0.43841928606764213,205.75239295333506,2,1.4285714285714286,90.20581722531011
96.20682747948716,100.0,3.79317252051284,205.75239295333506,1,1.305761650062924,780.4543229803503
95.63966609471024,100.0,4.360333905289764,205.75239295333506,2,1.3661960011671892,897.1491350889296
97.909047834475,100.0,2.090952165524996,205.75239295333506,1,1.0298133996975332,430.2184116077259
97.8110765257884,100.0,2.188923474211606,205.75239295333506,3,1.3530097380305215,450.37624281076575
92.7314048141462,100.0,7.268595185853798,321.8636071895515,1,1.1649699093158397,2339.4962657195115
94.40846641930862,100.0,5.591533580691376,277.1637027891609,2,1.1067157245055965,1549.7701514943572
96.17367155648404,100.0,3.826328443515962,321.8636071895515,3,1.3527506973352519,1231.5558751220294
89.85284273602088,100.0,10.147157263979125,321.8636071895515,3,1.3331186641309045,3266.000639703981
97.41770119042238,100.0,2.5822988095776225,321.8636071895515,2,1.1968851140009078,831.1480096919383
99.10552948933552,100.0,0.8944705106644761,271.6590165940717,2,1.0916994663390245,242.99097929950872
99.45667924615768,100.0,0.5433207538423233,321.8636071895515,3,1.0678299659285002,174.87517769263653
96.97544916669632,100.0,3.024550833303678,135.04754361564943,3,1.1533976717255698,408.4581605783273
96.035636702945,100.0,3.9643632970550016,135.04754361564943,3,1.2909103395904904,535.3775252673151
95.0978155900826,100.0,4.902184409917396,135.04754361564943,2,1.1096732039830826,662.0279629102762
96.34199643179848,100.0,3.658003568201522,135.04754361564943,3,0.9793097766837094,494.0043964228963
99.8448742791158,100.0,0.1551257208842003,135.04754361564943,3,1.1875879123856379,20.949347557018097
96.54527245801712,100.0,3.4547275419828765,129.67096793522256,2,1.4140534340058057,447.97786432139185
94.29587313374203,100.0,5.704126866257965,129.67096793522256,3,1.289445072835264,739.6596519729782
97.00953381473784,100.0,2.9904661852621643,196.07450566270904,2,1.2668563727680529,586.3541789763261
91.1510453730538,100.0,8.848954626946195,129.67096793522256,2,1.0933401243468968,1147.4525116909795
99.73796681574612,100.0,0.26203318425388034,129.67096793522256,2,1.2979905591123992,33.97809663334918
98.87949026634868,100.0,1.1205097336513177,129.67096793522256,2,1.1321491592940323,145.29758174340478
95.73540995178072,100.0,4.264590048219276,129.67096793522256,2,1.191875669739531,552.993519399511
89.10815260955106,100.0,10.891847390448945,129.67096793522256,2,1.1605739099077665,1412.3563937222427
97.13323541404196,100.0,2.8667645859580375,69.28575184246776,2,1.3238664183505053,198.62593969346344
98.91266934351675,100.0,1.0873306564832461,129.67096793522256,2,1.322871153137111,140.9952186918235
98.32013861319123,100.0,1.679861386808767,129.67096793522256,2,1.342359195941313,217.82925202449815
96.13681136312614,100.0,3.8631886368738577,276.97024146985854,3,1.3531311008854547,1069.988289598566
93.53129347531352,100.0,6.468706524686482,276.97024146985854,3,1.3332143869496595,1791.6392081400643
99.4833164061306,100.0,0.5166835938694021,81.12508577637261,2,1.1496627876320769,41.91600087189972
99.05520562983324,100.0,0.9447943701667612,276.97024146985854,2,1.1838549175008002,261.67992484445074
99.8028605850608,100.0,0.19713941493920117,729.3296348928587,3,1.2983021798141738,143.77961752059937
90.81504718676706,100.0,9.18495281323294,276.97024146985854,2,1.2624438325339387,2543.958598570384
89.36100879084822,100.0,10.638991209151783,276.97024146985854,1,1.236812411548751,2946.6839641944716
94.4598827546654,100.0,5.540117245334599,110.91910669588735,2,1.3465774886226674,614.504855842994
97.49294508746289,100.0,2.5070549125371144,181.39905857206904,3,1.309987266094922,454.7774009227134
98.91482528205516,100.0,1.085174717944838,372.54142436764806,3,1.2612125546989412,404.27253511093073
95.6863038745725,100.0,4.313696125427498,215.5209920393408,2,1.4285714285714286,929.692068308395
92.65332251294782,100.0,7.346677487052176,215.5209920393408,2,1.3482254189237879,1583.3632202025763
99.5125214834584,100.0,0.4874785165416,215.5209920393408,3,1.1693211228493985,105.06185348291184
99.86007101705977,100.0,0.13992898294023348,215.5209920393408,2,1.2894793776561564,30.157633218335114
97.4517833573785,100.0,2.5482166426214974,215.5209920393408,3,1.2694326513353584,549.1941787489435
86.65971450108441,100.0,13.340285498915591,88.02632567643303,3,1.1720809860600458,1174.2963159441408
96.43802373395266,100.0,3.5619762660473384,88.02632567643303,3,1.308881866342979,313.5476828468079
97.75250760392592,100.0,2.2474923960740796,88.02632567643303,3,1.1551824143787843,197.83849761212375
96.2137718571921,100.0,3.7862281428079,538.8677748710893,3,1.2658625495682176,2040.27633446919
92.66281878778145,100.0,7.337181212218553,538.8677748710893,1,1.3182404600615878,3953.7705136541736
99.3795476098218,100.0,0.6204523901782011,538.8677748710893,2,1.246756365019406,334.3417989087761
99.9458459735683,100.0,0.05415402643170353,538.8677748710893,3,1.1703778284834858,29.181859723562237
95.97362561767072,100.0,4.02637438232928,146.92906432423555,2,1.3471684592025355,591.591420614713
95.91639678126616,100.0,4.083603218733842,146.92906432423555,2,1.4285714285714286,600.0
99.47009280925394,100.0,0.5299071907460586,146.92906432423555,1,1.177835741917214,77.85876771500261
95.8088777776055,100.0,4.1911222223944975,146.92906432423555,2,1.4285714285714286,615.7976666049342
98.9850498495924,100.0,1.0149501504076,146.92906432423555,3,1.3604272703573301,149.1256759351308
99.174705804585,100.0,0.8252941954149975,138.47010412475538,1,1.1181595346466897,114.27857317267092
94.69744888075134,100.0,5.302551119248662,138.47010412475538,2,1.1957165742379952,734.2448056092004
97.41218364397476,100.0,2.587816356025243,138.47010412475538,2,1.2518893881023325,358.33520027456046
88.69342262833146,100.0,11.306577371668538,138.47010412475538,2,1.2466655854784148,1565.6229459495455
97.6542803801576,100.0,2.3457196198423986,138.47010412475538,2,1.2478384339510131,324.81204000705856
96.64496927029798,100.0,3.3550307297020225,138.47010412475538,2,1.4285714285714286,464.5714544835931
94.24864091932643,100.0,5.751359080673566,138.47010412475538,3,0.82283661964746,796.3912907597261
96.99299636274615,100.0,3.0070036372538453,161832.58899634043,2,1.268298864961047,486631.1837382023
97.50986020630263,100.0,2.4901397936973666,390.6672253030928,2,1.0406713753353405,972.816003820566
97.67863091247376,100.0,2.321369087526236,3146.094006409747,2,1.2642107312917499,7303.245372931155
99.59280765022346,100.0,0.40719234977653684,260.4811679158884,3,1.1871595053487307,106.06593883620727
97.02174754777953,100.0,2.978252452220474,390.6672253030928,3,1.1534846566012058,1163.5056217611045
95.82756921942271,100.0,4.172430780577287,390.6672253030928,2,1.2325358635258803,1630.0319558173462
98.98480594906852,100.0,1.015194050931484,390.6672253030928,2,1.313610186167945,396.60304302160955
95.77887312314,100.0,4.221126876859998,159.03108336977095,2,1.214006563741592,671.2903802683032
94.4913693787828,100.0,5.508630621217193,159.03108336977095,1,1.1534112162033485,876.0434955760646
90.41481028837774,100.0,9.585189711622263,159.03108336977095,2,0.8921249873734745,1524.3431041440708
95.3018110114847,100.0,4.698188988515298,117.6132468646352,3,1.3685143392248338,552.5692613229605
97.06883660001516,100.0,2.9311633999848397,291.1359122132583,2,1.2248681110023443,853.3669303007019
96.92307551405078,100.0,3.0769244859492204,159.03108336977095,1,1.3072032222223264,489.3266344474801
97.61804236494442,100.0,2.381957635055585,837.24542876761,3,1.3853757596564704,1994.2831414683953
96.05316069205963,100.0,3.9468393079403654,159.03108336977095,1,1.2887618948311628,627.6701310281534
98.16473933241296,100.0,1.8352606675870362,159.03108336977095,1,1.341505734295427,291.86349223229547
95.68575331772333,100.0,4.314246682276675,159.03108336977095,3,1.198772148714566,686.0993238068996
94.16474346384976,100.0,5.83525653615024,119.01927842220871,2,1.4094580932224718,694.5080223410786
90.43988187638874,100.0,9.560118123611261,119.01927842220871,3,1.2590340947370933,1137.8383607032922
94.879208631953,100.0,5.120791368046994,125.51413896693651,3,1.3266625602798399,642.7317193897394
93.93532529697698,100.0,6.064674703023016,119.01927842220871,3,1.4285714285714286,721.8132070192223
97.34121846123364,100.0,2.6587815387663625,176.1652439062785,3,1.4285714285714286,468.3848982702867
99.57565214224428,100.0,0.4243478577557198,268.5244163203885,2,1.4285714285714286,113.94776082066191
95.04021251268456,100.0,4.959787487315438,119.01927842220871,1,1.3145267040662436,590.3103278677831
95.18097702386196,100.0,4.819022976138044,119.01927842220871,3,1.0026632841088052,573.5566373199947
96.86349129158242,100.0,3.13650870841758,47.72604345932624,1,1.3889020212409189,149.69315092849263
94.83302059620964,100.0,5.166979403790364,320.5395206485824,3,1.2167215371827373,1656.2211012920616
95.61654306876896,100.0,4.383456931231038,320.5395206485824,2,1.1450882775153879,1405.071183520503
86.78473121044291,100.0,13.215268789557086,320.5395206485824,2,1.1629296685327228,4236.015923046801
99.46590590283829,100.0,0.534094097161713,43.90273324000626,1,1.3255672135479823,23.44819067275267
98.59931290132906,100.0,1.400687098670943,320.5395206485824,2,1.21420888880124,448.97557118663775
99.73006296170574,100.0,0.26993703829425897,530.2435682381692,2,1.4275546352372817,143.13237838479122
87.7512723459372,100.0,12.248727654062805,320.5395206485824,3,1.3351706809217103,3926.201290788327
98.94500546147216,100.0,1.0549945385278363,52.53712447378832,3,1.400206071469588,55.4263793898038
99.13658256570773,100.0,0.8634174342922734,2893.544481269986,2,1.3198496969011857,2498.3367520286984
96.02122056512536,100.0,3.978779434874639,143.96513095678648,1,1.2996626863472653,572.8055023898963
93.62872512566446,100.0,6.3712748743355405,143.96513095678648,2,1.1600324182064699,917.2414216453994
87.70891026526067,100.0,12.29108973473933,143.96513095678648,2,1.1047472007965227,1769.4883432633617
92.48316413669625,100.0,7.516835863303754,107.74181954046344,3,1.2247304739442162,809.8775730993568
95.53578371022851,100.0,4.464216289771485,177.0218744370584,1,1.2866200924998477,790.2639355077986
99.43995951987236,100.0,0.5600404801276397,149.74440958275522,2,1.3919726226723643,83.86293103915618
93.01836968388488,100.0,6.981630316115115,143.96513095678648,2,1.3041682432796031,1005.1113227513832
99.6391181171109,100.0,0.36088188288910317,143.96513095678648,2,1.1165442908068928,51.95440753006142
98.10841054267468,100.0,1.891589457325324,164.01751356580093,1,1.1999130849607957,310.25379947778237
91.90339747055891,100.0,8.096602529441085,164.01751356580093,2,1.236320348716117,1327.9846152095013
91.9487448286858,100.0,8.051255171314196,13072.836662808984,2,1.4114728711493572,105252.74378518666
99.35400781951157,100.0,0.6459921804884345,71.8279811304152,2,1.2664406913590354,46.400314150519044
98.12349025721797,100.0,1.8765097427820336,164.01751356580093,2,1.2396927581802804,307.7804621931098
98.14315795569624,100.0,1.856842044303761,164.01751356580093,2,1.4285714285714286,304.55461519114164
96.38794545356026,100.0,3.6120545464397367,164.01751356580093,3,1.4285714285714286,592.4402055710924
95.59004030661052,100.0,4.409959693389482,164.01751356580093,2,1.2788130449277146,723.3106238351446
92.98264817363062,100.0,7.017351826369378,164.01751356580093,2,1.342455747646375,1150.9685983775373
96.4590533802123,100.0,3.5409466197877038,164.01751356580093,1,1.3575984241207875,580.7772602468066
99.17207372274912,100.0,0.8279262772508815,45.52411029727227,2,1.166091470959408,37.69060716357915
86.94438411354524,100.0,13.05561588645476,72.78769418257116,3,1.219165056054106,950.2881765083868
93.8124674108444,100.0,6.187532589155595,72.78769418257116,2,1.347621748677826,450.37622984415015
95.80296597641626,100.0,4.19703402358374,301.43201827810645,1,1.4285714285714286,1265.1204365107285
86.1228598424259,100.0,13.877140157574104,72.78769418257116,2,1.2823817789291976,1010.0850339181812
94.34843533436532,100.0,5.65156466563468,58.74140621909521,3,1.1504330270424943,331.9808557975318
90.67681112312272,100.0,9.323188876877282,72.78769418257116,2,1.4285714285714286,678.6134207764927
98.91589496496992,100.0,1.0841050350300776,72.78769418257116,2,1.42786646434509,78.90950575155487
98.5489205610419,100.0,1.4510794389581037,72.78769418257116,3,1.3068186674820264,105.62072643749939
97.35016708698112,100.0,2.6498329130188836,72.78769418257116,1,1.0742397205976302,192.87522770773018
96.47308001004208,100.0,3.526919989957918,72.78769418257116,2,1.2873747248479397,256.71637363545386
85.34470421270586,100.0,14.655295787294136,118.91738206700933,2,1.2639545954174225,1742.7694084426892
94.95950224182184,100.0,5.040497758178162,49.43525349232358,2,1.1316904234448601,249.1782844030262
95.3357976473703,100.0,4.664202352629701,1227.25513129648,3,1.0995487317681882,5724.166270669914
93.15559413688344,100.0,6.844405863116563,118.91738206700933,2,1.4076661812517843,813.9188270459111
98.69464625632529,100.0,1.305353743674715,90.68338543632457,3,1.195952376902942,118.3738966684034
95.53917895206553,100.0,4.460821047934473,118.91738206700933,3,1.069001955449593,530.4691608897807
94.49476545480168,100.0,5.50523454519832,118.91738206700933,2,1.3748120595475177,654.668079779847
93.8788492041034,100.0,6.121150795896597,504.43796859714257,3,1.4285714285714286,3087.740872958862
99.3739846250937,100.0,0.6260153749063022,504.43796859714257,1,1.4285714285714286,315.78592402831373
94.53249400213298,100.0,5.467505997867022,68.91154227270715,2,1.2161249683338127,376.7742706982932
98.9005119416898,100.0,1.0994880583102002,110.18192484438062,2,1.2622191722044949,121.14371060802846
90.09506954422898,100.0,9.904930455771023,110.18192484438062,2,1.3832356340263812,1091.3443030665794
98.22001110649649,100.0,1.7799888935035142,67.94055024770971,2,1.314316667787954,120.9334248594407
95.5550883054881,100.0,4.444911694511902,110.18192484438062,1,1.0794844208246257,489.74892626461883
99.61980435312417,100.0,0.3801956468758334,147.61178713798327,3,1.4285714285714286,56.12135889742338
94.55446071715092,100.0,5.445539282849083,110.18192484438062,2,1.3933018368142436,600.0
96.06863619669409,100.0,3.9313638033059135,153.06348410365723,3,1.1487930870638592,601.7482410130082
97.8549212895712,100.0,2.1450787104288054,153.06348410365723,3,1.4285714285714286,328.333221094813
98.12595722392294,100.0,1.8740427760770615,153.06348410365723,2,1.1965169304446388,286.84751666564495
96.75021147100428,100.0,3.2497885289957225,153.06348410365723,3,1.2190400310961829,497.4239548481844
94.82329857101718,100.0,5.176701428982824,184.97536908936826,2,1.204353593621917,957.562257491558
85.29097779951681,100.0,14.70902220048319,184.97536908936826,2,1.130836702054505,2720.8068104780896
97.50698341973371,100.0,2.4930165802662856,184.97536908936826,3,1.3776170738648723,461.14666208067086
98.6410145047826,100.0,1.3589854952173965,184.97536908936826,1,1.1723056481666088,251.37884356493583
92.97264815674852,100.0,7.0273518432514805,184.97536908936826,1,1.1103349087422292,1299.887000926295
99.09927777132066,100.0,0.9007222286793422,184.97536908936826,3,1.4077650374848079,166.61142669695968
99.99942438232998,100.0,0.0005756176700231208,632.9171339752422,3,1.3564719361846318,0.3643182859765403
92.44762485684691,100.0,7.5523751431530854,739.2433377124024,2,1.0974396484137494,5583.04300848067
96.1907295835206,100.0,3.809270416479393,152.12356090945852,2,1.3557486187586372,579.4797802219014
94.06195271479254,100.0,5.93804728520746,134.72384142061097,2,1.3341820539504954,799.9965408003793
89.45425677301769,100.0,10.54574322698231,134.72384142061097,3,1.4285714285714286,1420.7630381744468
93.63608426378433,100.0,6.363915736215674,117.3241219317634,3,1.1681648533912024,746.6408257992356
89.61153259366729,100.0,10.388467406332708,134.72384142061097,2,1.4160767456328698,1399.5742354539534
97.4688883685764,100.0,2.531111631423599,76.0381740289795,1,1.4225213948098714,192.4611067169618
89.52798460016294,100.0,10.472015399837062,134.72384142061097,3,1.2142904338295337,1410.8301420818443
96.82687619073847,100.0,3.1731238092615257,82.20426246291026,1,1.4285714285714286,260.8443024438441
97.25432369899764,100.0,2.745676301002362,1377.0563005768124,3,1.401474486700334,3780.9508496397393
92.0685038683154,100.0,7.931496131684597,134.72384142061097,1,1.291175447398171,1068.5616270732648
96.41768820439977,100.0,3.5823117956002335,147.86251083255326,2,1.2839312097146298,529.6896166825228
96.78436498252884,100.0,3.2156350174711577,147.86251083255326,1,1.1871198468584214,475.47186760436665
95.41891304842912,100.0,4.581086951570882,147.86251083255326,2,1.2938708302570898,677.3710190015179
96.1128429481622,100.0,3.8871570518378036,147.86251083255326,2,1.1567698932422696,574.764801685203
97.26423875326314,100.0,2.735761246736857,147.86251083255326,2,1.252087367958474,404.5165269809079
91.76721168183563,100.0,8.232788318164367,147.86251083255326,3,1.4285714285714286,1217.3207518766967
92.17521153580898,100.0,7.824788464191016,1289.0020307714267,1,1.2521729531573687,10086.168220699054
99.90401669133186,100.0,0.09598330866813853,101.6410747755773,3,1.279395266939712,9.755846653545586
90.84273689538972,100.0,9.15726310461028,101.6410747755773,3,1.2096121416898806,930.7540639553285
91.37304543564592,100.0,8.62695456435408,101.6410747755773,2,1.4285714285714286,876.8529339610209
91.26179352166996,100.0,8.738206478330042,101.6410747755773,2,1.2622185447852712,888.1606980683778
97.02131135985854,100.0,2.9786886401414563,101.6410747755773,2,1.1300400922773124,302.7571148057804
96.03318738173098,100.0,3.9668126182690173,101.6410747755773,2,1.3283996007883414,403.1910979541847
96.22782990101685,100.0,3.7721700989831533,101.6410747755773,1,1.168175571598376,383.4074230969435
97.77553640102104,100.0,2.224463598978957,97.30892069454445,2,1.4087018513958272,216.4601519409443
93.83406993194984,100.0,6.165930068050159,97.30892069454445,2,1.10260316577237,600.0
92.84052367347564,100.0,7.159476326524356,97.30892069454445,3,1.4285714285714286,696.680914072227
98.06440255045592,100.0,1.9355974495440762,99.5508861177311,2,1.2381946932740113,192.6904412693331
95.44302056473498,100.0,4.556979435265021,97.30892069454445,1,1.216703872624791,443.4347504728739
94.91385616856913,100.0,5.086143831430874,97.30892069454445,2,1.4134331055063047,494.92716673375344
87.78947060750433,100.0,12.210529392495673,97.30892069454445,3,1.4285714285714286,1188.1934362927655
99.08344260231742,100.0,0.9165573976825812,46.24796072333834,2,1.243626602920474,42.38891052870921
93.00789185953838,100.0,6.9921081404616245,97.30892069454445,2,1.1853873552930307,680.3944965278589
95.72568987548804,100.0,4.274310124511956,408.27076507277,2,1.3601227379574163,1745.0758646927832
97.72859774811428,100.0,2.2714022518857178,299.56445236458745,1,1.4285714285714286,680.4313716858358
99.198210689646,100.0,0.8017893103539961,408.27076507277,2,1.4285714285714286,327.34713516539466
93.9091299793755,100.0,6.090870020624493,408.27076507277,2,1.1849691454755529,2486.72416327916
99.89096654328976,100.0,0.10903345671023601,408.27076507277,2,1.0441026989107531,44.515172789616805
96.09403935310036,100.0,3.9059606468996435,408.27076507277,1,0.9990915516388782,1594.6895416538491
99.33441182654192,100.0,0.665588173458076,462.04200901040997,3,1.0668244103483118,307.52969683813865
99.3737773834705,100.0,0.6262226165295033,462.04200901040997,3,1.3130653282145535,289.34115582904724
95.40001077201258,100.0,4.599989227987422,462.04200901040997,1,1.1043458068256211,2125.388264325553
93.31807035978704,100.0,6.681929640212957,462.04200901040997,1,1.4285714285714286,3087.3321950302
95.523474095459,100.0,4.476525904541006,462.04200901040997,2,1.1356304042445466,2068.343022321269
99.3675977700293,100.0,0.632402229970694,462.04200901040997,2,1.3592679730624828,292.19639683832276
99.53352904091798,100.0,0.46647095908201663,2437.040301419756,2,0.9628123676702509,1136.8085267248005
99.61357000991704,100.0,0.3864299900829593,6425.154060594903,1,1.2244656118529618,2482.8722199171743
96.39768831923854,100.0,3.60231168076146,110.90147695785043,2,1.374617225709068,399.5016858589625
90.40950917779044,100.0,9.59049082220956,110.90147695785043,3,1.4163032489567926,1063.5995969337496
96.35701891475698,100.0,3.642981085243022,97.86228417064922,3,1.3858021142541013,356.5104501923527
93.84531055809413,100.0,6.154689441905873,110.90147695785043,3,1.2516375230394927,682.5641493242496
91.97599825156404,100.0,8.024001748435964,110.90147695785043,2,1.1181961597440175,889.8736450139227
96.85255078752844,100.0,3.1474492124715567,110.90147695785043,2,1.224977425277238,349.05676631291885
95.78635696342556,100.0,4.213643036574439,110.90147695785043,3,1.0409781116449954,467.29923612926706
93.34135827702836,100.0,6.6586417229716375,93.34400778452978,2,1.1759912672332102,621.5443048234594
88.7762958570016,100.0,11.2237041429984,150.14002521052464,2,1.3139956555995003,1685.1272229852498
94.70764704455657,100.0,5.292352955443434,88.163190799312,3,1.245063920109844,466.59072338806226
96.49213650544934,100.0,3.507863494550662,150.14002521052464,2,1.4093523003959023,526.6707135069155
95.1992341840979,100.0,4.800765815902096,150.14002521052464,2,1.4285714285714286,720.7871006293657
94.63339501224344,100.0,5.36660498775656,150.14002521052464,1,1.1384892792091879,805.7422081566972
94.83662234068936,100.0,5.16337765931064,2952.3588416390826,2,1.4285714285714286,15244.14368518748
96.40063395332548,100.0,3.5993660466745183,321.5547575558719,2,1.1974175593232774,1157.3932764932617
94.35097244854254,100.0,5.649027551457465,150.14002521052464,2,1.4285714285714286,848.145138990772
97.0058647983072,100.0,2.9941352016927993,150.14002521052464,3,0.9764444017653717,449.53953466587615
95.75604033167497,100.0,4.243959668325033,150.14002521052464,3,1.3255397935970665,637.1882115947702
98.244147908018,100.0,1.7558520919820069,186.90892701876905,2,1.1072607557179643,328.18443051601787
94.2866504372704,100.0,5.713349562729604,410.3681726766177,2,1.3233788109479219,2344.5768199201
93.06486107564456,100.0,6.935138924355442,410.3681726766177,2,1.2598821261195146,2845.960287646227
98.85968584515275,100.0,1.1403141548472462,103.54066324095625,2,1.4285714285714286,118.06888389593435
98.77543099296685,100.0,1.2245690070331534,410.3681726766177,1,1.2919293869649837,502.52414573261535
95.82392588412154,100.0,4.176074115878464,410.3681726766177,3,1.319131055643227,1713.7279038951672
95.61831787408067,100.0,4.381682125919326,166.96005835318647,2,1.4285714285714286,731.5659034286049
93.37914360466216,100.0,6.620856395337839,166.96005835318647,3,1.4285714285714286,1105.4185701136735
99.60578774718913,100.0,0.394212252810874,96.36009161051902,3,1.4285714285714286,37.98632879484491
91.7065709402493,100.0,8.293429059750693,166.96005835318647,1,1.426301474010279,1384.6713997639881
89.07750635476809,100.0,10.92249364523191,166.96005835318647,3,1.1021275567327342,1823.6201763702281
99.46417257541596,100.0,0.535827424584042,166.96005835318647,2,1.3500306908402349,89.46177807578927
99.10968748720326,100.0,0.89031251279674,166.96005835318647,3,1.4285714285714286,148.64662908911578
98.2136857764578,100.0,1.786314223542206,166.96005835318647,3,1.3241939154853881,298.2431269997337
99.0000333666663,100.0,0.999966633333699,639.1729887216812,1,1.196695570018246,639.1516616498579
93.76885277472304,100.0,6.231147225276956,166.96005835318647,2,1.0809604367574417,1040.3527043395366
94.45996682848282,100.0,5.54003317151718,785.0805193428295,2,1.2918575720258407,4349.372119471211
97.4334200864471,100.0,2.5665799135529,166.96005835318647,2,1.4285714285714286,428.51633213490845
98.5927011460494,100.0,1.407298853950607,184.09889607547703,2,1.2979102682878783,259.0821654605907
97.15261877570468,100.0,2.8473812242953187,184.09889607547703,1,1.21956490387333,524.1997400988084
96.69971450968632,100.0,3.3002854903136836,184.09889607547703,2,1.2982719215240675,607.5789155006636
94.0429205901761,100.0,5.957079409823905,184.09889607547703,1,1.4285714285714286,1096.691743182535
91.65702631131605,100.0,8.342973688683955,149.0412573309349,1,1.3092561852973377,1243.4472884403647
90.32070153346396,100.0,9.67929846653604,149.0412573309349,3,1.1891226911530624,1442.6148135339215
95.91547370162958,100.0,4.08452629837042,92.68952080891472,2,1.2347065507198192,378.5927853273645
99.59493990053022,100.0,0.40506009946977883,141.96820154477018,1,1.2437314259587993,57.50565383927022
95.12434205361184,100.0,4.875657946388159,149.0412573309349,2,1.2542970348450946,726.6741906452553
90.36994242948326,100.0,9.63005757051674,149.0412573309349,2,1.4070378977596338,1435.2758884791033
96.5280746386385,100.0,3.4719253613614995,149.0412573309349,1,1.237101018926991,517.4601212164785
98.86367273969586,100.0,1.1363272603041423,228.4516417188844,3,1.270407668052529,259.5958281464034
95.8996188491966,100.0,4.1003811508034005,149.0412573309349,2,1.4255611532309964,611.1259622518046
96.58352108506308,100.0,3.416478914936917,766.8943421391116,3,1.2487637030054626,2620.078349902693
96.65437868242392,100.0,3.345621317576075,149.0412573309349,2,1.3227413700402593,498.6356077247173
98.7780105023747,100.0,1.2219894976253016,84.1406664710648,2,1.3241973448601942,102.81901075083454
88.6672390326917,100.0,11.332760967308303,84.1406664710648,3,1.3255863177548217,953.5460607465897
88.21120028192189,100.0,11.78879971807811,84.1406664710648,3,1.1827635139216122,991.917465172993
96.75788177838494,100.0,3.2421182216150584,84.1406664710648,1,1.4131940763548767,272.79398794467437
98.14294278609631,100.0,1.857057213903687,84.1406664710648,2,1.2406460860137645,156.25403165275497
92.86908429461592,100.0,7.1309157053840835,84.1406664710648,3,1.318991716954257,600.0
94.94346128494146,100.0,5.056538715058537,84.1406664710648,2,1.1790822662559184,425.4605375217669
83.9971235925385,100.0,16.0028764074615,129.30914143525996,2,1.2239335323854994,2069.318208743424
88.92895730061774,100.0,11.07104269938226,121.65860317169475,1,1.4285714285714286,1346.8875904610347
96.44916152467928,100.0,3.5508384753207167,72.01436444793153,2,1.289435065986767,255.71137605748362
99.58400184347776,100.0,0.41599815652223526,191.39730862909389,2,1.4285714285714286,79.62092755302037
94.46017413484856,100.0,5.5398258651514425,129.30914143525996,3,1.3216471326526718,716.3501263235793
91.76317551763027,100.0,8.236824482369727,129.30914143525996,2,1.4053984008636025,1065.0967019681589
95.74177016070276,100.0,4.258229839297243,110.9722038436049,2,1.051222418433605,472.5451497394146
98.07754822200458,100.0,1.9224517779954198,129.30914143525996,3,1.3422268083183444,248.5905888632767
98.8187977669254,100.0,1.1812022330746004,578.0812104600592,1,1.0202438909066556,682.8308166938899
95.15055424899482,100.0,4.849445751005177,129.30914143525996,3,1.1789448364045267,627.077666499349
93.54835746632097,100.0,6.451642533679035,128.1357940706453,1,1.2413003423945885,826.6863391129131
95.70900111347304,100.0,4.290998886526964,241.8898798768999,2,1.2443757911104796,1037.9492052139185
94.69817095650971,100.0,5.301829043490287,128.1357940706453,3,1.3701816995555394,679.3540745144377
91.9184318922538,100.0,8.081568107746193,128.1357940706453,2,1.0987532800728026,1035.5381468220608
90.8198515751458,100.0,9.180148424854195,128.1357940706453,3,1.1612007165772162,1176.3056081050759
95.89678484868388,100.0,4.103215151316121,128.1357940706453,2,1.4285714285714286,525.7687316565941
94.8649180169472,100.0,5.1350819830528,128.1357940706453,2,1.2121932425614166,657.9878075163343
98.61555307016997,100.0,1.384446929830034,159.97290898362527,1,1.4285714285714286,221.47400269835947
99.3495432273972,100.0,0.6504567726027943,48.05528507484782,1,1.2866023577023051,31.257885636292748
98.2502624733792,100.0,1.7497375266208053,197.15470532703793,2,1.4285714285714286,344.96898646058503
91.33612579660613,100.0,8.663874203393874,197.15470532703793,2,1.2976462053125783,1708.1235655606447
95.14428567902524,100.0,4.855714320974755,197.15470532703793,3,1.3201189389865333,957.3269261040559
93.65702439476875,100.0,6.342975605231246,197.15470532703793,1,1.0613509453970076,1250.5474863459563
96.01757613717014,100.0,3.9824238628298616,243.64739659772994,1,1.3693863965960296,970.3072063271709
99.26395293758556,100.0,0.7360470624144426,197.15470532703793,2,1.2702749459951677,145.11514169715133
92.74988682141056,100.0,7.250113178589444,197.15470532703793,3,1.2012783078583937,1429.3939273124763
93.15664375760323,100.0,6.843356242396766,1358.429071816122,3,1.3155963030642615,9296.214068466103
91.62117239116344,100.0,8.37882760883656,140.17364711785018,3,1.2103174466777684,1174.4908245023562
92.76514408998538,100.0,7.234855910014616,505.56521091966147,2,1.3770292695262836,3657.691454119899
98.20165911417492,100.0,1.798340885825084,140.17364711785018,1,1.286054347925514,252.08000072724744
94.86812783733392,100.0,5.131872162666085,140.17364711785018,2,1.4285714285714286,719.3532375834744
98.41029591699584,100.0,1.5897040830041647,135.1181800202062,2,1.1395507244037797,214.79792246621355
95.31036380492785,100.0,4.689636195072154,140.17364711785018,2,1.1660033879570322,657.3634091191417
95.81800844093068,100.0,4.181991559069317,140.17364711785018,3,1.3046032635607596,586.2050090508105
96.61755083781478,100.0,3.3824491621852246,708.6246609910476,2,1.3489891903332372,2396.886890872958
96.5020512229434,100.0,3.4979487770566067,140.17364711785018,3,1.1443104395941044,490.3202375114484
95.16073764696426,100.0,4.8392623530357355,158.97856038117402,2,1.2039661984781482,769.338962192434
96.69182577156188,100.0,3.3081742284381193,363.0774721199582,1,1.3235800139804526,1201.1235361937054
96.28505273583733,100.0,3.7149472641626744,158.97856038117402,1,1.2930514394500587,590.596967948563
92.73995211594638,100.0,7.26004788405362,220.2770673568455,2,1.292845840696322,1599.222056769603
99.83134899446628,100.0,0.16865100553371803,66.72884905529438,2,1.1266684568998577,11.253887491283088
99.99209147321989,100.0,0.007908526780113334,3218.6786747603774,3,1.2318533059341679,25.45500649592214
95.43986714312652,100.0,4.56013285687348,220.2770673568455,1,1.301170887382952,1004.4926924696838
93.75745058163238,100.0,6.2425494183676165,220.2770673568455,2,1.4134150746025897,1375.0904787082002
96.43714884215112,100.0,3.5628511578488826,220.2770673568455,3,1.4054192243531116,784.8144044798933
97.1833698126666,100.0,2.816630187333402,804.0513784885021,3,1.4285714285714286,2264.71538481775
96.9256007121364,100.0,3.0743992878635993,220.2770673568455,1,1.2518239890106886,677.2196590145679
96.86153028972,100.0,3.138469710280006,220.2770673568455,3,1.4285714285714286,691.3329037687682
97.10341243169736,100.0,2.8965875683026354,220.2770673568455,2,1.1361072894303912,638.0518148880009
92.60092619295597,100.0,7.399073807044033,220.2770673568455,1,1.1353437838651665,1629.8462793725096
94.64179137330018,100.0,5.35820862669982,196.81807291614868,2,1.1910254398078648,1054.5922961897422
98.07983980753296,100.0,1.920160192467037,174.51761121971884,3,1.4285714285714286,335.1017699485429
97.60337650225154,100.0,2.3966234977484646,196.81807291614868,3,1.3579030767555713,471.6988183324126
95.51542766567636,100.0,4.484572334323644,196.81807291614868,2,1.3259349944892325,882.6448846946541
96.62471303576235,100.0,3.3752869642376453,498.8636002097579,1,1.3175764128121792,1683.8078067206561
99.49564197302908,100.0,0.5043580269709196,196.76753055867383,1,1.345013327131932,99.24128348451286
96.60236168475612,100.0,3.3976383152438814,196.81807291614868,2,1.035515909100972,668.7166256723708
99.14578451799572,100.0,0.8542154820042782,196.81807291614868,3,1.1918847158313088,168.12504502322113
95.80208933362536,100.0,4.197910666374639,196.81807291614868,3,1.4285714285714286,826.224687630002
96.50806188048163,100.0,3.491938119518366,181.3464311757726,2,1.4026438587364873,633.2505158612942
97.09940064416148,100.0,2.900599355838523,734.5287555976871,2,1.034179348148643,2130.573635331523
96.30753204704742,100.0,3.6924679529525832,181.3464311757726,2,1.1438233958923125,669.6158854988616
93.39446676922724,100.0,6.605533230772764,181.3464311757726,3,1.125639374796228,1197.8898774136119
99.51809976157472,100.0,0.4819002384252826,85.53674956306273,2,1.2471325278155594,41.22018000856362
95.18314549889584,100.0,4.81685450110416,181.3464311757726,3,1.2465169343821627,873.5193732681961
95.38326238479608,100.0,4.616737615203917,225.13717747161783,3,0.9020688513625917,1039.399275814058
91.70759665420304,100.0,8.292403345796956,225.13717747161783,3,1.3024794972322196,1866.9282837289268
99.76834703948424,100.0,0.2316529605157598,58.64749217326416,2,1.1255780836462261,13.585865188761494
93.1177715006492,100.0,6.882228499350802,225.13717747161783,3,1.1045544138903045,1549.4454990585675
95.77109048070162,100.0,4.228909519298384,225.13717747161783,2,1.422287490716365,952.0847529576943
95.91757347889532,100.0,4.082426521104679,225.13717747161783,2,1.4285714285714286,919.1059841967835
96.38056126601504,100.0,3.619438733984964,1295.9305119745143,3,1.4285714285714286,4690.541091593523
96.12710857667857,100.0,3.872891423321434,225.13717747161783,1,1.2493050594955661,871.9318437006243
96.17867321670818,100.0,3.8213267832918234,10566.95656352711,2,1.2973364557304914,40379.794134087475
98.40933633206716,100.0,1.5906636679328443,132.1199758055168,1,1.3615258419151492,210.15844532200197
97.04810867817764,100.0,2.951891321822359,132.1199758055168,3,1.4285714285714286,390.00381001968503
97.48929813417875,100.0,2.5107018658212468,1245.095816801171,3,1.3079122525804021,3126.0643903689293
89.73156685042773,100.0,10.268433149572274,132.1199758055168,2,1.103508997393787,1356.6651392820554
94.64691147140572,100.0,5.353088528594284,132.1199758055168,1,1.4285714285714286,707.2499268826663
96.75963342615329,100.0,3.240366573846714,132.1199758055168,2,1.1535415173613033,428.11715333763317
96.36389421530816,100.0,3.6361057846918357,132.1199758055168,1,1.3245254063979286,480.40220829978495
99.87651845369626,100.0,0.12348154630373642,132.1199758055168,1,1.1049710223564464,16.31437891007746
98.97232765208032,100.0,1.027672347919676,155.13167738536745,3,1.4285714285714286,159.4245351353383
89.86730739683978,100.0,10.132692603160223,155.13167738536745,3,1.1845074803874343,1571.9015999585508
97.1084974912568,100.0,2.8915025087432014,155.13167738536745,1,1.210963472550123,448.56363434533097
99.78740536881337,100.0,0.2125946311866329,193.60905518495616,3,1.234906721669675,41.16024568143821
97.1602330572712,100.0,2.839766942728801,155.13167738536745,2,1.0224799410042498,440.5378092090356
94.45669204917228,100.0,5.5433079508277245,198.23724014830577,2,1.4285714285714286,1098.8900694642484
96.98567651846668,100.0,3.0143234815333244,198.23724014830577,2,1.2808731672715472,597.5511678933988
98.64662975525148,100.0,1.3533702447485183,275.82083937237377,2,1.0907750379243961,373.28771688813123
98.51505233105476,100.0,1.4849476689452388,198.23724014830577,2,0.9429121916372419,294.37192765636416
99.58650086491542,100.0,0.41349913508457803,551.1787633610596,2,1.4060944711865222,227.91194192678546
98.2213996725302,100.0,1.7786003274698032,198.23724014830577,2,1.1477368291331673,352.58482024448665
92.4638633329814,100.0,7.536136667018596,198.23724014830577,3,1.4285714285714286,1493.942934250218
96.95249199507184,100.0,3.0475080049281615,198.23724014830577,2,1.4285714285714286,604.1295762268281
96.4955038835388,100.0,3.5044961164611976,198.23724014830577,3,1.2699143275663238,694.7216382377234
96.5711722106878,100.0,3.4288277893121943,299.0476282320478,2,1.2210386040621903,1025.3828180099474
99.43251866813424,100.0,0.5674813318657641,299.0476282320478,2,0.8967389810088164,169.7039463604204
95.268275690466,100.0,4.731724309534002,98.69024217949836,3,1.1613820023852004,466.97501803453025
93.8881752980054,100.0,6.111824701994607,98.69024217949836,2,1.4285714285714286,603.1774599984881
92.33053110566784,100.0,7.669468894332155,98.69024217949836,2,1.3221489352267206,756.9017425697699
96.99131076756234,100.0,3.0086892324376606,124.17748543332897,2,1.3780092823163321,373.61146333444134
94.73605445574992,100.0,5.2639455442500775,98.69024217949836,2,1.3549538480099954,519.5000605817314
99.83650518844456,100.0,0.163494811555438,92.7028685383879,3,1.125777175617894,15.15643802233227
99.60336503843148,100.0,0.3966349615685232,98.69024217949836,2,1.206555700102341,39.14400041405358
96.692093659758,100.0,3.307906340241999,98.69024217949836,3,1.076971897981366,326.458077825581
92.77258270060427,100.0,7.227417299395725,98.69024217949836,2,1.4101537309875758,713.27556360966
99.80008165849284,100.0,0.19991834150715704,74.32313080330792,2,1.2435850577791956,14.858557045816815
90.86811594572916,100.0,9.131884054270841,98.69024217949836,3,1.3508914102879575,901.2278488710887
96.60000041115536,100.0,3.3999995888446364,104.6776158206088,3,1.4285714285714286,355.9038507513067
87.1747249111093,100.0,12.825275088890706,98.69024217949836,3,1.2424886714121404,1265.7295045413111
96.19473475900632,100.0,3.805265240993677,147.91659445078585,3,1.2066072916622292,562.8618754297336
96.8454938249828,100.0,3.154506175017204,922.0002169308109,3,1.4285714285714286,2908.4553776754447
94.1335836087501,100.0,5.866416391249899,126.79898810869828,3,1.1728145368002865,743.8556622347687
92.84766472077068,100.0,7.1523352792293196,126.79898810869828,3,1.4285714285714286,906.9088760204216
98.75383997671622,100.0,1.2461600232837782,82.1710988631247,1,1.1555164544267664,102.39833847252511
97.01395731595548,100.0,2.98604268404452,126.79898810869828,2,1.3758712539014524,378.6271907862266
97.3188225362399,100.0,2.6811774637600934,1968.0828119397313,3,1.4285714285714286,5276.779282186401
92.15817811327489,100.0,7.841821886725114,126.79898810869828,3,1.125549619803079,994.3350801653877
92.08867084330552,100.0,7.911329156694478,126.79898810869828,3,1.2592252078790587,1003.1485316637012
95.45939859135883,100.0,4.540601408641166,142.93462303914504,3,1.1471278572275867,649.009150715136
85.93216093375253,100.0,14.067839066247473,126.79898810869828,1,1.2345458383606165,1783.7877584761943
90.98502608236844,100.0,9.014973917631565,95.68292876327618,2,1.1511260382510875,862.5791071635338
96.92700354582192,100.0,3.0729964541780816,126.79898810869828,2,1.339701403507774,389.65284085139854
99.72205466953052,100.0,0.27794533046947834,88.99761582722009,1,1.4207031677503046,24.736471742092363
93.06713034061048,100.0,6.9328696593895245,88.99761582722009,2,1.0667004173828898,617.0088705265391
98.10241279587076,100.0,1.8975872041292376,88.85716381742434,2,1.0652878999858713,168.6142170551599
90.10650455962252,100.0,9.893495440377478,88.99761582722009,2,1.3994401652383517,880.4975063910684
93.5329365353564,100.0,6.467063464643601,149.74007380330693,2,1.2216051831628607,968.3785604864026
93.52300658903336,100.0,6.476993410966642,88.99761582722009,1,1.3158884648802422,576.4369713046451
93.57673650429618,100.0,6.4232634957038215,88.99761582722009,2,1.1948326042762996,571.6551369476555
96.22390248415071,100.0,3.776097515849287,88.99761582722009,3,0.9869082062621536,336.06367604167497
86.94416561054533,100.0,13.055834389454674,228.9003487653645,3,1.1470157717383995,2988.4850451690145
91.05385076695067,100.0,8.946149233049326,133.75703356023635,3,1.3088078461602743,1196.6103831998614
99.60973160516,100.0,0.39026839484000675,52.10285116330382,2,1.0613947282956744,20.33409609009036
98.56203864475944,100.0,1.4379613552405601,228.9003487653645,2,1.4285714285714286,329.1498557256804
95.20533471795116,100.0,4.79466528204884,228.9003487653645,2,1.1155334729835429,1097.500555274164
99.51767117955596,100.0,0.4823288204440388,122.37511927971121,1,1.2564825925312744,59.02504693388166
97.8379723224189,100.0,2.1620276775810936,228.9003487653645,2,1.2764731140774626,494.88888943868335
99.30326402778412,100.0,0.6967359722158761,409.47478089385123,2,1.4285714285714286,285.2958095639603
97.78001521585,100.0,2.2199847841500002,228.9003487653645,2,1.0958791164011397,508.15529134573745
96.98397696087002,100.0,3.0160230391299763,228.9003487653645,2,1.4285714285714286,690.3687255412261
98.36395626672234,100.0,1.6360437332776598,407.2454182817534,1,1.3380720229333103,666.271314485902
98.06657407907066,100.0,1.9334259209293378,228.9003487653645,1,1.3005408821954885,442.56186761272147
94.89981087063695,100.0,5.100189129363045,101.21895451550557,1,1.270799281324809,516.235811505474
97.30318937073004,100.0,2.6968106292699616,101.21895451550557,2,1.3778133425134445,272.9683524210082
96.93240145637893,100.0,3.0675985436210738,101.21895451550557,3,1.3160325680852052,310.4991174586126
95.45801229797422,100.0,4.541987702025779,101.21895451550557,2,1.346169151088315,459.735246621333
93.52269511434946,100.0,6.47730488565054,101.21895451550557,1,1.4148760474216378,655.626028603724
93.2868229026876,100.0,6.713177097312396,101.21895451550557,1,1.331892788760351,679.5007672673971
96.32171858300605,100.0,3.678281416993954,165.1954379265571,2,1.193692668980051,607.6353094974332
88.96959188317099,100.0,11.030408116829008,101.21895451550557,3,1.3629218344764698,1116.4863774647788
94.07225649709623,100.0,5.927743502903766,101.21895451550557,2,1.184825676451418,600.0
99.6370463532663,100.0,0.36295364673370045,101.21895451550557,1,0.92016282393044,36.7377886599753
